poll_info,poll_id,pollster,start_date,end_date,sample_subpopulation,sample_size,mode,partisanship,partisan_affiliation,year,state,candidate,pct
2012-washington-dc-president-romney-vs-obama,15956,PPP (D)/Washington City Paper/Kojo Nnamdi Show,2012-10-12,2012-10-14,Likely Voters,1222,Automated Phone,Pollster,Dem,2012,washington-dc,Obama,88
2012-washington-dc-president-romney-vs-obama,15956,PPP (D)/Washington City Paper/Kojo Nnamdi Show,2012-10-12,2012-10-14,Likely Voters,1222,Automated Phone,Pollster,Dem,2012,washington-dc,Romney,8
2012-washington-dc-president-romney-vs-obama,15956,PPP (D)/Washington City Paper/Kojo Nnamdi Show,2012-10-12,2012-10-14,Likely Voters,1222,Automated Phone,Pollster,Dem,2012,washington-dc,Other,NA
2012-washington-dc-president-romney-vs-obama,15956,PPP (D)/Washington City Paper/Kojo Nnamdi Show,2012-10-12,2012-10-14,Likely Voters,1222,Automated Phone,Pollster,Dem,2012,washington-dc,Undecided,NA
2012-idaho-president-romney-vs-obama,15826,Mason-Dixon/Idaho Statesman,2012-10-08,2012-10-10,Likely Voters,625,Live Phone,Nonpartisan,None,2012,idaho,Obama,27
2012-idaho-president-romney-vs-obama,15826,Mason-Dixon/Idaho Statesman,2012-10-08,2012-10-10,Likely Voters,625,Live Phone,Nonpartisan,None,2012,idaho,Romney,63
2012-idaho-president-romney-vs-obama,15826,Mason-Dixon/Idaho Statesman,2012-10-08,2012-10-10,Likely Voters,625,Live Phone,Nonpartisan,None,2012,idaho,Other,4
2012-idaho-president-romney-vs-obama,15826,Mason-Dixon/Idaho Statesman,2012-10-08,2012-10-10,Likely Voters,625,Live Phone,Nonpartisan,None,2012,idaho,Undecided,6
2012-rhode-island-president-romney-vs-obama,16411,Fleming and Associates/WPRI,2012-10-24,2012-10-27,Likely Voters,601,Live Phone,Nonpartisan,None,2012,rhode-island,Obama,54
2012-rhode-island-president-romney-vs-obama,16411,Fleming and Associates/WPRI,2012-10-24,2012-10-27,Likely Voters,601,Live Phone,Nonpartisan,None,2012,rhode-island,Romney,33
2012-rhode-island-president-romney-vs-obama,16411,Fleming and Associates/WPRI,2012-10-24,2012-10-27,Likely Voters,601,Live Phone,Nonpartisan,None,2012,rhode-island,Other,NA
2012-rhode-island-president-romney-vs-obama,16411,Fleming and Associates/WPRI,2012-10-24,2012-10-27,Likely Voters,601,Live Phone,Nonpartisan,None,2012,rhode-island,Undecided,8
2012-rhode-island-president-romney-vs-obama,15672,Brown University,2012-09-26,2012-10-05,Likely Voters,471,Live Phone,Nonpartisan,None,2012,rhode-island,Obama,58
2012-rhode-island-president-romney-vs-obama,15672,Brown University,2012-09-26,2012-10-05,Likely Voters,471,Live Phone,Nonpartisan,None,2012,rhode-island,Romney,32
2012-rhode-island-president-romney-vs-obama,15672,Brown University,2012-09-26,2012-10-05,Likely Voters,471,Live Phone,Nonpartisan,None,2012,rhode-island,Other,NA
2012-rhode-island-president-romney-vs-obama,15672,Brown University,2012-09-26,2012-10-05,Likely Voters,471,Live Phone,Nonpartisan,None,2012,rhode-island,Undecided,10
2012-rhode-island-president-romney-vs-obama,15495,Fleming and Associates/WPRI,2012-09-26,2012-09-29,Likely Voters,501,Live Phone,Nonpartisan,None,2012,rhode-island,Obama,57
2012-rhode-island-president-romney-vs-obama,15495,Fleming and Associates/WPRI,2012-09-26,2012-09-29,Likely Voters,501,Live Phone,Nonpartisan,None,2012,rhode-island,Romney,33
2012-rhode-island-president-romney-vs-obama,15495,Fleming and Associates/WPRI,2012-09-26,2012-09-29,Likely Voters,501,Live Phone,Nonpartisan,None,2012,rhode-island,Other,NA
2012-rhode-island-president-romney-vs-obama,15495,Fleming and Associates/WPRI,2012-09-26,2012-09-29,Likely Voters,501,Live Phone,Nonpartisan,None,2012,rhode-island,Undecided,7
2012-rhode-island-president-romney-vs-obama,15018,PPP (D),2011-02-16,2011-02-22,Likely Voters,544,Automated Phone,Pollster,Dem,2012,rhode-island,Obama,54
2012-rhode-island-president-romney-vs-obama,15018,PPP (D),2011-02-16,2011-02-22,Likely Voters,544,Automated Phone,Pollster,Dem,2012,rhode-island,Romney,37
2012-rhode-island-president-romney-vs-obama,15018,PPP (D),2011-02-16,2011-02-22,Likely Voters,544,Automated Phone,Pollster,Dem,2012,rhode-island,Other,NA
2012-rhode-island-president-romney-vs-obama,15018,PPP (D),2011-02-16,2011-02-22,Likely Voters,544,Automated Phone,Pollster,Dem,2012,rhode-island,Undecided,10
2012-kentucky-president-romney-vs-obama,15085,SurveyUSA/The Courier-Journal,2012-09-11,2012-09-13,Likely Voters,606,IVR/Online,Nonpartisan,None,2012,kentucky,Obama,39
2012-kentucky-president-romney-vs-obama,15085,SurveyUSA/The Courier-Journal,2012-09-11,2012-09-13,Likely Voters,606,IVR/Online,Nonpartisan,None,2012,kentucky,Romney,53
2012-kentucky-president-romney-vs-obama,15085,SurveyUSA/The Courier-Journal,2012-09-11,2012-09-13,Likely Voters,606,IVR/Online,Nonpartisan,None,2012,kentucky,Other,3
2012-kentucky-president-romney-vs-obama,15085,SurveyUSA/The Courier-Journal,2012-09-11,2012-09-13,Likely Voters,606,IVR/Online,Nonpartisan,None,2012,kentucky,Undecided,5
2012-kentucky-president-romney-vs-obama,14974,PPP (D),2011-08-25,2011-08-28,Likely Voters,600,Automated Phone,Pollster,Dem,2012,kentucky,Obama,40
2012-kentucky-president-romney-vs-obama,14974,PPP (D),2011-08-25,2011-08-28,Likely Voters,600,Automated Phone,Pollster,Dem,2012,kentucky,Romney,48
2012-kentucky-president-romney-vs-obama,14974,PPP (D),2011-08-25,2011-08-28,Likely Voters,600,Automated Phone,Pollster,Dem,2012,kentucky,Other,NA
2012-kentucky-president-romney-vs-obama,14974,PPP (D),2011-08-25,2011-08-28,Likely Voters,600,Automated Phone,Pollster,Dem,2012,kentucky,Undecided,11
2012-mississippi-president-romney-vs-obama,12585,PPP (D),2011-11-04,2011-11-06,Likely Voters,796,Automated Phone,Pollster,Dem,2012,mississippi,Obama,36
2012-mississippi-president-romney-vs-obama,12585,PPP (D),2011-11-04,2011-11-06,Likely Voters,796,Automated Phone,Pollster,Dem,2012,mississippi,Romney,54
2012-mississippi-president-romney-vs-obama,12585,PPP (D),2011-11-04,2011-11-06,Likely Voters,796,Automated Phone,Pollster,Dem,2012,mississippi,Other,NA
2012-mississippi-president-romney-vs-obama,12585,PPP (D),2011-11-04,2011-11-06,Likely Voters,796,Automated Phone,Pollster,Dem,2012,mississippi,Undecided,10
2012-mississippi-president-romney-vs-obama,15016,PPP (D),2011-03-24,2011-03-27,Likely Voters,817,Automated Phone,Pollster,Dem,2012,mississippi,Obama,40
2012-mississippi-president-romney-vs-obama,15016,PPP (D),2011-03-24,2011-03-27,Likely Voters,817,Automated Phone,Pollster,Dem,2012,mississippi,Romney,46
2012-mississippi-president-romney-vs-obama,15016,PPP (D),2011-03-24,2011-03-27,Likely Voters,817,Automated Phone,Pollster,Dem,2012,mississippi,Other,NA
2012-mississippi-president-romney-vs-obama,15016,PPP (D),2011-03-24,2011-03-27,Likely Voters,817,Automated Phone,Pollster,Dem,2012,mississippi,Undecided,13
2012-louisiana-president-romney-vs-obama,15650,Magellan (R),2012-10-02,2012-10-04,Likely Voters,2682,Automated Phone,Pollster,Rep,2012,louisiana,Obama,36
2012-louisiana-president-romney-vs-obama,15650,Magellan (R),2012-10-02,2012-10-04,Likely Voters,2682,Automated Phone,Pollster,Rep,2012,louisiana,Romney,59
2012-louisiana-president-romney-vs-obama,15650,Magellan (R),2012-10-02,2012-10-04,Likely Voters,2682,Automated Phone,Pollster,Rep,2012,louisiana,Other,NA
2012-louisiana-president-romney-vs-obama,15650,Magellan (R),2012-10-02,2012-10-04,Likely Voters,2682,Automated Phone,Pollster,Rep,2012,louisiana,Undecided,5
2012-louisiana-president-romney-vs-obama,15507,JZ Analytics,2012-09-29,2012-09-30,Likely Voters,412,Internet,Nonpartisan,None,2012,louisiana,Obama,37
2012-louisiana-president-romney-vs-obama,15507,JZ Analytics,2012-09-29,2012-09-30,Likely Voters,412,Internet,Nonpartisan,None,2012,louisiana,Romney,50
2012-louisiana-president-romney-vs-obama,15507,JZ Analytics,2012-09-29,2012-09-30,Likely Voters,412,Internet,Nonpartisan,None,2012,louisiana,Other,NA
2012-louisiana-president-romney-vs-obama,15507,JZ Analytics,2012-09-29,2012-09-30,Likely Voters,412,Internet,Nonpartisan,None,2012,louisiana,Undecided,10
2012-louisiana-president-romney-vs-obama,15469,Southern Media/Opinion Research,2012-09-11,2012-09-20,Likely Voters,600,Live Phone,Nonpartisan,None,2012,louisiana,Obama,39
2012-louisiana-president-romney-vs-obama,15469,Southern Media/Opinion Research,2012-09-11,2012-09-20,Likely Voters,600,Live Phone,Nonpartisan,None,2012,louisiana,Romney,45
2012-louisiana-president-romney-vs-obama,15469,Southern Media/Opinion Research,2012-09-11,2012-09-20,Likely Voters,600,Live Phone,Nonpartisan,None,2012,louisiana,Other,NA
2012-louisiana-president-romney-vs-obama,15469,Southern Media/Opinion Research,2012-09-11,2012-09-20,Likely Voters,600,Live Phone,Nonpartisan,None,2012,louisiana,Undecided,17
2012-kansas-president-romney-vs-obama,14973,SurveyUSA,2011-11-18,2011-11-21,Registered Voters,510,IVR/Online,Nonpartisan,None,2012,kansas,Obama,39
2012-kansas-president-romney-vs-obama,14973,SurveyUSA,2011-11-18,2011-11-21,Registered Voters,510,IVR/Online,Nonpartisan,None,2012,kansas,Romney,48
2012-kansas-president-romney-vs-obama,14973,SurveyUSA,2011-11-18,2011-11-21,Registered Voters,510,IVR/Online,Nonpartisan,None,2012,kansas,Other,NA
2012-kansas-president-romney-vs-obama,14973,SurveyUSA,2011-11-18,2011-11-21,Registered Voters,510,IVR/Online,Nonpartisan,None,2012,kansas,Undecided,13
2012-kansas-president-romney-vs-obama,12571,SurveyUSA,2011-11-10,2011-11-10,Likely Voters,800,Automated Phone,Nonpartisan,None,2012,kansas,Obama,31
2012-kansas-president-romney-vs-obama,12571,SurveyUSA,2011-11-10,2011-11-10,Likely Voters,800,Automated Phone,Nonpartisan,None,2012,kansas,Romney,56
2012-kansas-president-romney-vs-obama,12571,SurveyUSA,2011-11-10,2011-11-10,Likely Voters,800,Automated Phone,Nonpartisan,None,2012,kansas,Other,NA
2012-kansas-president-romney-vs-obama,12571,SurveyUSA,2011-11-10,2011-11-10,Likely Voters,800,Automated Phone,Nonpartisan,None,2012,kansas,Undecided,12
2012-hawaii-president-romney-vs-obama,16453,Honolulu Civil Beat/Merriman,2012-10-24,2012-10-26,Likely Voters,1218,Automated Phone,Nonpartisan,None,2012,hawaii,Obama,61
2012-hawaii-president-romney-vs-obama,16453,Honolulu Civil Beat/Merriman,2012-10-24,2012-10-26,Likely Voters,1218,Automated Phone,Nonpartisan,None,2012,hawaii,Romney,34
2012-hawaii-president-romney-vs-obama,16453,Honolulu Civil Beat/Merriman,2012-10-24,2012-10-26,Likely Voters,1218,Automated Phone,Nonpartisan,None,2012,hawaii,Other,NA
2012-hawaii-president-romney-vs-obama,16453,Honolulu Civil Beat/Merriman,2012-10-24,2012-10-26,Likely Voters,1218,Automated Phone,Nonpartisan,None,2012,hawaii,Undecided,5
2012-hawaii-president-romney-vs-obama,15516,Honolulu Civil Beat/Merriman,2012-09-26,2012-09-28,Likely Voters,1684,Automated Phone,Nonpartisan,None,2012,hawaii,Obama,62
2012-hawaii-president-romney-vs-obama,15516,Honolulu Civil Beat/Merriman,2012-09-26,2012-09-28,Likely Voters,1684,Automated Phone,Nonpartisan,None,2012,hawaii,Romney,30
2012-hawaii-president-romney-vs-obama,15516,Honolulu Civil Beat/Merriman,2012-09-26,2012-09-28,Likely Voters,1684,Automated Phone,Nonpartisan,None,2012,hawaii,Other,3
2012-hawaii-president-romney-vs-obama,15516,Honolulu Civil Beat/Merriman,2012-09-26,2012-09-28,Likely Voters,1684,Automated Phone,Nonpartisan,None,2012,hawaii,Undecided,6
2012-hawaii-president-romney-vs-obama,12582,DailyKos.com/PPP (D),2011-10-13,2011-10-16,Likely Voters,568,Automated Phone,Sponsor,Dem,2012,hawaii,Obama,59
2012-hawaii-president-romney-vs-obama,12582,DailyKos.com/PPP (D),2011-10-13,2011-10-16,Likely Voters,568,Automated Phone,Sponsor,Dem,2012,hawaii,Romney,32
2012-hawaii-president-romney-vs-obama,12582,DailyKos.com/PPP (D),2011-10-13,2011-10-16,Likely Voters,568,Automated Phone,Sponsor,Dem,2012,hawaii,Other,NA
2012-hawaii-president-romney-vs-obama,12582,DailyKos.com/PPP (D),2011-10-13,2011-10-16,Likely Voters,568,Automated Phone,Sponsor,Dem,2012,hawaii,Undecided,10
2012-west-virginia-president-romney-vs-obama,14852,R.L. Repass & Partners,2012-08-22,2012-08-25,Likely Voters,401,Mixed,Nonpartisan,None,2012,west-virginia,Obama,38
2012-west-virginia-president-romney-vs-obama,14852,R.L. Repass & Partners,2012-08-22,2012-08-25,Likely Voters,401,Mixed,Nonpartisan,None,2012,west-virginia,Romney,52
2012-west-virginia-president-romney-vs-obama,14852,R.L. Repass & Partners,2012-08-22,2012-08-25,Likely Voters,401,Mixed,Nonpartisan,None,2012,west-virginia,Other,NA
2012-west-virginia-president-romney-vs-obama,14852,R.L. Repass & Partners,2012-08-22,2012-08-25,Likely Voters,401,Mixed,Nonpartisan,None,2012,west-virginia,Undecided,10
2012-west-virginia-president-romney-vs-obama,14877,R.L. Repass & Partners,2012-04-25,2012-04-28,Likely Voters,410,Live Phone/Online,Nonpartisan,None,2012,west-virginia,Obama,37
2012-west-virginia-president-romney-vs-obama,14877,R.L. Repass & Partners,2012-04-25,2012-04-28,Likely Voters,410,Live Phone/Online,Nonpartisan,None,2012,west-virginia,Romney,54
2012-west-virginia-president-romney-vs-obama,14877,R.L. Repass & Partners,2012-04-25,2012-04-28,Likely Voters,410,Live Phone/Online,Nonpartisan,None,2012,west-virginia,Other,NA
2012-west-virginia-president-romney-vs-obama,14877,R.L. Repass & Partners,2012-04-25,2012-04-28,Likely Voters,410,Live Phone/Online,Nonpartisan,None,2012,west-virginia,Undecided,10
2012-alabama-president-romney-vs-obama,14263,Capital Survey Research Center,2012-06-07,2012-06-27,Likely Voters,551,Live Phone,Nonpartisan,None,2012,alabama,Obama,36
2012-alabama-president-romney-vs-obama,14263,Capital Survey Research Center,2012-06-07,2012-06-27,Likely Voters,551,Live Phone,Nonpartisan,None,2012,alabama,Romney,51
2012-alabama-president-romney-vs-obama,14263,Capital Survey Research Center,2012-06-07,2012-06-27,Likely Voters,551,Live Phone,Nonpartisan,None,2012,alabama,Other,NA
2012-alabama-president-romney-vs-obama,14263,Capital Survey Research Center,2012-06-07,2012-06-27,Likely Voters,551,Live Phone,Nonpartisan,None,2012,alabama,Undecided,NA
2012-utah-president-romney-vs-obama,16509,Dan Jones & Associates,2012-10-26,2012-11-01,Registered Voters,870,Live Phone,Nonpartisan,None,2012,utah,Obama,26
2012-utah-president-romney-vs-obama,16509,Dan Jones & Associates,2012-10-26,2012-11-01,Registered Voters,870,Live Phone,Nonpartisan,None,2012,utah,Romney,69
2012-utah-president-romney-vs-obama,16509,Dan Jones & Associates,2012-10-26,2012-11-01,Registered Voters,870,Live Phone,Nonpartisan,None,2012,utah,Other,NA
2012-utah-president-romney-vs-obama,16509,Dan Jones & Associates,2012-10-26,2012-11-01,Registered Voters,870,Live Phone,Nonpartisan,None,2012,utah,Undecided,NA
2012-utah-president-romney-vs-obama,16630,Mason-Dixon/The Salt Lake Tribune,2012-10-29,2012-10-31,Registered Voters,625,Live Phone,Nonpartisan,None,2012,utah,Obama,25
2012-utah-president-romney-vs-obama,16630,Mason-Dixon/The Salt Lake Tribune,2012-10-29,2012-10-31,Registered Voters,625,Live Phone,Nonpartisan,None,2012,utah,Romney,70
2012-utah-president-romney-vs-obama,16630,Mason-Dixon/The Salt Lake Tribune,2012-10-29,2012-10-31,Registered Voters,625,Live Phone,Nonpartisan,None,2012,utah,Other,2
2012-utah-president-romney-vs-obama,16630,Mason-Dixon/The Salt Lake Tribune,2012-10-29,2012-10-31,Registered Voters,625,Live Phone,Nonpartisan,None,2012,utah,Undecided,3
2012-utah-president-romney-vs-obama,16144,Key/BYU,2012-10-09,2012-10-13,Likely Voters,500,Live Phone,Nonpartisan,None,2012,utah,Obama,20
2012-utah-president-romney-vs-obama,16144,Key/BYU,2012-10-09,2012-10-13,Likely Voters,500,Live Phone,Nonpartisan,None,2012,utah,Romney,71
2012-utah-president-romney-vs-obama,16144,Key/BYU,2012-10-09,2012-10-13,Likely Voters,500,Live Phone,Nonpartisan,None,2012,utah,Other,NA
2012-utah-president-romney-vs-obama,16144,Key/BYU,2012-10-09,2012-10-13,Likely Voters,500,Live Phone,Nonpartisan,None,2012,utah,Undecided,9
2012-utah-president-romney-vs-obama,14175,Dan Jones & Associates,2012-06-15,2012-06-21,Registered Voters,1222,Live Phone,Nonpartisan,None,2012,utah,Obama,26
2012-utah-president-romney-vs-obama,14175,Dan Jones & Associates,2012-06-15,2012-06-21,Registered Voters,1222,Live Phone,Nonpartisan,None,2012,utah,Romney,68
2012-utah-president-romney-vs-obama,14175,Dan Jones & Associates,2012-06-15,2012-06-21,Registered Voters,1222,Live Phone,Nonpartisan,None,2012,utah,Other,4
2012-utah-president-romney-vs-obama,14175,Dan Jones & Associates,2012-06-15,2012-06-21,Registered Voters,1222,Live Phone,Nonpartisan,None,2012,utah,Undecided,2
2012-utah-president-romney-vs-obama,15024,PPP (D),2011-07-08,2011-07-10,Likely Voters,732,Automated Phone,Pollster,Dem,2012,utah,Obama,31
2012-utah-president-romney-vs-obama,15024,PPP (D),2011-07-08,2011-07-10,Likely Voters,732,Automated Phone,Pollster,Dem,2012,utah,Romney,63
2012-utah-president-romney-vs-obama,15024,PPP (D),2011-07-08,2011-07-10,Likely Voters,732,Automated Phone,Pollster,Dem,2012,utah,Other,NA
2012-utah-president-romney-vs-obama,15024,PPP (D),2011-07-08,2011-07-10,Likely Voters,732,Automated Phone,Pollster,Dem,2012,utah,Undecided,6
2012-maryland-president-romney-vs-obama,16577,YouGov,2012-10-31,2012-11-03,Likely Voters,705,Internet,Nonpartisan,None,2012,maryland,Obama,59
2012-maryland-president-romney-vs-obama,16577,YouGov,2012-10-31,2012-11-03,Likely Voters,705,Internet,Nonpartisan,None,2012,maryland,Romney,37
2012-maryland-president-romney-vs-obama,16577,YouGov,2012-10-31,2012-11-03,Likely Voters,705,Internet,Nonpartisan,None,2012,maryland,Other,2
2012-maryland-president-romney-vs-obama,16577,YouGov,2012-10-31,2012-11-03,Likely Voters,705,Internet,Nonpartisan,None,2012,maryland,Undecided,2
2012-maryland-president-romney-vs-obama,16429,Baltimore Sun/OpinionWorks,2012-10-20,2012-10-23,Likely Voters,801,Live Phone,Nonpartisan,None,2012,maryland,Obama,55
2012-maryland-president-romney-vs-obama,16429,Baltimore Sun/OpinionWorks,2012-10-20,2012-10-23,Likely Voters,801,Live Phone,Nonpartisan,None,2012,maryland,Romney,36
2012-maryland-president-romney-vs-obama,16429,Baltimore Sun/OpinionWorks,2012-10-20,2012-10-23,Likely Voters,801,Live Phone,Nonpartisan,None,2012,maryland,Other,NA
2012-maryland-president-romney-vs-obama,16429,Baltimore Sun/OpinionWorks,2012-10-20,2012-10-23,Likely Voters,801,Live Phone,Nonpartisan,None,2012,maryland,Undecided,8
2012-maryland-president-romney-vs-obama,16062,Washington Post,2012-10-11,2012-10-15,Likely Voters,843,Live Phone,Nonpartisan,None,2012,maryland,Obama,60
2012-maryland-president-romney-vs-obama,16062,Washington Post,2012-10-11,2012-10-15,Likely Voters,843,Live Phone,Nonpartisan,None,2012,maryland,Romney,36
2012-maryland-president-romney-vs-obama,16062,Washington Post,2012-10-11,2012-10-15,Likely Voters,843,Live Phone,Nonpartisan,None,2012,maryland,Other,2
2012-maryland-president-romney-vs-obama,16062,Washington Post,2012-10-11,2012-10-15,Likely Voters,843,Live Phone,Nonpartisan,None,2012,maryland,Undecided,2
2012-maryland-president-romney-vs-obama,15852,YouGov,2012-10-04,2012-10-11,Likely Voters,498,Internet,Nonpartisan,None,2012,maryland,Obama,58
2012-maryland-president-romney-vs-obama,15852,YouGov,2012-10-04,2012-10-11,Likely Voters,498,Internet,Nonpartisan,None,2012,maryland,Romney,37
2012-maryland-president-romney-vs-obama,15852,YouGov,2012-10-04,2012-10-11,Likely Voters,498,Internet,Nonpartisan,None,2012,maryland,Other,2
2012-maryland-president-romney-vs-obama,15852,YouGov,2012-10-04,2012-10-11,Likely Voters,498,Internet,Nonpartisan,None,2012,maryland,Undecided,4
2012-maryland-president-romney-vs-obama,15463,Baltimore Sun/OpinionWorks,2012-09-25,2012-09-27,Likely Voters,804,Live Phone,Nonpartisan,None,2012,maryland,Obama,57
2012-maryland-president-romney-vs-obama,15463,Baltimore Sun/OpinionWorks,2012-09-25,2012-09-27,Likely Voters,804,Live Phone,Nonpartisan,None,2012,maryland,Romney,34
2012-maryland-president-romney-vs-obama,15463,Baltimore Sun/OpinionWorks,2012-09-25,2012-09-27,Likely Voters,804,Live Phone,Nonpartisan,None,2012,maryland,Other,NA
2012-maryland-president-romney-vs-obama,15463,Baltimore Sun/OpinionWorks,2012-09-25,2012-09-27,Likely Voters,804,Live Phone,Nonpartisan,None,2012,maryland,Undecided,10
2012-maryland-president-romney-vs-obama,15325,Gonzales Research,2012-09-17,2012-09-23,Likely Voters,813,Live Phone,Nonpartisan,None,2012,maryland,Obama,55
2012-maryland-president-romney-vs-obama,15325,Gonzales Research,2012-09-17,2012-09-23,Likely Voters,813,Live Phone,Nonpartisan,None,2012,maryland,Romney,36
2012-maryland-president-romney-vs-obama,15325,Gonzales Research,2012-09-17,2012-09-23,Likely Voters,813,Live Phone,Nonpartisan,None,2012,maryland,Other,1
2012-maryland-president-romney-vs-obama,15325,Gonzales Research,2012-09-17,2012-09-23,Likely Voters,813,Live Phone,Nonpartisan,None,2012,maryland,Undecided,8
2012-maryland-president-romney-vs-obama,15229,YouGov,2012-09-07,2012-09-14,Likely Voters,686,Internet,Nonpartisan,None,2012,maryland,Obama,57
2012-maryland-president-romney-vs-obama,15229,YouGov,2012-09-07,2012-09-14,Likely Voters,686,Internet,Nonpartisan,None,2012,maryland,Romney,37
2012-maryland-president-romney-vs-obama,15229,YouGov,2012-09-07,2012-09-14,Likely Voters,686,Internet,Nonpartisan,None,2012,maryland,Other,3
2012-maryland-president-romney-vs-obama,15229,YouGov,2012-09-07,2012-09-14,Likely Voters,686,Internet,Nonpartisan,None,2012,maryland,Undecided,3
2012-maryland-president-romney-vs-obama,13898,PPP (D)/Marylanders for Marriage Equality,2012-05-14,2012-05-21,Likely Voters,852,Live Phone,Sponsor,Dem,2012,maryland,Obama,58
2012-maryland-president-romney-vs-obama,13898,PPP (D)/Marylanders for Marriage Equality,2012-05-14,2012-05-21,Likely Voters,852,Live Phone,Sponsor,Dem,2012,maryland,Romney,35
2012-maryland-president-romney-vs-obama,13898,PPP (D)/Marylanders for Marriage Equality,2012-05-14,2012-05-21,Likely Voters,852,Live Phone,Sponsor,Dem,2012,maryland,Other,NA
2012-maryland-president-romney-vs-obama,13898,PPP (D)/Marylanders for Marriage Equality,2012-05-14,2012-05-21,Likely Voters,852,Live Phone,Sponsor,Dem,2012,maryland,Undecided,6
2012-oklahoma-president-romney-vs-obama,16203,SoonerPoll.com,2012-10-18,2012-10-24,Likely Voters,305,Live Phone,Nonpartisan,None,2012,oklahoma,Obama,33
2012-oklahoma-president-romney-vs-obama,16203,SoonerPoll.com,2012-10-18,2012-10-24,Likely Voters,305,Live Phone,Nonpartisan,None,2012,oklahoma,Romney,58
2012-oklahoma-president-romney-vs-obama,16203,SoonerPoll.com,2012-10-18,2012-10-24,Likely Voters,305,Live Phone,Nonpartisan,None,2012,oklahoma,Other,NA
2012-oklahoma-president-romney-vs-obama,16203,SoonerPoll.com,2012-10-18,2012-10-24,Likely Voters,305,Live Phone,Nonpartisan,None,2012,oklahoma,Undecided,8
2012-oklahoma-president-romney-vs-obama,14703,SoonerPoll.com,2012-07-26,2012-08-14,Likely Voters,495,Live Phone,Nonpartisan,None,2012,oklahoma,Obama,29
2012-oklahoma-president-romney-vs-obama,14703,SoonerPoll.com,2012-07-26,2012-08-14,Likely Voters,495,Live Phone,Nonpartisan,None,2012,oklahoma,Romney,58
2012-oklahoma-president-romney-vs-obama,14703,SoonerPoll.com,2012-07-26,2012-08-14,Likely Voters,495,Live Phone,Nonpartisan,None,2012,oklahoma,Other,NA
2012-oklahoma-president-romney-vs-obama,14703,SoonerPoll.com,2012-07-26,2012-08-14,Likely Voters,495,Live Phone,Nonpartisan,None,2012,oklahoma,Undecided,13
2012-oklahoma-president-romney-vs-obama,13856,SoonerPoll.com,2012-05-07,2012-05-10,Likely Voters,503,Live Phone,Nonpartisan,None,2012,oklahoma,Obama,27
2012-oklahoma-president-romney-vs-obama,13856,SoonerPoll.com,2012-05-07,2012-05-10,Likely Voters,503,Live Phone,Nonpartisan,None,2012,oklahoma,Romney,62
2012-oklahoma-president-romney-vs-obama,13856,SoonerPoll.com,2012-05-07,2012-05-10,Likely Voters,503,Live Phone,Nonpartisan,None,2012,oklahoma,Other,NA
2012-oklahoma-president-romney-vs-obama,13856,SoonerPoll.com,2012-05-07,2012-05-10,Likely Voters,503,Live Phone,Nonpartisan,None,2012,oklahoma,Undecided,11
2012-north-dakota-president-romney-vs-obama,16371,Mason-Dixon,2012-10-26,2012-10-28,Likely Voters,625,Live Phone,Nonpartisan,None,2012,north-dakota,Obama,40
2012-north-dakota-president-romney-vs-obama,16371,Mason-Dixon,2012-10-26,2012-10-28,Likely Voters,625,Live Phone,Nonpartisan,None,2012,north-dakota,Romney,54
2012-north-dakota-president-romney-vs-obama,16371,Mason-Dixon,2012-10-26,2012-10-28,Likely Voters,625,Live Phone,Nonpartisan,None,2012,north-dakota,Other,NA
2012-north-dakota-president-romney-vs-obama,16371,Mason-Dixon,2012-10-26,2012-10-28,Likely Voters,625,Live Phone,Nonpartisan,None,2012,north-dakota,Undecided,3
2012-north-dakota-president-romney-vs-obama,16325,Pharos Research Group,2012-10-26,2012-10-28,Likely Voters,752,Live Phone,Nonpartisan,None,2012,north-dakota,Obama,38
2012-north-dakota-president-romney-vs-obama,16325,Pharos Research Group,2012-10-26,2012-10-28,Likely Voters,752,Live Phone,Nonpartisan,None,2012,north-dakota,Romney,55
2012-north-dakota-president-romney-vs-obama,16325,Pharos Research Group,2012-10-26,2012-10-28,Likely Voters,752,Live Phone,Nonpartisan,None,2012,north-dakota,Other,NA
2012-north-dakota-president-romney-vs-obama,16325,Pharos Research Group,2012-10-26,2012-10-28,Likely Voters,752,Live Phone,Nonpartisan,None,2012,north-dakota,Undecided,NA
2012-north-dakota-president-romney-vs-obama,16246,Pharos Research Group,2012-10-19,2012-10-21,Likely Voters,807,Live Phone,Nonpartisan,None,2012,north-dakota,Obama,39
2012-north-dakota-president-romney-vs-obama,16246,Pharos Research Group,2012-10-19,2012-10-21,Likely Voters,807,Live Phone,Nonpartisan,None,2012,north-dakota,Romney,49
2012-north-dakota-president-romney-vs-obama,16246,Pharos Research Group,2012-10-19,2012-10-21,Likely Voters,807,Live Phone,Nonpartisan,None,2012,north-dakota,Other,NA
2012-north-dakota-president-romney-vs-obama,16246,Pharos Research Group,2012-10-19,2012-10-21,Likely Voters,807,Live Phone,Nonpartisan,None,2012,north-dakota,Undecided,NA
2012-north-dakota-president-romney-vs-obama,16060,Rasmussen,2012-10-17,2012-10-18,Likely Voters,600,Automated Phone,Nonpartisan,None,2012,north-dakota,Obama,40
2012-north-dakota-president-romney-vs-obama,16060,Rasmussen,2012-10-17,2012-10-18,Likely Voters,600,Automated Phone,Nonpartisan,None,2012,north-dakota,Romney,54
2012-north-dakota-president-romney-vs-obama,16060,Rasmussen,2012-10-17,2012-10-18,Likely Voters,600,Automated Phone,Nonpartisan,None,2012,north-dakota,Other,2
2012-north-dakota-president-romney-vs-obama,16060,Rasmussen,2012-10-17,2012-10-18,Likely Voters,600,Automated Phone,Nonpartisan,None,2012,north-dakota,Undecided,4
2012-north-dakota-president-romney-vs-obama,16064,Essman/Research,2012-10-12,2012-10-15,Likely Voters,500,Live Phone,Nonpartisan,None,2012,north-dakota,Obama,32
2012-north-dakota-president-romney-vs-obama,16064,Essman/Research,2012-10-12,2012-10-15,Likely Voters,500,Live Phone,Nonpartisan,None,2012,north-dakota,Romney,57
2012-north-dakota-president-romney-vs-obama,16064,Essman/Research,2012-10-12,2012-10-15,Likely Voters,500,Live Phone,Nonpartisan,None,2012,north-dakota,Other,1
2012-north-dakota-president-romney-vs-obama,16064,Essman/Research,2012-10-12,2012-10-15,Likely Voters,500,Live Phone,Nonpartisan,None,2012,north-dakota,Undecided,10
2012-north-dakota-president-romney-vs-obama,15618,Mason-Dixon,2012-10-03,2012-10-05,Likely Voters,625,Live Phone,Nonpartisan,None,2012,north-dakota,Obama,40
2012-north-dakota-president-romney-vs-obama,15618,Mason-Dixon,2012-10-03,2012-10-05,Likely Voters,625,Live Phone,Nonpartisan,None,2012,north-dakota,Romney,54
2012-north-dakota-president-romney-vs-obama,15618,Mason-Dixon,2012-10-03,2012-10-05,Likely Voters,625,Live Phone,Nonpartisan,None,2012,north-dakota,Other,NA
2012-north-dakota-president-romney-vs-obama,15618,Mason-Dixon,2012-10-03,2012-10-05,Likely Voters,625,Live Phone,Nonpartisan,None,2012,north-dakota,Undecided,5
2012-north-dakota-president-romney-vs-obama,15399,DFM Research (D-ND Dems/NPL),2012-09-24,2012-09-27,Likely Voters,600,Live Phone,Sponsor,Dem,2012,north-dakota,Obama,39
2012-north-dakota-president-romney-vs-obama,15399,DFM Research (D-ND Dems/NPL),2012-09-24,2012-09-27,Likely Voters,600,Live Phone,Sponsor,Dem,2012,north-dakota,Romney,51
2012-north-dakota-president-romney-vs-obama,15399,DFM Research (D-ND Dems/NPL),2012-09-24,2012-09-27,Likely Voters,600,Live Phone,Sponsor,Dem,2012,north-dakota,Other,NA
2012-north-dakota-president-romney-vs-obama,15399,DFM Research (D-ND Dems/NPL),2012-09-24,2012-09-27,Likely Voters,600,Live Phone,Sponsor,Dem,2012,north-dakota,Undecided,NA
2012-north-dakota-president-romney-vs-obama,14480,DFM Research (D-ND Dems/NPL),2012-07-24,2012-07-26,Likely Voters,400,Live Phone,Sponsor,Dem,2012,north-dakota,Obama,35
2012-north-dakota-president-romney-vs-obama,14480,DFM Research (D-ND Dems/NPL),2012-07-24,2012-07-26,Likely Voters,400,Live Phone,Sponsor,Dem,2012,north-dakota,Romney,54
2012-north-dakota-president-romney-vs-obama,14480,DFM Research (D-ND Dems/NPL),2012-07-24,2012-07-26,Likely Voters,400,Live Phone,Sponsor,Dem,2012,north-dakota,Other,NA
2012-north-dakota-president-romney-vs-obama,14480,DFM Research (D-ND Dems/NPL),2012-07-24,2012-07-26,Likely Voters,400,Live Phone,Sponsor,Dem,2012,north-dakota,Undecided,NA
2012-north-dakota-president-romney-vs-obama,14336,Rasmussen,2012-07-10,2012-07-11,Likely Voters,400,Automated Phone,Nonpartisan,None,2012,north-dakota,Obama,36
2012-north-dakota-president-romney-vs-obama,14336,Rasmussen,2012-07-10,2012-07-11,Likely Voters,400,Automated Phone,Nonpartisan,None,2012,north-dakota,Romney,51
2012-north-dakota-president-romney-vs-obama,14336,Rasmussen,2012-07-10,2012-07-11,Likely Voters,400,Automated Phone,Nonpartisan,None,2012,north-dakota,Other,6
2012-north-dakota-president-romney-vs-obama,14336,Rasmussen,2012-07-10,2012-07-11,Likely Voters,400,Automated Phone,Nonpartisan,None,2012,north-dakota,Undecided,7
2012-north-dakota-president-romney-vs-obama,14040,Mason-Dixon,2012-06-04,2012-06-06,Likely Voters,625,Live Phone,Nonpartisan,None,2012,north-dakota,Obama,39
2012-north-dakota-president-romney-vs-obama,14040,Mason-Dixon,2012-06-04,2012-06-06,Likely Voters,625,Live Phone,Nonpartisan,None,2012,north-dakota,Romney,52
2012-north-dakota-president-romney-vs-obama,14040,Mason-Dixon,2012-06-04,2012-06-06,Likely Voters,625,Live Phone,Nonpartisan,None,2012,north-dakota,Other,NA
2012-north-dakota-president-romney-vs-obama,14040,Mason-Dixon,2012-06-04,2012-06-06,Likely Voters,625,Live Phone,Nonpartisan,None,2012,north-dakota,Undecided,NA
2012-north-dakota-president-romney-vs-obama,13664,DFM Research (D-DSCC),2012-04-18,2012-04-26,Registered Voters,478,Live Phone,Sponsor,Dem,2012,north-dakota,Obama,32
2012-north-dakota-president-romney-vs-obama,13664,DFM Research (D-DSCC),2012-04-18,2012-04-26,Registered Voters,478,Live Phone,Sponsor,Dem,2012,north-dakota,Romney,51
2012-north-dakota-president-romney-vs-obama,13664,DFM Research (D-DSCC),2012-04-18,2012-04-26,Registered Voters,478,Live Phone,Sponsor,Dem,2012,north-dakota,Other,NA
2012-north-dakota-president-romney-vs-obama,13664,DFM Research (D-DSCC),2012-04-18,2012-04-26,Registered Voters,478,Live Phone,Sponsor,Dem,2012,north-dakota,Undecided,NA
2012-washington-president-romney-vs-obama,16521,PPP (D),2012-11-01,2012-11-03,Likely Voters,932,Automated Phone,Pollster,Dem,2012,washington,Obama,53
2012-washington-president-romney-vs-obama,16521,PPP (D),2012-11-01,2012-11-03,Likely Voters,932,Automated Phone,Pollster,Dem,2012,washington,Romney,46
2012-washington-president-romney-vs-obama,16521,PPP (D),2012-11-01,2012-11-03,Likely Voters,932,Automated Phone,Pollster,Dem,2012,washington,Other,NA
2012-washington-president-romney-vs-obama,16521,PPP (D),2012-11-01,2012-11-03,Likely Voters,932,Automated Phone,Pollster,Dem,2012,washington,Undecided,1
2012-washington-president-romney-vs-obama,16583,YouGov,2012-10-31,2012-11-03,Likely Voters,837,Internet,Nonpartisan,None,2012,washington,Obama,54
2012-washington-president-romney-vs-obama,16583,YouGov,2012-10-31,2012-11-03,Likely Voters,837,Internet,Nonpartisan,None,2012,washington,Romney,40
2012-washington-president-romney-vs-obama,16583,YouGov,2012-10-31,2012-11-03,Likely Voters,837,Internet,Nonpartisan,None,2012,washington,Other,NA
2012-washington-president-romney-vs-obama,16583,YouGov,2012-10-31,2012-11-03,Likely Voters,837,Internet,Nonpartisan,None,2012,washington,Undecided,2
2012-washington-president-romney-vs-obama,16415,SurveyUSA,2012-10-28,2012-10-31,Likely Voters,555,Mixed,Nonpartisan,None,2012,washington,Obama,54
2012-washington-president-romney-vs-obama,16415,SurveyUSA,2012-10-28,2012-10-31,Likely Voters,555,Mixed,Nonpartisan,None,2012,washington,Romney,40
2012-washington-president-romney-vs-obama,16415,SurveyUSA,2012-10-28,2012-10-31,Likely Voters,555,Mixed,Nonpartisan,None,2012,washington,Other,NA
2012-washington-president-romney-vs-obama,16415,SurveyUSA,2012-10-28,2012-10-31,Likely Voters,555,Mixed,Nonpartisan,None,2012,washington,Undecided,NA
2012-washington-president-romney-vs-obama,16435,University of Washington/KCTS9,2012-10-18,2012-10-31,Likely Voters,632,Live Phone,Nonpartisan,None,2012,washington,Obama,57
2012-washington-president-romney-vs-obama,16435,University of Washington/KCTS9,2012-10-18,2012-10-31,Likely Voters,632,Live Phone,Nonpartisan,None,2012,washington,Romney,36
2012-washington-president-romney-vs-obama,16435,University of Washington/KCTS9,2012-10-18,2012-10-31,Likely Voters,632,Live Phone,Nonpartisan,None,2012,washington,Other,NA
2012-washington-president-romney-vs-obama,16435,University of Washington/KCTS9,2012-10-18,2012-10-31,Likely Voters,632,Live Phone,Nonpartisan,None,2012,washington,Undecided,4
2012-washington-president-romney-vs-obama,16051,Strategies 360 (D),2012-10-17,2012-10-20,Likely Voters,500,Live Phone,Nonpartisan,None,2012,washington,Obama,52
2012-washington-president-romney-vs-obama,16051,Strategies 360 (D),2012-10-17,2012-10-20,Likely Voters,500,Live Phone,Nonpartisan,None,2012,washington,Romney,39
2012-washington-president-romney-vs-obama,16051,Strategies 360 (D),2012-10-17,2012-10-20,Likely Voters,500,Live Phone,Nonpartisan,None,2012,washington,Other,NA
2012-washington-president-romney-vs-obama,16051,Strategies 360 (D),2012-10-17,2012-10-20,Likely Voters,500,Live Phone,Nonpartisan,None,2012,washington,Undecided,5
2012-washington-president-romney-vs-obama,15913,PPP (D-Washington Conservation Voters),2012-10-15,2012-10-16,Likely Voters,574,Automated Phone,Sponsor,Dem,2012,washington,Obama,50
2012-washington-president-romney-vs-obama,15913,PPP (D-Washington Conservation Voters),2012-10-15,2012-10-16,Likely Voters,574,Automated Phone,Sponsor,Dem,2012,washington,Romney,45
2012-washington-president-romney-vs-obama,15913,PPP (D-Washington Conservation Voters),2012-10-15,2012-10-16,Likely Voters,574,Automated Phone,Sponsor,Dem,2012,washington,Other,NA
2012-washington-president-romney-vs-obama,15913,PPP (D-Washington Conservation Voters),2012-10-15,2012-10-16,Likely Voters,574,Automated Phone,Sponsor,Dem,2012,washington,Undecided,4
2012-washington-president-romney-vs-obama,15936,University of Washington/KCTS9,2012-10-01,2012-10-16,Likely Voters,644,Live Phone,Nonpartisan,None,2012,washington,Obama,52
2012-washington-president-romney-vs-obama,15936,University of Washington/KCTS9,2012-10-01,2012-10-16,Likely Voters,644,Live Phone,Nonpartisan,None,2012,washington,Romney,43
2012-washington-president-romney-vs-obama,15936,University of Washington/KCTS9,2012-10-01,2012-10-16,Likely Voters,644,Live Phone,Nonpartisan,None,2012,washington,Other,NA
2012-washington-president-romney-vs-obama,15936,University of Washington/KCTS9,2012-10-01,2012-10-16,Likely Voters,644,Live Phone,Nonpartisan,None,2012,washington,Undecided,3
2012-washington-president-romney-vs-obama,15884,Rasmussen,2012-10-14,2012-10-14,Likely Voters,500,Automated Phone,Nonpartisan,None,2012,washington,Obama,55
2012-washington-president-romney-vs-obama,15884,Rasmussen,2012-10-14,2012-10-14,Likely Voters,500,Automated Phone,Nonpartisan,None,2012,washington,Romney,42
2012-washington-president-romney-vs-obama,15884,Rasmussen,2012-10-14,2012-10-14,Likely Voters,500,Automated Phone,Nonpartisan,None,2012,washington,Other,NA
2012-washington-president-romney-vs-obama,15884,Rasmussen,2012-10-14,2012-10-14,Likely Voters,500,Automated Phone,Nonpartisan,None,2012,washington,Undecided,1
2012-washington-president-romney-vs-obama,15834,SurveyUSA,2012-10-12,2012-10-14,Likely Voters,543,IVR/Online,Nonpartisan,None,2012,washington,Obama,54
2012-washington-president-romney-vs-obama,15834,SurveyUSA,2012-10-12,2012-10-14,Likely Voters,543,IVR/Online,Nonpartisan,None,2012,washington,Romney,40
2012-washington-president-romney-vs-obama,15834,SurveyUSA,2012-10-12,2012-10-14,Likely Voters,543,IVR/Online,Nonpartisan,None,2012,washington,Other,NA
2012-washington-president-romney-vs-obama,15834,SurveyUSA,2012-10-12,2012-10-14,Likely Voters,543,IVR/Online,Nonpartisan,None,2012,washington,Undecided,3
2012-washington-president-romney-vs-obama,15847,YouGov,2012-10-04,2012-10-11,Likely Voters,747,Internet,Nonpartisan,None,2012,washington,Obama,56
2012-washington-president-romney-vs-obama,15847,YouGov,2012-10-04,2012-10-11,Likely Voters,747,Internet,Nonpartisan,None,2012,washington,Romney,39
2012-washington-president-romney-vs-obama,15847,YouGov,2012-10-04,2012-10-11,Likely Voters,747,Internet,Nonpartisan,None,2012,washington,Other,NA
2012-washington-president-romney-vs-obama,15847,YouGov,2012-10-04,2012-10-11,Likely Voters,747,Internet,Nonpartisan,None,2012,washington,Undecided,3
2012-washington-president-romney-vs-obama,15506,SurveyUSA,2012-09-28,2012-09-30,Likely Voters,540,IVR/Online,Nonpartisan,None,2012,washington,Obama,56
2012-washington-president-romney-vs-obama,15506,SurveyUSA,2012-09-28,2012-09-30,Likely Voters,540,IVR/Online,Nonpartisan,None,2012,washington,Romney,36
2012-washington-president-romney-vs-obama,15506,SurveyUSA,2012-09-28,2012-09-30,Likely Voters,540,IVR/Online,Nonpartisan,None,2012,washington,Other,NA
2012-washington-president-romney-vs-obama,15506,SurveyUSA,2012-09-28,2012-09-30,Likely Voters,540,IVR/Online,Nonpartisan,None,2012,washington,Undecided,3
2012-washington-president-romney-vs-obama,15412,Rasmussen,2012-09-26,2012-09-26,Likely Voters,500,Automated Phone,Nonpartisan,None,2012,washington,Obama,52
2012-washington-president-romney-vs-obama,15412,Rasmussen,2012-09-26,2012-09-26,Likely Voters,500,Automated Phone,Nonpartisan,None,2012,washington,Romney,41
2012-washington-president-romney-vs-obama,15412,Rasmussen,2012-09-26,2012-09-26,Likely Voters,500,Automated Phone,Nonpartisan,None,2012,washington,Other,NA
2012-washington-president-romney-vs-obama,15412,Rasmussen,2012-09-26,2012-09-26,Likely Voters,500,Automated Phone,Nonpartisan,None,2012,washington,Undecided,4
2012-washington-president-romney-vs-obama,15356,Gravis Marketing,2012-09-21,2012-09-22,Likely Voters,625,Automated Phone,Nonpartisan,None,2012,washington,Obama,56
2012-washington-president-romney-vs-obama,15356,Gravis Marketing,2012-09-21,2012-09-22,Likely Voters,625,Automated Phone,Nonpartisan,None,2012,washington,Romney,39
2012-washington-president-romney-vs-obama,15356,Gravis Marketing,2012-09-21,2012-09-22,Likely Voters,625,Automated Phone,Nonpartisan,None,2012,washington,Other,NA
2012-washington-president-romney-vs-obama,15356,Gravis Marketing,2012-09-21,2012-09-22,Likely Voters,625,Automated Phone,Nonpartisan,None,2012,washington,Undecided,5
2012-washington-president-romney-vs-obama,15212,YouGov,2012-09-07,2012-09-14,Likely Voters,880,Internet,Nonpartisan,None,2012,washington,Obama,53
2012-washington-president-romney-vs-obama,15212,YouGov,2012-09-07,2012-09-14,Likely Voters,880,Internet,Nonpartisan,None,2012,washington,Romney,39
2012-washington-president-romney-vs-obama,15212,YouGov,2012-09-07,2012-09-14,Likely Voters,880,Internet,Nonpartisan,None,2012,washington,Other,NA
2012-washington-president-romney-vs-obama,15212,YouGov,2012-09-07,2012-09-14,Likely Voters,880,Internet,Nonpartisan,None,2012,washington,Undecided,3
2012-washington-president-romney-vs-obama,15051,Elway,2012-09-09,2012-09-12,Registered Voters,405,Live Phone,Nonpartisan,None,2012,washington,Obama,53
2012-washington-president-romney-vs-obama,15051,Elway,2012-09-09,2012-09-12,Registered Voters,405,Live Phone,Nonpartisan,None,2012,washington,Romney,36
2012-washington-president-romney-vs-obama,15051,Elway,2012-09-09,2012-09-12,Registered Voters,405,Live Phone,Nonpartisan,None,2012,washington,Other,NA
2012-washington-president-romney-vs-obama,15051,Elway,2012-09-09,2012-09-12,Registered Voters,405,Live Phone,Nonpartisan,None,2012,washington,Undecided,NA
2012-washington-president-romney-vs-obama,14955,SurveyUSA,2012-09-07,2012-09-09,Likely Voters,524,IVR/Online,Nonpartisan,None,2012,washington,Obama,54
2012-washington-president-romney-vs-obama,14955,SurveyUSA,2012-09-07,2012-09-09,Likely Voters,524,IVR/Online,Nonpartisan,None,2012,washington,Romney,38
2012-washington-president-romney-vs-obama,14955,SurveyUSA,2012-09-07,2012-09-09,Likely Voters,524,IVR/Online,Nonpartisan,None,2012,washington,Other,NA
2012-washington-president-romney-vs-obama,14955,SurveyUSA,2012-09-07,2012-09-09,Likely Voters,524,IVR/Online,Nonpartisan,None,2012,washington,Undecided,4
2012-washington-president-romney-vs-obama,15428,Moore Information (R),2012-08-06,2012-08-07,Likely Voters,500,Live Phone,Pollster,Rep,2012,washington,Obama,46
2012-washington-president-romney-vs-obama,15428,Moore Information (R),2012-08-06,2012-08-07,Likely Voters,500,Live Phone,Pollster,Rep,2012,washington,Romney,36
2012-washington-president-romney-vs-obama,15428,Moore Information (R),2012-08-06,2012-08-07,Likely Voters,500,Live Phone,Pollster,Rep,2012,washington,Other,NA
2012-washington-president-romney-vs-obama,15428,Moore Information (R),2012-08-06,2012-08-07,Likely Voters,500,Live Phone,Pollster,Rep,2012,washington,Undecided,17
2012-washington-president-romney-vs-obama,14569,SurveyUSA,2012-08-01,2012-08-02,Likely Voters,524,IVR/Online,Nonpartisan,None,2012,washington,Obama,54
2012-washington-president-romney-vs-obama,14569,SurveyUSA,2012-08-01,2012-08-02,Likely Voters,524,IVR/Online,Nonpartisan,None,2012,washington,Romney,37
2012-washington-president-romney-vs-obama,14569,SurveyUSA,2012-08-01,2012-08-02,Likely Voters,524,IVR/Online,Nonpartisan,None,2012,washington,Other,NA
2012-washington-president-romney-vs-obama,14569,SurveyUSA,2012-08-01,2012-08-02,Likely Voters,524,IVR/Online,Nonpartisan,None,2012,washington,Undecided,5
2012-washington-president-romney-vs-obama,14404,SurveyUSA,2012-07-16,2012-07-18,Registered Voters,630,IVR/Online,Nonpartisan,None,2012,washington,Obama,46
2012-washington-president-romney-vs-obama,14404,SurveyUSA,2012-07-16,2012-07-18,Registered Voters,630,IVR/Online,Nonpartisan,None,2012,washington,Romney,37
2012-washington-president-romney-vs-obama,14404,SurveyUSA,2012-07-16,2012-07-18,Registered Voters,630,IVR/Online,Nonpartisan,None,2012,washington,Other,NA
2012-washington-president-romney-vs-obama,14404,SurveyUSA,2012-07-16,2012-07-18,Registered Voters,630,IVR/Online,Nonpartisan,None,2012,washington,Undecided,NA
2012-washington-president-romney-vs-obama,14134,PPP (D),2012-06-14,2012-06-17,Likely Voters,1073,Automated Phone,Pollster,Dem,2012,washington,Obama,54
2012-washington-president-romney-vs-obama,14134,PPP (D),2012-06-14,2012-06-17,Likely Voters,1073,Automated Phone,Pollster,Dem,2012,washington,Romney,41
2012-washington-president-romney-vs-obama,14134,PPP (D),2012-06-14,2012-06-17,Likely Voters,1073,Automated Phone,Pollster,Dem,2012,washington,Other,NA
2012-washington-president-romney-vs-obama,14134,PPP (D),2012-06-14,2012-06-17,Likely Voters,1073,Automated Phone,Pollster,Dem,2012,washington,Undecided,5
2012-washington-president-romney-vs-obama,14123,Elway,2012-06-13,2012-06-16,Registered Voters,408,Live Phone,Nonpartisan,None,2012,washington,Obama,49
2012-washington-president-romney-vs-obama,14123,Elway,2012-06-13,2012-06-16,Registered Voters,408,Live Phone,Nonpartisan,None,2012,washington,Romney,41
2012-washington-president-romney-vs-obama,14123,Elway,2012-06-13,2012-06-16,Registered Voters,408,Live Phone,Nonpartisan,None,2012,washington,Other,NA
2012-washington-president-romney-vs-obama,14123,Elway,2012-06-13,2012-06-16,Registered Voters,408,Live Phone,Nonpartisan,None,2012,washington,Undecided,NA
2012-washington-president-romney-vs-obama,13766,SurveyUSA,2012-05-08,2012-05-09,Registered Voters,557,IVR/Online,Nonpartisan,None,2012,washington,Obama,50
2012-washington-president-romney-vs-obama,13766,SurveyUSA,2012-05-08,2012-05-09,Registered Voters,557,IVR/Online,Nonpartisan,None,2012,washington,Romney,36
2012-washington-president-romney-vs-obama,13766,SurveyUSA,2012-05-08,2012-05-09,Registered Voters,557,IVR/Online,Nonpartisan,None,2012,washington,Other,NA
2012-washington-president-romney-vs-obama,13766,SurveyUSA,2012-05-08,2012-05-09,Registered Voters,557,IVR/Online,Nonpartisan,None,2012,washington,Undecided,14
2012-washington-president-romney-vs-obama,13025,PPP (D),2012-02-16,2012-02-19,Likely Voters,1264,Automated Phone,Pollster,Dem,2012,washington,Obama,53
2012-washington-president-romney-vs-obama,13025,PPP (D),2012-02-16,2012-02-19,Likely Voters,1264,Automated Phone,Pollster,Dem,2012,washington,Romney,38
2012-washington-president-romney-vs-obama,13025,PPP (D),2012-02-16,2012-02-19,Likely Voters,1264,Automated Phone,Pollster,Dem,2012,washington,Other,NA
2012-washington-president-romney-vs-obama,13025,PPP (D),2012-02-16,2012-02-19,Likely Voters,1264,Automated Phone,Pollster,Dem,2012,washington,Undecided,9
2012-washington-president-romney-vs-obama,13459,SurveyUSA,2012-02-13,2012-02-15,Registered Voters,572,IVR/Online,Nonpartisan,None,2012,washington,Obama,50
2012-washington-president-romney-vs-obama,13459,SurveyUSA,2012-02-13,2012-02-15,Registered Voters,572,IVR/Online,Nonpartisan,None,2012,washington,Romney,39
2012-washington-president-romney-vs-obama,13459,SurveyUSA,2012-02-13,2012-02-15,Registered Voters,572,IVR/Online,Nonpartisan,None,2012,washington,Other,NA
2012-washington-president-romney-vs-obama,13459,SurveyUSA,2012-02-13,2012-02-15,Registered Voters,572,IVR/Online,Nonpartisan,None,2012,washington,Undecided,11
2012-washington-president-romney-vs-obama,13155,Elway,2012-02-07,2012-02-09,Likely Voters,405,Live Phone,Nonpartisan,None,2012,washington,Obama,49
2012-washington-president-romney-vs-obama,13155,Elway,2012-02-07,2012-02-09,Likely Voters,405,Live Phone,Nonpartisan,None,2012,washington,Romney,38
2012-washington-president-romney-vs-obama,13155,Elway,2012-02-07,2012-02-09,Likely Voters,405,Live Phone,Nonpartisan,None,2012,washington,Other,NA
2012-washington-president-romney-vs-obama,13155,Elway,2012-02-07,2012-02-09,Likely Voters,405,Live Phone,Nonpartisan,None,2012,washington,Undecided,12
2012-washington-president-romney-vs-obama,13154,SurveyUSA,2012-01-12,2012-01-16,Likely Voters,572,IVR/Online,Nonpartisan,None,2012,washington,Obama,50
2012-washington-president-romney-vs-obama,13154,SurveyUSA,2012-01-12,2012-01-16,Likely Voters,572,IVR/Online,Nonpartisan,None,2012,washington,Romney,39
2012-washington-president-romney-vs-obama,13154,SurveyUSA,2012-01-12,2012-01-16,Likely Voters,572,IVR/Online,Nonpartisan,None,2012,washington,Other,NA
2012-washington-president-romney-vs-obama,13154,SurveyUSA,2012-01-12,2012-01-16,Likely Voters,572,IVR/Online,Nonpartisan,None,2012,washington,Undecided,11
2012-vermont-president-romney-vs-obama,14755,Castleton State College,2012-08-11,2012-08-21,Likely Voters,477,Automated Phone,Nonpartisan,None,2012,vermont,Obama,62
2012-vermont-president-romney-vs-obama,14755,Castleton State College,2012-08-11,2012-08-21,Likely Voters,477,Automated Phone,Nonpartisan,None,2012,vermont,Romney,25
2012-vermont-president-romney-vs-obama,14755,Castleton State College,2012-08-11,2012-08-21,Likely Voters,477,Automated Phone,Nonpartisan,None,2012,vermont,Other,1
2012-vermont-president-romney-vs-obama,14755,Castleton State College,2012-08-11,2012-08-21,Likely Voters,477,Automated Phone,Nonpartisan,None,2012,vermont,Undecided,7
2012-vermont-president-romney-vs-obama,13458,Castleton State College,2012-02-11,2012-02-22,Registered Voters,664,Automated Phone,Nonpartisan,None,2012,vermont,Obama,58
2012-vermont-president-romney-vs-obama,13458,Castleton State College,2012-02-11,2012-02-22,Registered Voters,664,Automated Phone,Nonpartisan,None,2012,vermont,Romney,33
2012-vermont-president-romney-vs-obama,13458,Castleton State College,2012-02-11,2012-02-22,Registered Voters,664,Automated Phone,Nonpartisan,None,2012,vermont,Other,6
2012-vermont-president-romney-vs-obama,13458,Castleton State College,2012-02-11,2012-02-22,Registered Voters,664,Automated Phone,Nonpartisan,None,2012,vermont,Undecided,NA
2012-texas-president-romney-vs-obama,16596,YouGov,2012-10-31,2012-11-03,Likely Voters,1563,Internet,Nonpartisan,None,2012,texas,Obama,38
2012-texas-president-romney-vs-obama,16596,YouGov,2012-10-31,2012-11-03,Likely Voters,1563,Internet,Nonpartisan,None,2012,texas,Romney,57
2012-texas-president-romney-vs-obama,16596,YouGov,2012-10-31,2012-11-03,Likely Voters,1563,Internet,Nonpartisan,None,2012,texas,Other,3
2012-texas-president-romney-vs-obama,16596,YouGov,2012-10-31,2012-11-03,Likely Voters,1563,Internet,Nonpartisan,None,2012,texas,Undecided,2
2012-texas-president-romney-vs-obama,16331,YouGov/U of Texas/Texas Tribune,2012-10-15,2012-10-21,Likely Voters,540,Internet,Nonpartisan,None,2012,texas,Obama,39
2012-texas-president-romney-vs-obama,16331,YouGov/U of Texas/Texas Tribune,2012-10-15,2012-10-21,Likely Voters,540,Internet,Nonpartisan,None,2012,texas,Romney,55
2012-texas-president-romney-vs-obama,16331,YouGov/U of Texas/Texas Tribune,2012-10-15,2012-10-21,Likely Voters,540,Internet,Nonpartisan,None,2012,texas,Other,6
2012-texas-president-romney-vs-obama,16331,YouGov/U of Texas/Texas Tribune,2012-10-15,2012-10-21,Likely Voters,540,Internet,Nonpartisan,None,2012,texas,Undecided,NA
2012-texas-president-romney-vs-obama,15872,YouGov,2012-10-04,2012-10-11,Likely Voters,957,Internet,Nonpartisan,None,2012,texas,Obama,41
2012-texas-president-romney-vs-obama,15872,YouGov,2012-10-04,2012-10-11,Likely Voters,957,Internet,Nonpartisan,None,2012,texas,Romney,55
2012-texas-president-romney-vs-obama,15872,YouGov,2012-10-04,2012-10-11,Likely Voters,957,Internet,Nonpartisan,None,2012,texas,Other,2
2012-texas-president-romney-vs-obama,15872,YouGov,2012-10-04,2012-10-11,Likely Voters,957,Internet,Nonpartisan,None,2012,texas,Undecided,2
2012-texas-president-romney-vs-obama,15488,Texas Lyceum,2012-09-10,2012-09-26,Likely Voters,443,Live Phone,Nonpartisan,None,2012,texas,Obama,39
2012-texas-president-romney-vs-obama,15488,Texas Lyceum,2012-09-10,2012-09-26,Likely Voters,443,Live Phone,Nonpartisan,None,2012,texas,Romney,58
2012-texas-president-romney-vs-obama,15488,Texas Lyceum,2012-09-10,2012-09-26,Likely Voters,443,Live Phone,Nonpartisan,None,2012,texas,Other,NA
2012-texas-president-romney-vs-obama,15488,Texas Lyceum,2012-09-10,2012-09-26,Likely Voters,443,Live Phone,Nonpartisan,None,2012,texas,Undecided,4
2012-texas-president-romney-vs-obama,15231,YouGov,2012-09-07,2012-09-14,Likely Voters,1165,Internet,Nonpartisan,None,2012,texas,Obama,41
2012-texas-president-romney-vs-obama,15231,YouGov,2012-09-07,2012-09-14,Likely Voters,1165,Internet,Nonpartisan,None,2012,texas,Romney,53
2012-texas-president-romney-vs-obama,15231,YouGov,2012-09-07,2012-09-14,Likely Voters,1165,Internet,Nonpartisan,None,2012,texas,Other,4
2012-texas-president-romney-vs-obama,15231,YouGov,2012-09-07,2012-09-14,Likely Voters,1165,Internet,Nonpartisan,None,2012,texas,Undecided,2
2012-texas-president-romney-vs-obama,14990,Wilson Perkins Allen Opinion Research (R),2012-09-09,2012-09-11,Likely Voters,1000,Live Phone,Pollster,Rep,2012,texas,Obama,40
2012-texas-president-romney-vs-obama,14990,Wilson Perkins Allen Opinion Research (R),2012-09-09,2012-09-11,Likely Voters,1000,Live Phone,Pollster,Rep,2012,texas,Romney,55
2012-texas-president-romney-vs-obama,14990,Wilson Perkins Allen Opinion Research (R),2012-09-09,2012-09-11,Likely Voters,1000,Live Phone,Pollster,Rep,2012,texas,Other,2
2012-texas-president-romney-vs-obama,14990,Wilson Perkins Allen Opinion Research (R),2012-09-09,2012-09-11,Likely Voters,1000,Live Phone,Pollster,Rep,2012,texas,Undecided,3
2012-texas-president-romney-vs-obama,13863,YouGov/U of Texas/Texas Tribune,2012-05-07,2012-05-13,Likely Voters,511,Internet,Nonpartisan,None,2012,texas,Obama,35
2012-texas-president-romney-vs-obama,13863,YouGov/U of Texas/Texas Tribune,2012-05-07,2012-05-13,Likely Voters,511,Internet,Nonpartisan,None,2012,texas,Romney,55
2012-texas-president-romney-vs-obama,13863,YouGov/U of Texas/Texas Tribune,2012-05-07,2012-05-13,Likely Voters,511,Internet,Nonpartisan,None,2012,texas,Other,NA
2012-texas-president-romney-vs-obama,13863,YouGov/U of Texas/Texas Tribune,2012-05-07,2012-05-13,Likely Voters,511,Internet,Nonpartisan,None,2012,texas,Undecided,NA
2012-texas-president-romney-vs-obama,13603,PPP (D),2012-04-19,2012-04-22,Likely Voters,591,Automated Phone,Pollster,Dem,2012,texas,Obama,43
2012-texas-president-romney-vs-obama,13603,PPP (D),2012-04-19,2012-04-22,Likely Voters,591,Automated Phone,Pollster,Dem,2012,texas,Romney,50
2012-texas-president-romney-vs-obama,13603,PPP (D),2012-04-19,2012-04-22,Likely Voters,591,Automated Phone,Pollster,Dem,2012,texas,Other,NA
2012-texas-president-romney-vs-obama,13603,PPP (D),2012-04-19,2012-04-22,Likely Voters,591,Automated Phone,Pollster,Dem,2012,texas,Undecided,7
2012-texas-president-romney-vs-obama,13457,U of Texas/Texas Tribune,2012-02-08,2012-02-15,Likely Voters,529,Internet,Nonpartisan,None,2012,texas,Obama,36
2012-texas-president-romney-vs-obama,13457,U of Texas/Texas Tribune,2012-02-08,2012-02-15,Likely Voters,529,Internet,Nonpartisan,None,2012,texas,Romney,49
2012-texas-president-romney-vs-obama,13457,U of Texas/Texas Tribune,2012-02-08,2012-02-15,Likely Voters,529,Internet,Nonpartisan,None,2012,texas,Other,NA
2012-texas-president-romney-vs-obama,13457,U of Texas/Texas Tribune,2012-02-08,2012-02-15,Likely Voters,529,Internet,Nonpartisan,None,2012,texas,Undecided,NA
2012-texas-president-romney-vs-obama,12647,PPP (D),2012-01-12,2012-01-15,Likely Voters,700,Automated Phone,Pollster,Dem,2012,texas,Obama,42
2012-texas-president-romney-vs-obama,12647,PPP (D),2012-01-12,2012-01-15,Likely Voters,700,Automated Phone,Pollster,Dem,2012,texas,Romney,49
2012-texas-president-romney-vs-obama,12647,PPP (D),2012-01-12,2012-01-15,Likely Voters,700,Automated Phone,Pollster,Dem,2012,texas,Other,NA
2012-texas-president-romney-vs-obama,12647,PPP (D),2012-01-12,2012-01-15,Likely Voters,700,Automated Phone,Pollster,Dem,2012,texas,Undecided,9
2012-tennessee-president-romney-vs-obama,16594,YouGov,2012-10-31,2012-11-03,Likely Voters,697,Internet,Nonpartisan,None,2012,tennessee,Obama,42
2012-tennessee-president-romney-vs-obama,16594,YouGov,2012-10-31,2012-11-03,Likely Voters,697,Internet,Nonpartisan,None,2012,tennessee,Romney,53
2012-tennessee-president-romney-vs-obama,16594,YouGov,2012-10-31,2012-11-03,Likely Voters,697,Internet,Nonpartisan,None,2012,tennessee,Other,2
2012-tennessee-president-romney-vs-obama,16594,YouGov,2012-10-31,2012-11-03,Likely Voters,697,Internet,Nonpartisan,None,2012,tennessee,Undecided,3
2012-tennessee-president-romney-vs-obama,16330,MTSU,2012-10-16,2012-10-21,Likely Voters,609,Live Phone,Nonpartisan,None,2012,tennessee,Obama,34
2012-tennessee-president-romney-vs-obama,16330,MTSU,2012-10-16,2012-10-21,Likely Voters,609,Live Phone,Nonpartisan,None,2012,tennessee,Romney,59
2012-tennessee-president-romney-vs-obama,16330,MTSU,2012-10-16,2012-10-21,Likely Voters,609,Live Phone,Nonpartisan,None,2012,tennessee,Other,1
2012-tennessee-president-romney-vs-obama,16330,MTSU,2012-10-16,2012-10-21,Likely Voters,609,Live Phone,Nonpartisan,None,2012,tennessee,Undecided,6
2012-tennessee-president-romney-vs-obama,15871,YouGov,2012-10-04,2012-10-11,Likely Voters,484,Internet,Nonpartisan,None,2012,tennessee,Obama,43
2012-tennessee-president-romney-vs-obama,15871,YouGov,2012-10-04,2012-10-11,Likely Voters,484,Internet,Nonpartisan,None,2012,tennessee,Romney,52
2012-tennessee-president-romney-vs-obama,15871,YouGov,2012-10-04,2012-10-11,Likely Voters,484,Internet,Nonpartisan,None,2012,tennessee,Other,2
2012-tennessee-president-romney-vs-obama,15871,YouGov,2012-10-04,2012-10-11,Likely Voters,484,Internet,Nonpartisan,None,2012,tennessee,Undecided,4
2012-tennessee-president-romney-vs-obama,15226,YouGov,2012-09-07,2012-09-14,Likely Voters,694,Internet,Nonpartisan,None,2012,tennessee,Obama,42
2012-tennessee-president-romney-vs-obama,15226,YouGov,2012-09-07,2012-09-14,Likely Voters,694,Internet,Nonpartisan,None,2012,tennessee,Romney,50
2012-tennessee-president-romney-vs-obama,15226,YouGov,2012-09-07,2012-09-14,Likely Voters,694,Internet,Nonpartisan,None,2012,tennessee,Other,4
2012-tennessee-president-romney-vs-obama,15226,YouGov,2012-09-07,2012-09-14,Likely Voters,694,Internet,Nonpartisan,None,2012,tennessee,Undecided,4
2012-tennessee-president-romney-vs-obama,13845,Vanderbit/PSRA,2012-05-02,2012-05-09,Registered Voters,826,Live Phone,Nonpartisan,None,2012,tennessee,Obama,40
2012-tennessee-president-romney-vs-obama,13845,Vanderbit/PSRA,2012-05-02,2012-05-09,Registered Voters,826,Live Phone,Nonpartisan,None,2012,tennessee,Romney,47
2012-tennessee-president-romney-vs-obama,13845,Vanderbit/PSRA,2012-05-02,2012-05-09,Registered Voters,826,Live Phone,Nonpartisan,None,2012,tennessee,Other,NA
2012-tennessee-president-romney-vs-obama,13845,Vanderbit/PSRA,2012-05-02,2012-05-09,Registered Voters,826,Live Phone,Nonpartisan,None,2012,tennessee,Undecided,NA
2012-tennessee-president-romney-vs-obama,13087,MTSU,2012-02-13,2012-02-25,Likely Voters,416,Live Phone,Nonpartisan,None,2012,tennessee,Obama,41
2012-tennessee-president-romney-vs-obama,13087,MTSU,2012-02-13,2012-02-25,Likely Voters,416,Live Phone,Nonpartisan,None,2012,tennessee,Romney,47
2012-tennessee-president-romney-vs-obama,13087,MTSU,2012-02-13,2012-02-25,Likely Voters,416,Live Phone,Nonpartisan,None,2012,tennessee,Other,NA
2012-tennessee-president-romney-vs-obama,13087,MTSU,2012-02-13,2012-02-25,Likely Voters,416,Live Phone,Nonpartisan,None,2012,tennessee,Undecided,NA
2012-tennessee-president-romney-vs-obama,13125,Vanderbit/PSRA,2012-02-16,2012-02-22,Registered Voters,1508,Live Phone,Nonpartisan,None,2012,tennessee,Obama,39
2012-tennessee-president-romney-vs-obama,13125,Vanderbit/PSRA,2012-02-16,2012-02-22,Registered Voters,1508,Live Phone,Nonpartisan,None,2012,tennessee,Romney,42
2012-tennessee-president-romney-vs-obama,13125,Vanderbit/PSRA,2012-02-16,2012-02-22,Registered Voters,1508,Live Phone,Nonpartisan,None,2012,tennessee,Other,NA
2012-tennessee-president-romney-vs-obama,13125,Vanderbit/PSRA,2012-02-16,2012-02-22,Registered Voters,1508,Live Phone,Nonpartisan,None,2012,tennessee,Undecided,7
2012-tennessee-president-romney-vs-obama,12578,MTSU,2011-10-03,2011-10-14,Adults,640,Live Phone,Nonpartisan,None,2012,tennessee,Obama,29
2012-tennessee-president-romney-vs-obama,12578,MTSU,2011-10-03,2011-10-14,Adults,640,Live Phone,Nonpartisan,None,2012,tennessee,Romney,44
2012-tennessee-president-romney-vs-obama,12578,MTSU,2011-10-03,2011-10-14,Adults,640,Live Phone,Nonpartisan,None,2012,tennessee,Other,NA
2012-tennessee-president-romney-vs-obama,12578,MTSU,2011-10-03,2011-10-14,Adults,640,Live Phone,Nonpartisan,None,2012,tennessee,Undecided,NA
2012-south-dakota-president-romney-vs-obama,16663,Nielson Brothers,2012-10-31,2012-11-04,Likely Voters,617,Automated Phone,Nonpartisan,None,2012,south-dakota,Obama,41
2012-south-dakota-president-romney-vs-obama,16663,Nielson Brothers,2012-10-31,2012-11-04,Likely Voters,617,Automated Phone,Nonpartisan,None,2012,south-dakota,Romney,53
2012-south-dakota-president-romney-vs-obama,16663,Nielson Brothers,2012-10-31,2012-11-04,Likely Voters,617,Automated Phone,Nonpartisan,None,2012,south-dakota,Other,NA
2012-south-dakota-president-romney-vs-obama,16663,Nielson Brothers,2012-10-31,2012-11-04,Likely Voters,617,Automated Phone,Nonpartisan,None,2012,south-dakota,Undecided,6
2012-south-dakota-president-romney-vs-obama,16499,Nielson Brothers,2012-10-28,2012-10-31,Likely Voters,777,Automated Phone,Nonpartisan,None,2012,south-dakota,Obama,42
2012-south-dakota-president-romney-vs-obama,16499,Nielson Brothers,2012-10-28,2012-10-31,Likely Voters,777,Automated Phone,Nonpartisan,None,2012,south-dakota,Romney,50
2012-south-dakota-president-romney-vs-obama,16499,Nielson Brothers,2012-10-28,2012-10-31,Likely Voters,777,Automated Phone,Nonpartisan,None,2012,south-dakota,Other,NA
2012-south-dakota-president-romney-vs-obama,16499,Nielson Brothers,2012-10-28,2012-10-31,Likely Voters,777,Automated Phone,Nonpartisan,None,2012,south-dakota,Undecided,8
2012-south-dakota-president-romney-vs-obama,15753,Nielson Brothers,2012-10-01,2012-10-05,Likely Voters,749,Automated Phone,Nonpartisan,None,2012,south-dakota,Obama,41
2012-south-dakota-president-romney-vs-obama,15753,Nielson Brothers,2012-10-01,2012-10-05,Likely Voters,749,Automated Phone,Nonpartisan,None,2012,south-dakota,Romney,52
2012-south-dakota-president-romney-vs-obama,15753,Nielson Brothers,2012-10-01,2012-10-05,Likely Voters,749,Automated Phone,Nonpartisan,None,2012,south-dakota,Other,NA
2012-south-dakota-president-romney-vs-obama,15753,Nielson Brothers,2012-10-01,2012-10-05,Likely Voters,749,Automated Phone,Nonpartisan,None,2012,south-dakota,Undecided,7
2012-south-dakota-president-romney-vs-obama,15249,Nielson Brothers,2012-08-29,2012-09-06,Likely Voters,512,Automated Phone,Nonpartisan,None,2012,south-dakota,Obama,39
2012-south-dakota-president-romney-vs-obama,15249,Nielson Brothers,2012-08-29,2012-09-06,Likely Voters,512,Automated Phone,Nonpartisan,None,2012,south-dakota,Romney,54
2012-south-dakota-president-romney-vs-obama,15249,Nielson Brothers,2012-08-29,2012-09-06,Likely Voters,512,Automated Phone,Nonpartisan,None,2012,south-dakota,Other,NA
2012-south-dakota-president-romney-vs-obama,15249,Nielson Brothers,2012-08-29,2012-09-06,Likely Voters,512,Automated Phone,Nonpartisan,None,2012,south-dakota,Undecided,7
2012-south-dakota-president-romney-vs-obama,14558,Nielson Brothers,2012-07-19,2012-07-23,Registered Voters,546,Automated Phone,Nonpartisan,None,2012,south-dakota,Obama,43
2012-south-dakota-president-romney-vs-obama,14558,Nielson Brothers,2012-07-19,2012-07-23,Registered Voters,546,Automated Phone,Nonpartisan,None,2012,south-dakota,Romney,49
2012-south-dakota-president-romney-vs-obama,14558,Nielson Brothers,2012-07-19,2012-07-23,Registered Voters,546,Automated Phone,Nonpartisan,None,2012,south-dakota,Other,NA
2012-south-dakota-president-romney-vs-obama,14558,Nielson Brothers,2012-07-19,2012-07-23,Registered Voters,546,Automated Phone,Nonpartisan,None,2012,south-dakota,Undecided,8
2012-south-dakota-president-romney-vs-obama,13456,Nielson Brothers,2012-02-15,2012-02-17,Registered Voters,559,Automated Phone,Nonpartisan,None,2012,south-dakota,Obama,35
2012-south-dakota-president-romney-vs-obama,13456,Nielson Brothers,2012-02-15,2012-02-17,Registered Voters,559,Automated Phone,Nonpartisan,None,2012,south-dakota,Romney,44
2012-south-dakota-president-romney-vs-obama,13456,Nielson Brothers,2012-02-15,2012-02-17,Registered Voters,559,Automated Phone,Nonpartisan,None,2012,south-dakota,Other,NA
2012-south-dakota-president-romney-vs-obama,13456,Nielson Brothers,2012-02-15,2012-02-17,Registered Voters,559,Automated Phone,Nonpartisan,None,2012,south-dakota,Undecided,21
2012-south-carolina-president-romney-vs-obama,12475,Ipsos/Reuters (Internet),2012-01-10,2012-01-13,Registered Voters,995,Internet,Nonpartisan,None,2012,south-carolina,Obama,40
2012-south-carolina-president-romney-vs-obama,12475,Ipsos/Reuters (Internet),2012-01-10,2012-01-13,Registered Voters,995,Internet,Nonpartisan,None,2012,south-carolina,Romney,46
2012-south-carolina-president-romney-vs-obama,12475,Ipsos/Reuters (Internet),2012-01-10,2012-01-13,Registered Voters,995,Internet,Nonpartisan,None,2012,south-carolina,Other,NA
2012-south-carolina-president-romney-vs-obama,12475,Ipsos/Reuters (Internet),2012-01-10,2012-01-13,Registered Voters,995,Internet,Nonpartisan,None,2012,south-carolina,Undecided,NA
2012-south-carolina-president-romney-vs-obama,12565,Marist College,2011-12-04,2011-12-06,Likely Voters,2107,Live Phone,Nonpartisan,None,2012,south-carolina,Obama,45
2012-south-carolina-president-romney-vs-obama,12565,Marist College,2011-12-04,2011-12-06,Likely Voters,2107,Live Phone,Nonpartisan,None,2012,south-carolina,Romney,42
2012-south-carolina-president-romney-vs-obama,12565,Marist College,2011-12-04,2011-12-06,Likely Voters,2107,Live Phone,Nonpartisan,None,2012,south-carolina,Other,NA
2012-south-carolina-president-romney-vs-obama,12565,Marist College,2011-12-04,2011-12-06,Likely Voters,2107,Live Phone,Nonpartisan,None,2012,south-carolina,Undecided,13
2012-south-carolina-president-romney-vs-obama,12566,Marist College,2011-10-11,2011-10-13,Likely Voters,2131,Live Phone,Nonpartisan,None,2012,south-carolina,Obama,40
2012-south-carolina-president-romney-vs-obama,12566,Marist College,2011-10-11,2011-10-13,Likely Voters,2131,Live Phone,Nonpartisan,None,2012,south-carolina,Romney,46
2012-south-carolina-president-romney-vs-obama,12566,Marist College,2011-10-11,2011-10-13,Likely Voters,2131,Live Phone,Nonpartisan,None,2012,south-carolina,Other,NA
2012-south-carolina-president-romney-vs-obama,12566,Marist College,2011-10-11,2011-10-13,Likely Voters,2131,Live Phone,Nonpartisan,None,2012,south-carolina,Undecided,14
2012-oregon-president-romney-vs-obama,16491,PPP (D),2012-10-31,2012-11-01,Likely Voters,921,Automated Phone,Pollster,Dem,2012,oregon,Obama,52
2012-oregon-president-romney-vs-obama,16491,PPP (D),2012-10-31,2012-11-01,Likely Voters,921,Automated Phone,Pollster,Dem,2012,oregon,Romney,46
2012-oregon-president-romney-vs-obama,16491,PPP (D),2012-10-31,2012-11-01,Likely Voters,921,Automated Phone,Pollster,Dem,2012,oregon,Other,NA
2012-oregon-president-romney-vs-obama,16491,PPP (D),2012-10-31,2012-11-01,Likely Voters,921,Automated Phone,Pollster,Dem,2012,oregon,Undecided,3
2012-oregon-president-romney-vs-obama,16315,Elway/Oregonian,2012-10-25,2012-10-28,Likely Voters,405,Live Phone,Nonpartisan,None,2012,oregon,Obama,47
2012-oregon-president-romney-vs-obama,16315,Elway/Oregonian,2012-10-25,2012-10-28,Likely Voters,405,Live Phone,Nonpartisan,None,2012,oregon,Romney,41
2012-oregon-president-romney-vs-obama,16315,Elway/Oregonian,2012-10-25,2012-10-28,Likely Voters,405,Live Phone,Nonpartisan,None,2012,oregon,Other,NA
2012-oregon-president-romney-vs-obama,16315,Elway/Oregonian,2012-10-25,2012-10-28,Likely Voters,405,Live Phone,Nonpartisan,None,2012,oregon,Undecided,9
2012-oregon-president-romney-vs-obama,16329,Hoffman Research (R),2012-10-24,2012-10-25,Likely Voters,615,Live Phone,Pollster,Rep,2012,oregon,Obama,47
2012-oregon-president-romney-vs-obama,16329,Hoffman Research (R),2012-10-24,2012-10-25,Likely Voters,615,Live Phone,Pollster,Rep,2012,oregon,Romney,42
2012-oregon-president-romney-vs-obama,16329,Hoffman Research (R),2012-10-24,2012-10-25,Likely Voters,615,Live Phone,Pollster,Rep,2012,oregon,Other,NA
2012-oregon-president-romney-vs-obama,16329,Hoffman Research (R),2012-10-24,2012-10-25,Likely Voters,615,Live Phone,Pollster,Rep,2012,oregon,Undecided,12
2012-oregon-president-romney-vs-obama,15941,SurveyUSA,2012-10-16,2012-10-18,Likely Voters,579,IVR/Online,Nonpartisan,None,2012,oregon,Obama,49
2012-oregon-president-romney-vs-obama,15941,SurveyUSA,2012-10-16,2012-10-18,Likely Voters,579,IVR/Online,Nonpartisan,None,2012,oregon,Romney,42
2012-oregon-president-romney-vs-obama,15941,SurveyUSA,2012-10-16,2012-10-18,Likely Voters,579,IVR/Online,Nonpartisan,None,2012,oregon,Other,NA
2012-oregon-president-romney-vs-obama,15941,SurveyUSA,2012-10-16,2012-10-18,Likely Voters,579,IVR/Online,Nonpartisan,None,2012,oregon,Undecided,5
2012-oregon-president-romney-vs-obama,15097,SurveyUSA,2012-09-10,2012-09-13,Likely Voters,552,IVR/Online,Nonpartisan,None,2012,oregon,Obama,50
2012-oregon-president-romney-vs-obama,15097,SurveyUSA,2012-09-10,2012-09-13,Likely Voters,552,IVR/Online,Nonpartisan,None,2012,oregon,Romney,41
2012-oregon-president-romney-vs-obama,15097,SurveyUSA,2012-09-10,2012-09-13,Likely Voters,552,IVR/Online,Nonpartisan,None,2012,oregon,Other,NA
2012-oregon-president-romney-vs-obama,15097,SurveyUSA,2012-09-10,2012-09-13,Likely Voters,552,IVR/Online,Nonpartisan,None,2012,oregon,Undecided,5
2012-oregon-president-romney-vs-obama,14185,PPP (D),2012-06-21,2012-06-24,Likely Voters,686,Automated Phone,Pollster,Dem,2012,oregon,Obama,50
2012-oregon-president-romney-vs-obama,14185,PPP (D),2012-06-21,2012-06-24,Likely Voters,686,Automated Phone,Pollster,Dem,2012,oregon,Romney,42
2012-oregon-president-romney-vs-obama,14185,PPP (D),2012-06-21,2012-06-24,Likely Voters,686,Automated Phone,Pollster,Dem,2012,oregon,Other,NA
2012-oregon-president-romney-vs-obama,14185,PPP (D),2012-06-21,2012-06-24,Likely Voters,686,Automated Phone,Pollster,Dem,2012,oregon,Undecided,8
2012-oregon-president-romney-vs-obama,13744,SurveyUSA,2012-05-07,2012-05-10,Registered Voters,1468,IVR/Online,Nonpartisan,None,2012,oregon,Obama,47
2012-oregon-president-romney-vs-obama,13744,SurveyUSA,2012-05-07,2012-05-10,Registered Voters,1468,IVR/Online,Nonpartisan,None,2012,oregon,Romney,43
2012-oregon-president-romney-vs-obama,13744,SurveyUSA,2012-05-07,2012-05-10,Registered Voters,1468,IVR/Online,Nonpartisan,None,2012,oregon,Other,NA
2012-oregon-president-romney-vs-obama,13744,SurveyUSA,2012-05-07,2012-05-10,Registered Voters,1468,IVR/Online,Nonpartisan,None,2012,oregon,Undecided,10
2012-oregon-president-romney-vs-obama,13294,SurveyUSA,2012-03-14,2012-03-19,Likely Voters,1615,IVR/Online,Nonpartisan,None,2012,oregon,Obama,50
2012-oregon-president-romney-vs-obama,13294,SurveyUSA,2012-03-14,2012-03-19,Likely Voters,1615,IVR/Online,Nonpartisan,None,2012,oregon,Romney,39
2012-oregon-president-romney-vs-obama,13294,SurveyUSA,2012-03-14,2012-03-19,Likely Voters,1615,IVR/Online,Nonpartisan,None,2012,oregon,Other,NA
2012-oregon-president-romney-vs-obama,13294,SurveyUSA,2012-03-14,2012-03-19,Likely Voters,1615,IVR/Online,Nonpartisan,None,2012,oregon,Undecided,11
2012-new-york-president-romney-vs-obama,16579,YouGov,2012-10-31,2012-11-03,Likely Voters,1430,Internet,Nonpartisan,None,2012,new-york,Obama,59
2012-new-york-president-romney-vs-obama,16579,YouGov,2012-10-31,2012-11-03,Likely Voters,1430,Internet,Nonpartisan,None,2012,new-york,Romney,36
2012-new-york-president-romney-vs-obama,16579,YouGov,2012-10-31,2012-11-03,Likely Voters,1430,Internet,Nonpartisan,None,2012,new-york,Other,2
2012-new-york-president-romney-vs-obama,16579,YouGov,2012-10-31,2012-11-03,Likely Voters,1430,Internet,Nonpartisan,None,2012,new-york,Undecided,3
2012-new-york-president-romney-vs-obama,16219,SurveyUSA,2012-10-23,2012-10-25,Likely Voters,554,IVR/Online,Nonpartisan,None,2012,new-york,Obama,62
2012-new-york-president-romney-vs-obama,16219,SurveyUSA,2012-10-23,2012-10-25,Likely Voters,554,IVR/Online,Nonpartisan,None,2012,new-york,Romney,33
2012-new-york-president-romney-vs-obama,16219,SurveyUSA,2012-10-23,2012-10-25,Likely Voters,554,IVR/Online,Nonpartisan,None,2012,new-york,Other,4
2012-new-york-president-romney-vs-obama,16219,SurveyUSA,2012-10-23,2012-10-25,Likely Voters,554,IVR/Online,Nonpartisan,None,2012,new-york,Undecided,2
2012-new-york-president-romney-vs-obama,16188,Siena,2012-10-22,2012-10-24,Likely Voters,750,Live Phone,Nonpartisan,None,2012,new-york,Obama,59
2012-new-york-president-romney-vs-obama,16188,Siena,2012-10-22,2012-10-24,Likely Voters,750,Live Phone,Nonpartisan,None,2012,new-york,Romney,35
2012-new-york-president-romney-vs-obama,16188,Siena,2012-10-22,2012-10-24,Likely Voters,750,Live Phone,Nonpartisan,None,2012,new-york,Other,NA
2012-new-york-president-romney-vs-obama,16188,Siena,2012-10-22,2012-10-24,Likely Voters,750,Live Phone,Nonpartisan,None,2012,new-york,Undecided,6
2012-new-york-president-romney-vs-obama,16137,Marist,2012-10-18,2012-10-21,Likely Voters,565,Live Phone,Nonpartisan,None,2012,new-york,Obama,61
2012-new-york-president-romney-vs-obama,16137,Marist,2012-10-18,2012-10-21,Likely Voters,565,Live Phone,Nonpartisan,None,2012,new-york,Romney,35
2012-new-york-president-romney-vs-obama,16137,Marist,2012-10-18,2012-10-21,Likely Voters,565,Live Phone,Nonpartisan,None,2012,new-york,Other,1
2012-new-york-president-romney-vs-obama,16137,Marist,2012-10-18,2012-10-21,Likely Voters,565,Live Phone,Nonpartisan,None,2012,new-york,Undecided,3
2012-new-york-president-romney-vs-obama,15856,YouGov,2012-10-04,2012-10-11,Likely Voters,1403,Internet,Nonpartisan,None,2012,new-york,Obama,59
2012-new-york-president-romney-vs-obama,15856,YouGov,2012-10-04,2012-10-11,Likely Voters,1403,Internet,Nonpartisan,None,2012,new-york,Romney,35
2012-new-york-president-romney-vs-obama,15856,YouGov,2012-10-04,2012-10-11,Likely Voters,1403,Internet,Nonpartisan,None,2012,new-york,Other,2
2012-new-york-president-romney-vs-obama,15856,YouGov,2012-10-04,2012-10-11,Likely Voters,1403,Internet,Nonpartisan,None,2012,new-york,Undecided,4
2012-new-york-president-romney-vs-obama,15227,YouGov,2012-09-07,2012-09-14,Likely Voters,1403,Internet,Nonpartisan,None,2012,new-york,Obama,58
2012-new-york-president-romney-vs-obama,15227,YouGov,2012-09-07,2012-09-14,Likely Voters,1403,Internet,Nonpartisan,None,2012,new-york,Romney,36
2012-new-york-president-romney-vs-obama,15227,YouGov,2012-09-07,2012-09-14,Likely Voters,1403,Internet,Nonpartisan,None,2012,new-york,Other,2
2012-new-york-president-romney-vs-obama,15227,YouGov,2012-09-07,2012-09-14,Likely Voters,1403,Internet,Nonpartisan,None,2012,new-york,Undecided,4
2012-new-york-president-romney-vs-obama,14998,Quinnipiac,2012-09-04,2012-09-12,Likely Voters,1486,Live Phone,Nonpartisan,None,2012,new-york,Obama,62
2012-new-york-president-romney-vs-obama,14998,Quinnipiac,2012-09-04,2012-09-12,Likely Voters,1486,Live Phone,Nonpartisan,None,2012,new-york,Romney,34
2012-new-york-president-romney-vs-obama,14998,Quinnipiac,2012-09-04,2012-09-12,Likely Voters,1486,Live Phone,Nonpartisan,None,2012,new-york,Other,1
2012-new-york-president-romney-vs-obama,14998,Quinnipiac,2012-09-04,2012-09-12,Likely Voters,1486,Live Phone,Nonpartisan,None,2012,new-york,Undecided,2
2012-new-york-president-romney-vs-obama,14726,Siena,2012-08-14,2012-08-19,Likely Voters,671,Live Phone,Nonpartisan,None,2012,new-york,Obama,62
2012-new-york-president-romney-vs-obama,14726,Siena,2012-08-14,2012-08-19,Likely Voters,671,Live Phone,Nonpartisan,None,2012,new-york,Romney,33
2012-new-york-president-romney-vs-obama,14726,Siena,2012-08-14,2012-08-19,Likely Voters,671,Live Phone,Nonpartisan,None,2012,new-york,Other,NA
2012-new-york-president-romney-vs-obama,14726,Siena,2012-08-14,2012-08-19,Likely Voters,671,Live Phone,Nonpartisan,None,2012,new-york,Undecided,5
2012-new-york-president-romney-vs-obama,14440,Quinnipiac,2012-07-17,2012-07-23,Registered Voters,1779,Live Phone,Nonpartisan,None,2012,new-york,Obama,55
2012-new-york-president-romney-vs-obama,14440,Quinnipiac,2012-07-17,2012-07-23,Registered Voters,1779,Live Phone,Nonpartisan,None,2012,new-york,Romney,32
2012-new-york-president-romney-vs-obama,14440,Quinnipiac,2012-07-17,2012-07-23,Registered Voters,1779,Live Phone,Nonpartisan,None,2012,new-york,Other,2
2012-new-york-president-romney-vs-obama,14440,Quinnipiac,2012-07-17,2012-07-23,Registered Voters,1779,Live Phone,Nonpartisan,None,2012,new-york,Undecided,10
2012-new-york-president-romney-vs-obama,14362,Siena,2012-07-10,2012-07-15,Registered Voters,758,Live Phone,Nonpartisan,None,2012,new-york,Obama,61
2012-new-york-president-romney-vs-obama,14362,Siena,2012-07-10,2012-07-15,Registered Voters,758,Live Phone,Nonpartisan,None,2012,new-york,Romney,34
2012-new-york-president-romney-vs-obama,14362,Siena,2012-07-10,2012-07-15,Registered Voters,758,Live Phone,Nonpartisan,None,2012,new-york,Other,NA
2012-new-york-president-romney-vs-obama,14362,Siena,2012-07-10,2012-07-15,Registered Voters,758,Live Phone,Nonpartisan,None,2012,new-york,Undecided,5
2012-new-york-president-romney-vs-obama,14068,Siena,2012-06-03,2012-06-06,Registered Voters,807,Live Phone,Nonpartisan,None,2012,new-york,Obama,59
2012-new-york-president-romney-vs-obama,14068,Siena,2012-06-03,2012-06-06,Registered Voters,807,Live Phone,Nonpartisan,None,2012,new-york,Romney,35
2012-new-york-president-romney-vs-obama,14068,Siena,2012-06-03,2012-06-06,Registered Voters,807,Live Phone,Nonpartisan,None,2012,new-york,Other,NA
2012-new-york-president-romney-vs-obama,14068,Siena,2012-06-03,2012-06-06,Registered Voters,807,Live Phone,Nonpartisan,None,2012,new-york,Undecided,6
2012-new-york-president-romney-vs-obama,13968,Quinnipiac,2012-05-22,2012-05-28,Registered Voters,1504,Live Phone,Nonpartisan,None,2012,new-york,Obama,56
2012-new-york-president-romney-vs-obama,13968,Quinnipiac,2012-05-22,2012-05-28,Registered Voters,1504,Live Phone,Nonpartisan,None,2012,new-york,Romney,31
2012-new-york-president-romney-vs-obama,13968,Quinnipiac,2012-05-22,2012-05-28,Registered Voters,1504,Live Phone,Nonpartisan,None,2012,new-york,Other,2
2012-new-york-president-romney-vs-obama,13968,Quinnipiac,2012-05-22,2012-05-28,Registered Voters,1504,Live Phone,Nonpartisan,None,2012,new-york,Undecided,8
2012-new-york-president-romney-vs-obama,13797,Siena,2012-05-06,2012-05-10,Registered Voters,766,Live Phone,Nonpartisan,None,2012,new-york,Obama,57
2012-new-york-president-romney-vs-obama,13797,Siena,2012-05-06,2012-05-10,Registered Voters,766,Live Phone,Nonpartisan,None,2012,new-york,Romney,37
2012-new-york-president-romney-vs-obama,13797,Siena,2012-05-06,2012-05-10,Registered Voters,766,Live Phone,Nonpartisan,None,2012,new-york,Other,NA
2012-new-york-president-romney-vs-obama,13797,Siena,2012-05-06,2012-05-10,Registered Voters,766,Live Phone,Nonpartisan,None,2012,new-york,Undecided,6
2012-new-york-president-romney-vs-obama,13554,Marist,2012-04-10,2012-04-12,Registered Voters,632,Live Phone,Nonpartisan,None,2012,new-york,Obama,57
2012-new-york-president-romney-vs-obama,13554,Marist,2012-04-10,2012-04-12,Registered Voters,632,Live Phone,Nonpartisan,None,2012,new-york,Romney,35
2012-new-york-president-romney-vs-obama,13554,Marist,2012-04-10,2012-04-12,Registered Voters,632,Live Phone,Nonpartisan,None,2012,new-york,Other,NA
2012-new-york-president-romney-vs-obama,13554,Marist,2012-04-10,2012-04-12,Registered Voters,632,Live Phone,Nonpartisan,None,2012,new-york,Undecided,8
2012-new-york-president-romney-vs-obama,13492,Siena,2012-04-01,2012-04-04,Registered Voters,808,Live Phone,Nonpartisan,None,2012,new-york,Obama,60
2012-new-york-president-romney-vs-obama,13492,Siena,2012-04-01,2012-04-04,Registered Voters,808,Live Phone,Nonpartisan,None,2012,new-york,Romney,35
2012-new-york-president-romney-vs-obama,13492,Siena,2012-04-01,2012-04-04,Registered Voters,808,Live Phone,Nonpartisan,None,2012,new-york,Other,NA
2012-new-york-president-romney-vs-obama,13492,Siena,2012-04-01,2012-04-04,Registered Voters,808,Live Phone,Nonpartisan,None,2012,new-york,Undecided,5
2012-new-york-president-romney-vs-obama,13439,Quinnipiac,2012-03-28,2012-04-02,Registered Voters,1597,Live Phone,Nonpartisan,None,2012,new-york,Obama,56
2012-new-york-president-romney-vs-obama,13439,Quinnipiac,2012-03-28,2012-04-02,Registered Voters,1597,Live Phone,Nonpartisan,None,2012,new-york,Romney,33
2012-new-york-president-romney-vs-obama,13439,Quinnipiac,2012-03-28,2012-04-02,Registered Voters,1597,Live Phone,Nonpartisan,None,2012,new-york,Other,2
2012-new-york-president-romney-vs-obama,13439,Quinnipiac,2012-03-28,2012-04-02,Registered Voters,1597,Live Phone,Nonpartisan,None,2012,new-york,Undecided,10
2012-new-york-president-romney-vs-obama,13321,Siena,2012-02-26,2012-02-29,Registered Voters,808,Live Phone,Nonpartisan,None,2012,new-york,Obama,60
2012-new-york-president-romney-vs-obama,13321,Siena,2012-02-26,2012-02-29,Registered Voters,808,Live Phone,Nonpartisan,None,2012,new-york,Romney,34
2012-new-york-president-romney-vs-obama,13321,Siena,2012-02-26,2012-02-29,Registered Voters,808,Live Phone,Nonpartisan,None,2012,new-york,Other,NA
2012-new-york-president-romney-vs-obama,13321,Siena,2012-02-26,2012-02-29,Registered Voters,808,Live Phone,Nonpartisan,None,2012,new-york,Undecided,6
2012-new-york-president-romney-vs-obama,13146,Quinnipiac,2012-02-08,2012-02-13,Registered Voters,1233,Live Phone,Nonpartisan,None,2012,new-york,Obama,52
2012-new-york-president-romney-vs-obama,13146,Quinnipiac,2012-02-08,2012-02-13,Registered Voters,1233,Live Phone,Nonpartisan,None,2012,new-york,Romney,35
2012-new-york-president-romney-vs-obama,13146,Quinnipiac,2012-02-08,2012-02-13,Registered Voters,1233,Live Phone,Nonpartisan,None,2012,new-york,Other,2
2012-new-york-president-romney-vs-obama,13146,Quinnipiac,2012-02-08,2012-02-13,Registered Voters,1233,Live Phone,Nonpartisan,None,2012,new-york,Undecided,7
2012-new-york-president-romney-vs-obama,13322,Siena,2012-01-29,2012-02-01,Registered Voters,807,Live Phone,Nonpartisan,None,2012,new-york,Obama,63
2012-new-york-president-romney-vs-obama,13322,Siena,2012-01-29,2012-02-01,Registered Voters,807,Live Phone,Nonpartisan,None,2012,new-york,Romney,31
2012-new-york-president-romney-vs-obama,13322,Siena,2012-01-29,2012-02-01,Registered Voters,807,Live Phone,Nonpartisan,None,2012,new-york,Other,NA
2012-new-york-president-romney-vs-obama,13322,Siena,2012-01-29,2012-02-01,Registered Voters,807,Live Phone,Nonpartisan,None,2012,new-york,Undecided,6
2012-new-york-president-romney-vs-obama,13455,Marist,2012-01-18,2012-01-19,Registered Voters,554,Live Phone,Nonpartisan,None,2012,new-york,Obama,58
2012-new-york-president-romney-vs-obama,13455,Marist,2012-01-18,2012-01-19,Registered Voters,554,Live Phone,Nonpartisan,None,2012,new-york,Romney,35
2012-new-york-president-romney-vs-obama,13455,Marist,2012-01-18,2012-01-19,Registered Voters,554,Live Phone,Nonpartisan,None,2012,new-york,Other,NA
2012-new-york-president-romney-vs-obama,13455,Marist,2012-01-18,2012-01-19,Registered Voters,554,Live Phone,Nonpartisan,None,2012,new-york,Undecided,7
2012-new-jersey-president-romney-vs-obama,16587,YouGov,2012-10-31,2012-11-03,Likely Voters,987,Internet,Nonpartisan,None,2012,new-jersey,Obama,53
2012-new-jersey-president-romney-vs-obama,16587,YouGov,2012-10-31,2012-11-03,Likely Voters,987,Internet,Nonpartisan,None,2012,new-jersey,Romney,41
2012-new-jersey-president-romney-vs-obama,16587,YouGov,2012-10-31,2012-11-03,Likely Voters,987,Internet,Nonpartisan,None,2012,new-jersey,Other,2
2012-new-jersey-president-romney-vs-obama,16587,YouGov,2012-10-31,2012-11-03,Likely Voters,987,Internet,Nonpartisan,None,2012,new-jersey,Undecided,4
2012-new-jersey-president-romney-vs-obama,16213,Philadelphia Inquirer/National Research (R)/GSG (D),2012-10-23,2012-10-25,Likely Voters,601,Live Phone,Nonpartisan,None,2012,new-jersey,Obama,51
2012-new-jersey-president-romney-vs-obama,16213,Philadelphia Inquirer/National Research (R)/GSG (D),2012-10-23,2012-10-25,Likely Voters,601,Live Phone,Nonpartisan,None,2012,new-jersey,Romney,41
2012-new-jersey-president-romney-vs-obama,16213,Philadelphia Inquirer/National Research (R)/GSG (D),2012-10-23,2012-10-25,Likely Voters,601,Live Phone,Nonpartisan,None,2012,new-jersey,Other,NA
2012-new-jersey-president-romney-vs-obama,16213,Philadelphia Inquirer/National Research (R)/GSG (D),2012-10-23,2012-10-25,Likely Voters,601,Live Phone,Nonpartisan,None,2012,new-jersey,Undecided,8
2012-new-jersey-president-romney-vs-obama,15975,SurveyUSA,2012-10-17,2012-10-18,Registered Voters,577,IVR/Online,Nonpartisan,None,2012,new-jersey,Obama,54
2012-new-jersey-president-romney-vs-obama,15975,SurveyUSA,2012-10-17,2012-10-18,Registered Voters,577,IVR/Online,Nonpartisan,None,2012,new-jersey,Romney,40
2012-new-jersey-president-romney-vs-obama,15975,SurveyUSA,2012-10-17,2012-10-18,Registered Voters,577,IVR/Online,Nonpartisan,None,2012,new-jersey,Other,2
2012-new-jersey-president-romney-vs-obama,15975,SurveyUSA,2012-10-17,2012-10-18,Registered Voters,577,IVR/Online,Nonpartisan,None,2012,new-jersey,Undecided,4
2012-new-jersey-president-romney-vs-obama,15982,Stockton,2012-10-12,2012-10-18,Likely Voters,811,Live Phone,Nonpartisan,None,2012,new-jersey,Obama,53
2012-new-jersey-president-romney-vs-obama,15982,Stockton,2012-10-12,2012-10-18,Likely Voters,811,Live Phone,Nonpartisan,None,2012,new-jersey,Romney,38
2012-new-jersey-president-romney-vs-obama,15982,Stockton,2012-10-12,2012-10-18,Likely Voters,811,Live Phone,Nonpartisan,None,2012,new-jersey,Other,NA
2012-new-jersey-president-romney-vs-obama,15982,Stockton,2012-10-12,2012-10-18,Likely Voters,811,Live Phone,Nonpartisan,None,2012,new-jersey,Undecided,NA
2012-new-jersey-president-romney-vs-obama,15870,Neighborhood (R-AFP),2012-10-10,2012-10-14,Likely Voters,783,Live Phone,Sponsor,Rep,2012,new-jersey,Obama,48
2012-new-jersey-president-romney-vs-obama,15870,Neighborhood (R-AFP),2012-10-10,2012-10-14,Likely Voters,783,Live Phone,Sponsor,Rep,2012,new-jersey,Romney,41
2012-new-jersey-president-romney-vs-obama,15870,Neighborhood (R-AFP),2012-10-10,2012-10-14,Likely Voters,783,Live Phone,Sponsor,Rep,2012,new-jersey,Other,NA
2012-new-jersey-president-romney-vs-obama,15870,Neighborhood (R-AFP),2012-10-10,2012-10-14,Likely Voters,783,Live Phone,Sponsor,Rep,2012,new-jersey,Undecided,NA
2012-new-jersey-president-romney-vs-obama,15819,Quinnipiac,2012-10-10,2012-10-14,Likely Voters,1319,Live Phone,Nonpartisan,None,2012,new-jersey,Obama,51
2012-new-jersey-president-romney-vs-obama,15819,Quinnipiac,2012-10-10,2012-10-14,Likely Voters,1319,Live Phone,Nonpartisan,None,2012,new-jersey,Romney,43
2012-new-jersey-president-romney-vs-obama,15819,Quinnipiac,2012-10-10,2012-10-14,Likely Voters,1319,Live Phone,Nonpartisan,None,2012,new-jersey,Other,1
2012-new-jersey-president-romney-vs-obama,15819,Quinnipiac,2012-10-10,2012-10-14,Likely Voters,1319,Live Phone,Nonpartisan,None,2012,new-jersey,Undecided,5
2012-new-jersey-president-romney-vs-obama,15846,YouGov,2012-10-04,2012-10-11,Likely Voters,770,Internet,Nonpartisan,None,2012,new-jersey,Obama,54
2012-new-jersey-president-romney-vs-obama,15846,YouGov,2012-10-04,2012-10-11,Likely Voters,770,Internet,Nonpartisan,None,2012,new-jersey,Romney,41
2012-new-jersey-president-romney-vs-obama,15846,YouGov,2012-10-04,2012-10-11,Likely Voters,770,Internet,Nonpartisan,None,2012,new-jersey,Other,2
2012-new-jersey-president-romney-vs-obama,15846,YouGov,2012-10-04,2012-10-11,Likely Voters,770,Internet,Nonpartisan,None,2012,new-jersey,Undecided,3
2012-new-jersey-president-romney-vs-obama,15691,Philadelphia Inquirer/National Research (R)/GSG (D),2012-10-04,2012-10-08,Likely Voters,604,Live Phone,Nonpartisan,None,2012,new-jersey,Obama,51
2012-new-jersey-president-romney-vs-obama,15691,Philadelphia Inquirer/National Research (R)/GSG (D),2012-10-04,2012-10-08,Likely Voters,604,Live Phone,Nonpartisan,None,2012,new-jersey,Romney,40
2012-new-jersey-president-romney-vs-obama,15691,Philadelphia Inquirer/National Research (R)/GSG (D),2012-10-04,2012-10-08,Likely Voters,604,Live Phone,Nonpartisan,None,2012,new-jersey,Other,NA
2012-new-jersey-president-romney-vs-obama,15691,Philadelphia Inquirer/National Research (R)/GSG (D),2012-10-04,2012-10-08,Likely Voters,604,Live Phone,Nonpartisan,None,2012,new-jersey,Undecided,10
2012-new-jersey-president-romney-vs-obama,15491,Rutgers-Eagleton,2012-09-27,2012-09-30,Likely Voters,645,Live Phone,Nonpartisan,None,2012,new-jersey,Obama,56
2012-new-jersey-president-romney-vs-obama,15491,Rutgers-Eagleton,2012-09-27,2012-09-30,Likely Voters,645,Live Phone,Nonpartisan,None,2012,new-jersey,Romney,39
2012-new-jersey-president-romney-vs-obama,15491,Rutgers-Eagleton,2012-09-27,2012-09-30,Likely Voters,645,Live Phone,Nonpartisan,None,2012,new-jersey,Other,2
2012-new-jersey-president-romney-vs-obama,15491,Rutgers-Eagleton,2012-09-27,2012-09-30,Likely Voters,645,Live Phone,Nonpartisan,None,2012,new-jersey,Undecided,4
2012-new-jersey-president-romney-vs-obama,15299,Monmouth University/Asbury Park Press,2012-09-19,2012-09-23,Likely Voters,613,Live Phone,Nonpartisan,None,2012,new-jersey,Obama,52
2012-new-jersey-president-romney-vs-obama,15299,Monmouth University/Asbury Park Press,2012-09-19,2012-09-23,Likely Voters,613,Live Phone,Nonpartisan,None,2012,new-jersey,Romney,37
2012-new-jersey-president-romney-vs-obama,15299,Monmouth University/Asbury Park Press,2012-09-19,2012-09-23,Likely Voters,613,Live Phone,Nonpartisan,None,2012,new-jersey,Other,1
2012-new-jersey-president-romney-vs-obama,15299,Monmouth University/Asbury Park Press,2012-09-19,2012-09-23,Likely Voters,613,Live Phone,Nonpartisan,None,2012,new-jersey,Undecided,10
2012-new-jersey-president-romney-vs-obama,15195,YouGov,2012-09-07,2012-09-14,Likely Voters,1040,Internet,Nonpartisan,None,2012,new-jersey,Obama,52
2012-new-jersey-president-romney-vs-obama,15195,YouGov,2012-09-07,2012-09-14,Likely Voters,1040,Internet,Nonpartisan,None,2012,new-jersey,Romney,40
2012-new-jersey-president-romney-vs-obama,15195,YouGov,2012-09-07,2012-09-14,Likely Voters,1040,Internet,Nonpartisan,None,2012,new-jersey,Other,3
2012-new-jersey-president-romney-vs-obama,15195,YouGov,2012-09-07,2012-09-14,Likely Voters,1040,Internet,Nonpartisan,None,2012,new-jersey,Undecided,4
2012-new-jersey-president-romney-vs-obama,15075,Philadelphia Inquirer/National Research (R)/GSG (D),2012-09-09,2012-09-12,Likely Voters,600,Live Phone,Nonpartisan,None,2012,new-jersey,Obama,51
2012-new-jersey-president-romney-vs-obama,15075,Philadelphia Inquirer/National Research (R)/GSG (D),2012-09-09,2012-09-12,Likely Voters,600,Live Phone,Nonpartisan,None,2012,new-jersey,Romney,37
2012-new-jersey-president-romney-vs-obama,15075,Philadelphia Inquirer/National Research (R)/GSG (D),2012-09-09,2012-09-12,Likely Voters,600,Live Phone,Nonpartisan,None,2012,new-jersey,Other,NA
2012-new-jersey-president-romney-vs-obama,15075,Philadelphia Inquirer/National Research (R)/GSG (D),2012-09-09,2012-09-12,Likely Voters,600,Live Phone,Nonpartisan,None,2012,new-jersey,Undecided,12
2012-new-jersey-president-romney-vs-obama,15035,Fairleigh Dickinson,2012-09-06,2012-09-12,Likely Voters,706,Live Phone,Nonpartisan,None,2012,new-jersey,Obama,52
2012-new-jersey-president-romney-vs-obama,15035,Fairleigh Dickinson,2012-09-06,2012-09-12,Likely Voters,706,Live Phone,Nonpartisan,None,2012,new-jersey,Romney,38
2012-new-jersey-president-romney-vs-obama,15035,Fairleigh Dickinson,2012-09-06,2012-09-12,Likely Voters,706,Live Phone,Nonpartisan,None,2012,new-jersey,Other,1
2012-new-jersey-president-romney-vs-obama,15035,Fairleigh Dickinson,2012-09-06,2012-09-12,Likely Voters,706,Live Phone,Nonpartisan,None,2012,new-jersey,Undecided,9
2012-new-jersey-president-romney-vs-obama,14902,Quinnipiac,2012-08-27,2012-09-02,Likely Voters,1471,Live Phone,Nonpartisan,None,2012,new-jersey,Obama,51
2012-new-jersey-president-romney-vs-obama,14902,Quinnipiac,2012-08-27,2012-09-02,Likely Voters,1471,Live Phone,Nonpartisan,None,2012,new-jersey,Romney,44
2012-new-jersey-president-romney-vs-obama,14902,Quinnipiac,2012-08-27,2012-09-02,Likely Voters,1471,Live Phone,Nonpartisan,None,2012,new-jersey,Other,1
2012-new-jersey-president-romney-vs-obama,14902,Quinnipiac,2012-08-27,2012-09-02,Likely Voters,1471,Live Phone,Nonpartisan,None,2012,new-jersey,Undecided,4
2012-new-jersey-president-romney-vs-obama,14821,Rutgers-Eagleton,2012-08-23,2012-08-25,Likely Voters,710,Live Phone,Nonpartisan,None,2012,new-jersey,Obama,51
2012-new-jersey-president-romney-vs-obama,14821,Rutgers-Eagleton,2012-08-23,2012-08-25,Likely Voters,710,Live Phone,Nonpartisan,None,2012,new-jersey,Romney,37
2012-new-jersey-president-romney-vs-obama,14821,Rutgers-Eagleton,2012-08-23,2012-08-25,Likely Voters,710,Live Phone,Nonpartisan,None,2012,new-jersey,Other,6
2012-new-jersey-president-romney-vs-obama,14821,Rutgers-Eagleton,2012-08-23,2012-08-25,Likely Voters,710,Live Phone,Nonpartisan,None,2012,new-jersey,Undecided,5
2012-new-jersey-president-romney-vs-obama,14543,Fairleigh Dickinson,2012-07-23,2012-07-29,Registered Voters,945,Live Phone,Nonpartisan,None,2012,new-jersey,Obama,49
2012-new-jersey-president-romney-vs-obama,14543,Fairleigh Dickinson,2012-07-23,2012-07-29,Registered Voters,945,Live Phone,Nonpartisan,None,2012,new-jersey,Romney,36
2012-new-jersey-president-romney-vs-obama,14543,Fairleigh Dickinson,2012-07-23,2012-07-29,Registered Voters,945,Live Phone,Nonpartisan,None,2012,new-jersey,Other,NA
2012-new-jersey-president-romney-vs-obama,14543,Fairleigh Dickinson,2012-07-23,2012-07-29,Registered Voters,945,Live Phone,Nonpartisan,None,2012,new-jersey,Undecided,15
2012-new-jersey-president-romney-vs-obama,14456,Monmouth University/Asbury Park Press,2012-07-18,2012-07-22,Likely Voters,535,Live Phone,Nonpartisan,None,2012,new-jersey,Obama,50
2012-new-jersey-president-romney-vs-obama,14456,Monmouth University/Asbury Park Press,2012-07-18,2012-07-22,Likely Voters,535,Live Phone,Nonpartisan,None,2012,new-jersey,Romney,42
2012-new-jersey-president-romney-vs-obama,14456,Monmouth University/Asbury Park Press,2012-07-18,2012-07-22,Likely Voters,535,Live Phone,Nonpartisan,None,2012,new-jersey,Other,1
2012-new-jersey-president-romney-vs-obama,14456,Monmouth University/Asbury Park Press,2012-07-18,2012-07-22,Likely Voters,535,Live Phone,Nonpartisan,None,2012,new-jersey,Undecided,6
2012-new-jersey-president-romney-vs-obama,14371,Quinnipiac,2012-07-09,2012-07-15,Registered Voters,1623,Live Phone,Nonpartisan,None,2012,new-jersey,Obama,49
2012-new-jersey-president-romney-vs-obama,14371,Quinnipiac,2012-07-09,2012-07-15,Registered Voters,1623,Live Phone,Nonpartisan,None,2012,new-jersey,Romney,38
2012-new-jersey-president-romney-vs-obama,14371,Quinnipiac,2012-07-09,2012-07-15,Registered Voters,1623,Live Phone,Nonpartisan,None,2012,new-jersey,Other,2
2012-new-jersey-president-romney-vs-obama,14371,Quinnipiac,2012-07-09,2012-07-15,Registered Voters,1623,Live Phone,Nonpartisan,None,2012,new-jersey,Undecided,11
2012-new-jersey-president-romney-vs-obama,14088,Rutgers-Eagleton,2012-05-31,2012-06-04,Registered Voters,1065,Live Phone,Nonpartisan,None,2012,new-jersey,Obama,56
2012-new-jersey-president-romney-vs-obama,14088,Rutgers-Eagleton,2012-05-31,2012-06-04,Registered Voters,1065,Live Phone,Nonpartisan,None,2012,new-jersey,Romney,33
2012-new-jersey-president-romney-vs-obama,14088,Rutgers-Eagleton,2012-05-31,2012-06-04,Registered Voters,1065,Live Phone,Nonpartisan,None,2012,new-jersey,Other,3
2012-new-jersey-president-romney-vs-obama,14088,Rutgers-Eagleton,2012-05-31,2012-06-04,Registered Voters,1065,Live Phone,Nonpartisan,None,2012,new-jersey,Undecided,9
2012-new-jersey-president-romney-vs-obama,13812,Quinnipiac,2012-05-09,2012-05-14,Registered Voters,1582,Live Phone,Nonpartisan,None,2012,new-jersey,Obama,49
2012-new-jersey-president-romney-vs-obama,13812,Quinnipiac,2012-05-09,2012-05-14,Registered Voters,1582,Live Phone,Nonpartisan,None,2012,new-jersey,Romney,39
2012-new-jersey-president-romney-vs-obama,13812,Quinnipiac,2012-05-09,2012-05-14,Registered Voters,1582,Live Phone,Nonpartisan,None,2012,new-jersey,Other,2
2012-new-jersey-president-romney-vs-obama,13812,Quinnipiac,2012-05-09,2012-05-14,Registered Voters,1582,Live Phone,Nonpartisan,None,2012,new-jersey,Undecided,10
2012-new-jersey-president-romney-vs-obama,13726,Fairleigh Dickinson,2012-04-30,2012-05-06,Registered Voters,797,Live Phone,Nonpartisan,None,2012,new-jersey,Obama,50
2012-new-jersey-president-romney-vs-obama,13726,Fairleigh Dickinson,2012-04-30,2012-05-06,Registered Voters,797,Live Phone,Nonpartisan,None,2012,new-jersey,Romney,36
2012-new-jersey-president-romney-vs-obama,13726,Fairleigh Dickinson,2012-04-30,2012-05-06,Registered Voters,797,Live Phone,Nonpartisan,None,2012,new-jersey,Other,NA
2012-new-jersey-president-romney-vs-obama,13726,Fairleigh Dickinson,2012-04-30,2012-05-06,Registered Voters,797,Live Phone,Nonpartisan,None,2012,new-jersey,Undecided,14
2012-new-jersey-president-romney-vs-obama,13518,Quinnipiac,2012-04-03,2012-04-09,Registered Voters,1607,Live Phone,Nonpartisan,None,2012,new-jersey,Obama,49
2012-new-jersey-president-romney-vs-obama,13518,Quinnipiac,2012-04-03,2012-04-09,Registered Voters,1607,Live Phone,Nonpartisan,None,2012,new-jersey,Romney,40
2012-new-jersey-president-romney-vs-obama,13518,Quinnipiac,2012-04-03,2012-04-09,Registered Voters,1607,Live Phone,Nonpartisan,None,2012,new-jersey,Other,2
2012-new-jersey-president-romney-vs-obama,13518,Quinnipiac,2012-04-03,2012-04-09,Registered Voters,1607,Live Phone,Nonpartisan,None,2012,new-jersey,Undecided,9
2012-new-jersey-president-romney-vs-obama,13453,Fairleigh Dickinson,2012-03-05,2012-03-11,Registered Voters,800,Live Phone,Nonpartisan,None,2012,new-jersey,Obama,50
2012-new-jersey-president-romney-vs-obama,13453,Fairleigh Dickinson,2012-03-05,2012-03-11,Registered Voters,800,Live Phone,Nonpartisan,None,2012,new-jersey,Romney,37
2012-new-jersey-president-romney-vs-obama,13453,Fairleigh Dickinson,2012-03-05,2012-03-11,Registered Voters,800,Live Phone,Nonpartisan,None,2012,new-jersey,Other,NA
2012-new-jersey-president-romney-vs-obama,13453,Fairleigh Dickinson,2012-03-05,2012-03-11,Registered Voters,800,Live Phone,Nonpartisan,None,2012,new-jersey,Undecided,13
2012-new-jersey-president-romney-vs-obama,13086,Quinnipiac,2012-02-21,2012-02-27,Registered Voters,1396,Live Phone,Nonpartisan,None,2012,new-jersey,Obama,49
2012-new-jersey-president-romney-vs-obama,13086,Quinnipiac,2012-02-21,2012-02-27,Registered Voters,1396,Live Phone,Nonpartisan,None,2012,new-jersey,Romney,39
2012-new-jersey-president-romney-vs-obama,13086,Quinnipiac,2012-02-21,2012-02-27,Registered Voters,1396,Live Phone,Nonpartisan,None,2012,new-jersey,Other,1
2012-new-jersey-president-romney-vs-obama,13086,Quinnipiac,2012-02-21,2012-02-27,Registered Voters,1396,Live Phone,Nonpartisan,None,2012,new-jersey,Undecided,7
2012-new-jersey-president-romney-vs-obama,13085,SurveyUSA,2012-02-24,2012-02-26,Registered Voters,533,IVR/Online,Nonpartisan,None,2012,new-jersey,Obama,52
2012-new-jersey-president-romney-vs-obama,13085,SurveyUSA,2012-02-24,2012-02-26,Registered Voters,533,IVR/Online,Nonpartisan,None,2012,new-jersey,Romney,38
2012-new-jersey-president-romney-vs-obama,13085,SurveyUSA,2012-02-24,2012-02-26,Registered Voters,533,IVR/Online,Nonpartisan,None,2012,new-jersey,Other,NA
2012-new-jersey-president-romney-vs-obama,13085,SurveyUSA,2012-02-24,2012-02-26,Registered Voters,533,IVR/Online,Nonpartisan,None,2012,new-jersey,Undecided,10
2012-new-jersey-president-romney-vs-obama,13088,Rutgers-Eagleton,2012-02-09,2012-02-11,Registered Voters,914,Live Phone,Nonpartisan,None,2012,new-jersey,Obama,56
2012-new-jersey-president-romney-vs-obama,13088,Rutgers-Eagleton,2012-02-09,2012-02-11,Registered Voters,914,Live Phone,Nonpartisan,None,2012,new-jersey,Romney,31
2012-new-jersey-president-romney-vs-obama,13088,Rutgers-Eagleton,2012-02-09,2012-02-11,Registered Voters,914,Live Phone,Nonpartisan,None,2012,new-jersey,Other,NA
2012-new-jersey-president-romney-vs-obama,13088,Rutgers-Eagleton,2012-02-09,2012-02-11,Registered Voters,914,Live Phone,Nonpartisan,None,2012,new-jersey,Undecided,13
2012-new-jersey-president-romney-vs-obama,12499,Quinnipiac,2012-01-10,2012-01-16,Registered Voters,1460,Live Phone,Nonpartisan,None,2012,new-jersey,Obama,48
2012-new-jersey-president-romney-vs-obama,12499,Quinnipiac,2012-01-10,2012-01-16,Registered Voters,1460,Live Phone,Nonpartisan,None,2012,new-jersey,Romney,38
2012-new-jersey-president-romney-vs-obama,12499,Quinnipiac,2012-01-10,2012-01-16,Registered Voters,1460,Live Phone,Nonpartisan,None,2012,new-jersey,Other,2
2012-new-jersey-president-romney-vs-obama,12499,Quinnipiac,2012-01-10,2012-01-16,Registered Voters,1460,Live Phone,Nonpartisan,None,2012,new-jersey,Undecided,9
2012-new-jersey-president-romney-vs-obama,12575,Rutgers-Eagleton,2011-12-15,2011-12-18,Registered Voters,823,Live Phone,Nonpartisan,None,2012,new-jersey,Obama,51
2012-new-jersey-president-romney-vs-obama,12575,Rutgers-Eagleton,2011-12-15,2011-12-18,Registered Voters,823,Live Phone,Nonpartisan,None,2012,new-jersey,Romney,32
2012-new-jersey-president-romney-vs-obama,12575,Rutgers-Eagleton,2011-12-15,2011-12-18,Registered Voters,823,Live Phone,Nonpartisan,None,2012,new-jersey,Other,NA
2012-new-jersey-president-romney-vs-obama,12575,Rutgers-Eagleton,2011-12-15,2011-12-18,Registered Voters,823,Live Phone,Nonpartisan,None,2012,new-jersey,Undecided,NA
2012-new-jersey-president-romney-vs-obama,12131,Quinnipiac,2011-11-09,2011-11-14,Registered Voters,1788,Live Phone,Nonpartisan,None,2012,new-jersey,Obama,49
2012-new-jersey-president-romney-vs-obama,12131,Quinnipiac,2011-11-09,2011-11-14,Registered Voters,1788,Live Phone,Nonpartisan,None,2012,new-jersey,Romney,40
2012-new-jersey-president-romney-vs-obama,12131,Quinnipiac,2011-11-09,2011-11-14,Registered Voters,1788,Live Phone,Nonpartisan,None,2012,new-jersey,Other,2
2012-new-jersey-president-romney-vs-obama,12131,Quinnipiac,2011-11-09,2011-11-14,Registered Voters,1788,Live Phone,Nonpartisan,None,2012,new-jersey,Undecided,7
2012-new-jersey-president-romney-vs-obama,11959,Quinnipiac,2011-10-05,2011-10-10,Registered Voters,1186,Live Phone,Nonpartisan,None,2012,new-jersey,Obama,47
2012-new-jersey-president-romney-vs-obama,11959,Quinnipiac,2011-10-05,2011-10-10,Registered Voters,1186,Live Phone,Nonpartisan,None,2012,new-jersey,Romney,41
2012-new-jersey-president-romney-vs-obama,11959,Quinnipiac,2011-10-05,2011-10-10,Registered Voters,1186,Live Phone,Nonpartisan,None,2012,new-jersey,Other,2
2012-new-jersey-president-romney-vs-obama,11959,Quinnipiac,2011-10-05,2011-10-10,Registered Voters,1186,Live Phone,Nonpartisan,None,2012,new-jersey,Undecided,7
2012-nebraska-president-romney-vs-obama,16457,We Ask America,2012-11-01,2012-11-01,Likely Voters,1178,Automated Phone,Nonpartisan,None,2012,nebraska,Obama,41
2012-nebraska-president-romney-vs-obama,16457,We Ask America,2012-11-01,2012-11-01,Likely Voters,1178,Automated Phone,Nonpartisan,None,2012,nebraska,Romney,54
2012-nebraska-president-romney-vs-obama,16457,We Ask America,2012-11-01,2012-11-01,Likely Voters,1178,Automated Phone,Nonpartisan,None,2012,nebraska,Other,2
2012-nebraska-president-romney-vs-obama,16457,We Ask America,2012-11-01,2012-11-01,Likely Voters,1178,Automated Phone,Nonpartisan,None,2012,nebraska,Undecided,3
2012-nebraska-president-romney-vs-obama,16324,Pharos Research Group,2012-10-26,2012-10-28,Likely Voters,761,Live Phone,Nonpartisan,None,2012,nebraska,Obama,39
2012-nebraska-president-romney-vs-obama,16324,Pharos Research Group,2012-10-26,2012-10-28,Likely Voters,761,Live Phone,Nonpartisan,None,2012,nebraska,Romney,58
2012-nebraska-president-romney-vs-obama,16324,Pharos Research Group,2012-10-26,2012-10-28,Likely Voters,761,Live Phone,Nonpartisan,None,2012,nebraska,Other,NA
2012-nebraska-president-romney-vs-obama,16324,Pharos Research Group,2012-10-26,2012-10-28,Likely Voters,761,Live Phone,Nonpartisan,None,2012,nebraska,Undecided,NA
2012-nebraska-president-romney-vs-obama,16265,Wiese/Omaha World-Herald,2012-10-23,2012-10-25,Likely Voters,679,Live Phone,Nonpartisan,None,2012,nebraska,Obama,38
2012-nebraska-president-romney-vs-obama,16265,Wiese/Omaha World-Herald,2012-10-23,2012-10-25,Likely Voters,679,Live Phone,Nonpartisan,None,2012,nebraska,Romney,52
2012-nebraska-president-romney-vs-obama,16265,Wiese/Omaha World-Herald,2012-10-23,2012-10-25,Likely Voters,679,Live Phone,Nonpartisan,None,2012,nebraska,Other,NA
2012-nebraska-president-romney-vs-obama,16265,Wiese/Omaha World-Herald,2012-10-23,2012-10-25,Likely Voters,679,Live Phone,Nonpartisan,None,2012,nebraska,Undecided,NA
2012-nebraska-president-romney-vs-obama,16248,Pharos Research Group,2012-10-19,2012-10-21,Likely Voters,783,Live Phone,Nonpartisan,None,2012,nebraska,Obama,41
2012-nebraska-president-romney-vs-obama,16248,Pharos Research Group,2012-10-19,2012-10-21,Likely Voters,783,Live Phone,Nonpartisan,None,2012,nebraska,Romney,51
2012-nebraska-president-romney-vs-obama,16248,Pharos Research Group,2012-10-19,2012-10-21,Likely Voters,783,Live Phone,Nonpartisan,None,2012,nebraska,Other,NA
2012-nebraska-president-romney-vs-obama,16248,Pharos Research Group,2012-10-19,2012-10-21,Likely Voters,783,Live Phone,Nonpartisan,None,2012,nebraska,Undecided,NA
2012-nebraska-president-romney-vs-obama,15275,Wiese/Omaha World-Herald,2012-09-17,2012-09-20,Likely Voters,656,Live Phone,Nonpartisan,None,2012,nebraska,Obama,39
2012-nebraska-president-romney-vs-obama,15275,Wiese/Omaha World-Herald,2012-09-17,2012-09-20,Likely Voters,656,Live Phone,Nonpartisan,None,2012,nebraska,Romney,53
2012-nebraska-president-romney-vs-obama,15275,Wiese/Omaha World-Herald,2012-09-17,2012-09-20,Likely Voters,656,Live Phone,Nonpartisan,None,2012,nebraska,Other,2
2012-nebraska-president-romney-vs-obama,15275,Wiese/Omaha World-Herald,2012-09-17,2012-09-20,Likely Voters,656,Live Phone,Nonpartisan,None,2012,nebraska,Undecided,6
2012-nebraska-president-romney-vs-obama,13833,Rasmussen,2012-05-16,2012-05-16,Likely Voters,500,Automated Phone,Nonpartisan,None,2012,nebraska,Obama,39
2012-nebraska-president-romney-vs-obama,13833,Rasmussen,2012-05-16,2012-05-16,Likely Voters,500,Automated Phone,Nonpartisan,None,2012,nebraska,Romney,53
2012-nebraska-president-romney-vs-obama,13833,Rasmussen,2012-05-16,2012-05-16,Likely Voters,500,Automated Phone,Nonpartisan,None,2012,nebraska,Other,6
2012-nebraska-president-romney-vs-obama,13833,Rasmussen,2012-05-16,2012-05-16,Likely Voters,500,Automated Phone,Nonpartisan,None,2012,nebraska,Undecided,3
2012-nebraska-president-romney-vs-obama,13373,PPP (D),2012-03-22,2012-03-25,Likely Voters,1028,Automated Phone,Pollster,Dem,2012,nebraska,Obama,39
2012-nebraska-president-romney-vs-obama,13373,PPP (D),2012-03-22,2012-03-25,Likely Voters,1028,Automated Phone,Pollster,Dem,2012,nebraska,Romney,51
2012-nebraska-president-romney-vs-obama,13373,PPP (D),2012-03-22,2012-03-25,Likely Voters,1028,Automated Phone,Pollster,Dem,2012,nebraska,Other,NA
2012-nebraska-president-romney-vs-obama,13373,PPP (D),2012-03-22,2012-03-25,Likely Voters,1028,Automated Phone,Pollster,Dem,2012,nebraska,Undecided,10
2012-nebraska-president-romney-vs-obama,13452,Rasmussen,2012-03-05,2012-03-05,Likely Voters,500,Automated Phone,Nonpartisan,None,2012,nebraska,Obama,35
2012-nebraska-president-romney-vs-obama,13452,Rasmussen,2012-03-05,2012-03-05,Likely Voters,500,Automated Phone,Nonpartisan,None,2012,nebraska,Romney,52
2012-nebraska-president-romney-vs-obama,13452,Rasmussen,2012-03-05,2012-03-05,Likely Voters,500,Automated Phone,Nonpartisan,None,2012,nebraska,Other,10
2012-nebraska-president-romney-vs-obama,13452,Rasmussen,2012-03-05,2012-03-05,Likely Voters,500,Automated Phone,Nonpartisan,None,2012,nebraska,Undecided,3
2012-montana-president-romney-vs-obama,16561,PPP (D),2012-11-02,2012-11-03,Likely Voters,836,Automated Phone,Pollster,Dem,2012,montana,Obama,45
2012-montana-president-romney-vs-obama,16561,PPP (D),2012-11-02,2012-11-03,Likely Voters,836,Automated Phone,Pollster,Dem,2012,montana,Romney,52
2012-montana-president-romney-vs-obama,16561,PPP (D),2012-11-02,2012-11-03,Likely Voters,836,Automated Phone,Pollster,Dem,2012,montana,Other,NA
2012-montana-president-romney-vs-obama,16561,PPP (D),2012-11-02,2012-11-03,Likely Voters,836,Automated Phone,Pollster,Dem,2012,montana,Undecided,3
2012-montana-president-romney-vs-obama,16553,The Lee Newspapers Poll/Mason-Dixon,2012-10-29,2012-10-31,Likely Voters,625,Live Phone,Nonpartisan,None,2012,montana,Obama,43
2012-montana-president-romney-vs-obama,16553,The Lee Newspapers Poll/Mason-Dixon,2012-10-29,2012-10-31,Likely Voters,625,Live Phone,Nonpartisan,None,2012,montana,Romney,53
2012-montana-president-romney-vs-obama,16553,The Lee Newspapers Poll/Mason-Dixon,2012-10-29,2012-10-31,Likely Voters,625,Live Phone,Nonpartisan,None,2012,montana,Other,2
2012-montana-president-romney-vs-obama,16553,The Lee Newspapers Poll/Mason-Dixon,2012-10-29,2012-10-31,Likely Voters,625,Live Phone,Nonpartisan,None,2012,montana,Undecided,2
2012-montana-president-romney-vs-obama,16552,Rasmussen,2012-10-29,2012-10-29,Likely Voters,500,Automated Phone,Nonpartisan,None,2012,montana,Obama,43
2012-montana-president-romney-vs-obama,16552,Rasmussen,2012-10-29,2012-10-29,Likely Voters,500,Automated Phone,Nonpartisan,None,2012,montana,Romney,53
2012-montana-president-romney-vs-obama,16552,Rasmussen,2012-10-29,2012-10-29,Likely Voters,500,Automated Phone,Nonpartisan,None,2012,montana,Other,1
2012-montana-president-romney-vs-obama,16552,Rasmussen,2012-10-29,2012-10-29,Likely Voters,500,Automated Phone,Nonpartisan,None,2012,montana,Undecided,4
2012-montana-president-romney-vs-obama,16326,Pharos Research Group,2012-10-26,2012-10-28,Likely Voters,799,Live Phone,Nonpartisan,None,2012,montana,Obama,43
2012-montana-president-romney-vs-obama,16326,Pharos Research Group,2012-10-26,2012-10-28,Likely Voters,799,Live Phone,Nonpartisan,None,2012,montana,Romney,50
2012-montana-president-romney-vs-obama,16326,Pharos Research Group,2012-10-26,2012-10-28,Likely Voters,799,Live Phone,Nonpartisan,None,2012,montana,Other,NA
2012-montana-president-romney-vs-obama,16326,Pharos Research Group,2012-10-26,2012-10-28,Likely Voters,799,Live Phone,Nonpartisan,None,2012,montana,Undecided,NA
2012-montana-president-romney-vs-obama,16247,Pharos Research Group,2012-10-19,2012-10-21,Likely Voters,828,Live Phone,Nonpartisan,None,2012,montana,Obama,41
2012-montana-president-romney-vs-obama,16247,Pharos Research Group,2012-10-19,2012-10-21,Likely Voters,828,Live Phone,Nonpartisan,None,2012,montana,Romney,48
2012-montana-president-romney-vs-obama,16247,Pharos Research Group,2012-10-19,2012-10-21,Likely Voters,828,Live Phone,Nonpartisan,None,2012,montana,Other,NA
2012-montana-president-romney-vs-obama,16247,Pharos Research Group,2012-10-19,2012-10-21,Likely Voters,828,Live Phone,Nonpartisan,None,2012,montana,Undecided,NA
2012-montana-president-romney-vs-obama,15896,PPP (D-LCV),2012-10-15,2012-10-16,Likely Voters,806,Automated Phone,Sponsor,Dem,2012,montana,Obama,43
2012-montana-president-romney-vs-obama,15896,PPP (D-LCV),2012-10-15,2012-10-16,Likely Voters,806,Automated Phone,Sponsor,Dem,2012,montana,Romney,53
2012-montana-president-romney-vs-obama,15896,PPP (D-LCV),2012-10-15,2012-10-16,Likely Voters,806,Automated Phone,Sponsor,Dem,2012,montana,Other,NA
2012-montana-president-romney-vs-obama,15896,PPP (D-LCV),2012-10-15,2012-10-16,Likely Voters,806,Automated Phone,Sponsor,Dem,2012,montana,Undecided,4
2012-montana-president-romney-vs-obama,15867,Rasmussen,2012-10-14,2012-10-14,Likely Voters,500,Automated Phone,Nonpartisan,None,2012,montana,Obama,45
2012-montana-president-romney-vs-obama,15867,Rasmussen,2012-10-14,2012-10-14,Likely Voters,500,Automated Phone,Nonpartisan,None,2012,montana,Romney,53
2012-montana-president-romney-vs-obama,15867,Rasmussen,2012-10-14,2012-10-14,Likely Voters,500,Automated Phone,Nonpartisan,None,2012,montana,Other,1
2012-montana-president-romney-vs-obama,15867,Rasmussen,2012-10-14,2012-10-14,Likely Voters,500,Automated Phone,Nonpartisan,None,2012,montana,Undecided,1
2012-montana-president-romney-vs-obama,15671,PPP (D),2012-10-08,2012-10-10,Likely Voters,737,Automated Phone,Pollster,Dem,2012,montana,Obama,41
2012-montana-president-romney-vs-obama,15671,PPP (D),2012-10-08,2012-10-10,Likely Voters,737,Automated Phone,Pollster,Dem,2012,montana,Romney,52
2012-montana-president-romney-vs-obama,15671,PPP (D),2012-10-08,2012-10-10,Likely Voters,737,Automated Phone,Pollster,Dem,2012,montana,Other,NA
2012-montana-president-romney-vs-obama,15671,PPP (D),2012-10-08,2012-10-10,Likely Voters,737,Automated Phone,Pollster,Dem,2012,montana,Undecided,6
2012-montana-president-romney-vs-obama,15695,MSU-Billings,2012-09-27,2012-09-30,Adults,477,Live Phone,Nonpartisan,None,2012,montana,Obama,35
2012-montana-president-romney-vs-obama,15695,MSU-Billings,2012-09-27,2012-09-30,Adults,477,Live Phone,Nonpartisan,None,2012,montana,Romney,49
2012-montana-president-romney-vs-obama,15695,MSU-Billings,2012-09-27,2012-09-30,Adults,477,Live Phone,Nonpartisan,None,2012,montana,Other,6
2012-montana-president-romney-vs-obama,15695,MSU-Billings,2012-09-27,2012-09-30,Adults,477,Live Phone,Nonpartisan,None,2012,montana,Undecided,10
2012-montana-president-romney-vs-obama,15591,Mellman (D-Montana JET PAC),2012-09-23,2012-09-26,Likely Voters,600,Live Phone,Sponsor,Dem,2012,montana,Obama,44
2012-montana-president-romney-vs-obama,15591,Mellman (D-Montana JET PAC),2012-09-23,2012-09-26,Likely Voters,600,Live Phone,Sponsor,Dem,2012,montana,Romney,48
2012-montana-president-romney-vs-obama,15591,Mellman (D-Montana JET PAC),2012-09-23,2012-09-26,Likely Voters,600,Live Phone,Sponsor,Dem,2012,montana,Other,NA
2012-montana-president-romney-vs-obama,15591,Mellman (D-Montana JET PAC),2012-09-23,2012-09-26,Likely Voters,600,Live Phone,Sponsor,Dem,2012,montana,Undecided,NA
2012-montana-president-romney-vs-obama,15263,The Lee Newspapers Poll/Mason-Dixon,2012-09-17,2012-09-19,Likely Voters,625,Live Phone,Nonpartisan,None,2012,montana,Obama,42
2012-montana-president-romney-vs-obama,15263,The Lee Newspapers Poll/Mason-Dixon,2012-09-17,2012-09-19,Likely Voters,625,Live Phone,Nonpartisan,None,2012,montana,Romney,51
2012-montana-president-romney-vs-obama,15263,The Lee Newspapers Poll/Mason-Dixon,2012-09-17,2012-09-19,Likely Voters,625,Live Phone,Nonpartisan,None,2012,montana,Other,2
2012-montana-president-romney-vs-obama,15263,The Lee Newspapers Poll/Mason-Dixon,2012-09-17,2012-09-19,Likely Voters,625,Live Phone,Nonpartisan,None,2012,montana,Undecided,5
2012-montana-president-romney-vs-obama,14987,PPP (D),2012-09-10,2012-09-11,Likely Voters,656,Automated Phone,Pollster,Dem,2012,montana,Obama,45
2012-montana-president-romney-vs-obama,14987,PPP (D),2012-09-10,2012-09-11,Likely Voters,656,Automated Phone,Pollster,Dem,2012,montana,Romney,50
2012-montana-president-romney-vs-obama,14987,PPP (D),2012-09-10,2012-09-11,Likely Voters,656,Automated Phone,Pollster,Dem,2012,montana,Other,NA
2012-montana-president-romney-vs-obama,14987,PPP (D),2012-09-10,2012-09-11,Likely Voters,656,Automated Phone,Pollster,Dem,2012,montana,Undecided,5
2012-montana-president-romney-vs-obama,14724,Rasmussen,2012-08-20,2012-08-20,Likely Voters,500,Automated Phone,Nonpartisan,None,2012,montana,Obama,38
2012-montana-president-romney-vs-obama,14724,Rasmussen,2012-08-20,2012-08-20,Likely Voters,500,Automated Phone,Nonpartisan,None,2012,montana,Romney,55
2012-montana-president-romney-vs-obama,14724,Rasmussen,2012-08-20,2012-08-20,Likely Voters,500,Automated Phone,Nonpartisan,None,2012,montana,Other,4
2012-montana-president-romney-vs-obama,14724,Rasmussen,2012-08-20,2012-08-20,Likely Voters,500,Automated Phone,Nonpartisan,None,2012,montana,Undecided,4
2012-montana-president-romney-vs-obama,14135,Rasmussen,2012-06-18,2012-06-18,Likely Voters,500,Automated Phone,Nonpartisan,None,2012,montana,Obama,42
2012-montana-president-romney-vs-obama,14135,Rasmussen,2012-06-18,2012-06-18,Likely Voters,500,Automated Phone,Nonpartisan,None,2012,montana,Romney,51
2012-montana-president-romney-vs-obama,14135,Rasmussen,2012-06-18,2012-06-18,Likely Voters,500,Automated Phone,Nonpartisan,None,2012,montana,Other,5
2012-montana-president-romney-vs-obama,14135,Rasmussen,2012-06-18,2012-06-18,Likely Voters,500,Automated Phone,Nonpartisan,None,2012,montana,Undecided,2
2012-montana-president-romney-vs-obama,13690,Rasmussen,2012-05-02,2012-05-02,Likely Voters,450,Automated Phone,Nonpartisan,None,2012,montana,Obama,44
2012-montana-president-romney-vs-obama,13690,Rasmussen,2012-05-02,2012-05-02,Likely Voters,450,Automated Phone,Nonpartisan,None,2012,montana,Romney,51
2012-montana-president-romney-vs-obama,13690,Rasmussen,2012-05-02,2012-05-02,Likely Voters,450,Automated Phone,Nonpartisan,None,2012,montana,Other,3
2012-montana-president-romney-vs-obama,13690,Rasmussen,2012-05-02,2012-05-02,Likely Voters,450,Automated Phone,Nonpartisan,None,2012,montana,Undecided,1
2012-montana-president-romney-vs-obama,13673,PPP (D),2012-04-26,2012-04-29,Likely Voters,934,Automated Phone,Pollster,Dem,2012,montana,Obama,43
2012-montana-president-romney-vs-obama,13673,PPP (D),2012-04-26,2012-04-29,Likely Voters,934,Automated Phone,Pollster,Dem,2012,montana,Romney,48
2012-montana-president-romney-vs-obama,13673,PPP (D),2012-04-26,2012-04-29,Likely Voters,934,Automated Phone,Pollster,Dem,2012,montana,Other,NA
2012-montana-president-romney-vs-obama,13673,PPP (D),2012-04-26,2012-04-29,Likely Voters,934,Automated Phone,Pollster,Dem,2012,montana,Undecided,9
2012-montana-president-romney-vs-obama,13431,Rasmussen,2012-04-02,2012-04-02,Likely Voters,500,Automated Phone,Nonpartisan,None,2012,montana,Obama,40
2012-montana-president-romney-vs-obama,13431,Rasmussen,2012-04-02,2012-04-02,Likely Voters,500,Automated Phone,Nonpartisan,None,2012,montana,Romney,49
2012-montana-president-romney-vs-obama,13431,Rasmussen,2012-04-02,2012-04-02,Likely Voters,500,Automated Phone,Nonpartisan,None,2012,montana,Other,9
2012-montana-president-romney-vs-obama,13431,Rasmussen,2012-04-02,2012-04-02,Likely Voters,500,Automated Phone,Nonpartisan,None,2012,montana,Undecided,2
2012-montana-president-romney-vs-obama,13144,Rasmussen,2012-02-22,2012-02-22,Likely Voters,500,Automated Phone,Nonpartisan,None,2012,montana,Obama,41
2012-montana-president-romney-vs-obama,13144,Rasmussen,2012-02-22,2012-02-22,Likely Voters,500,Automated Phone,Nonpartisan,None,2012,montana,Romney,48
2012-montana-president-romney-vs-obama,13144,Rasmussen,2012-02-22,2012-02-22,Likely Voters,500,Automated Phone,Nonpartisan,None,2012,montana,Other,7
2012-montana-president-romney-vs-obama,13144,Rasmussen,2012-02-22,2012-02-22,Likely Voters,500,Automated Phone,Nonpartisan,None,2012,montana,Undecided,4
2012-massachusetts-president-romney-vs-obama,16609,UMass Lowell/Herald,2012-10-31,2012-11-03,Likely Voters,800,Live Phone,Nonpartisan,None,2012,massachusetts,Obama,57
2012-massachusetts-president-romney-vs-obama,16609,UMass Lowell/Herald,2012-10-31,2012-11-03,Likely Voters,800,Live Phone,Nonpartisan,None,2012,massachusetts,Romney,37
2012-massachusetts-president-romney-vs-obama,16609,UMass Lowell/Herald,2012-10-31,2012-11-03,Likely Voters,800,Live Phone,Nonpartisan,None,2012,massachusetts,Other,1
2012-massachusetts-president-romney-vs-obama,16609,UMass Lowell/Herald,2012-10-31,2012-11-03,Likely Voters,800,Live Phone,Nonpartisan,None,2012,massachusetts,Undecided,4
2012-massachusetts-president-romney-vs-obama,16576,YouGov,2012-10-31,2012-11-03,Likely Voters,811,Internet,Nonpartisan,None,2012,massachusetts,Obama,57
2012-massachusetts-president-romney-vs-obama,16576,YouGov,2012-10-31,2012-11-03,Likely Voters,811,Internet,Nonpartisan,None,2012,massachusetts,Romney,37
2012-massachusetts-president-romney-vs-obama,16576,YouGov,2012-10-31,2012-11-03,Likely Voters,811,Internet,Nonpartisan,None,2012,massachusetts,Other,3
2012-massachusetts-president-romney-vs-obama,16576,YouGov,2012-10-31,2012-11-03,Likely Voters,811,Internet,Nonpartisan,None,2012,massachusetts,Undecided,3
2012-massachusetts-president-romney-vs-obama,16484,PPP (D),2012-11-01,2012-11-02,Likely Voters,1089,Automated Phone,Pollster,Dem,2012,massachusetts,Obama,57
2012-massachusetts-president-romney-vs-obama,16484,PPP (D),2012-11-01,2012-11-02,Likely Voters,1089,Automated Phone,Pollster,Dem,2012,massachusetts,Romney,42
2012-massachusetts-president-romney-vs-obama,16484,PPP (D),2012-11-01,2012-11-02,Likely Voters,1089,Automated Phone,Pollster,Dem,2012,massachusetts,Other,NA
2012-massachusetts-president-romney-vs-obama,16484,PPP (D),2012-11-01,2012-11-02,Likely Voters,1089,Automated Phone,Pollster,Dem,2012,massachusetts,Undecided,2
2012-massachusetts-president-romney-vs-obama,16543,WNEU/MassLive.com,2012-10-26,2012-11-01,Likely Voters,535,Live Phone,Nonpartisan,None,2012,massachusetts,Obama,58
2012-massachusetts-president-romney-vs-obama,16543,WNEU/MassLive.com,2012-10-26,2012-11-01,Likely Voters,535,Live Phone,Nonpartisan,None,2012,massachusetts,Romney,40
2012-massachusetts-president-romney-vs-obama,16543,WNEU/MassLive.com,2012-10-26,2012-11-01,Likely Voters,535,Live Phone,Nonpartisan,None,2012,massachusetts,Other,NA
2012-massachusetts-president-romney-vs-obama,16543,WNEU/MassLive.com,2012-10-26,2012-11-01,Likely Voters,535,Live Phone,Nonpartisan,None,2012,massachusetts,Undecided,2
2012-massachusetts-president-romney-vs-obama,16332,Suffolk,2012-10-25,2012-10-28,Likely Voters,600,Live Phone,Nonpartisan,None,2012,massachusetts,Obama,63
2012-massachusetts-president-romney-vs-obama,16332,Suffolk,2012-10-25,2012-10-28,Likely Voters,600,Live Phone,Nonpartisan,None,2012,massachusetts,Romney,31
2012-massachusetts-president-romney-vs-obama,16332,Suffolk,2012-10-25,2012-10-28,Likely Voters,600,Live Phone,Nonpartisan,None,2012,massachusetts,Other,2
2012-massachusetts-president-romney-vs-obama,16332,Suffolk,2012-10-25,2012-10-28,Likely Voters,600,Live Phone,Nonpartisan,None,2012,massachusetts,Undecided,3
2012-massachusetts-president-romney-vs-obama,16276,Boston Globe/UNH,2012-10-24,2012-10-28,Likely Voters,583,Live Phone,Nonpartisan,None,2012,massachusetts,Obama,52
2012-massachusetts-president-romney-vs-obama,16276,Boston Globe/UNH,2012-10-24,2012-10-28,Likely Voters,583,Live Phone,Nonpartisan,None,2012,massachusetts,Romney,38
2012-massachusetts-president-romney-vs-obama,16276,Boston Globe/UNH,2012-10-24,2012-10-28,Likely Voters,583,Live Phone,Nonpartisan,None,2012,massachusetts,Other,NA
2012-massachusetts-president-romney-vs-obama,16276,Boston Globe/UNH,2012-10-24,2012-10-28,Likely Voters,583,Live Phone,Nonpartisan,None,2012,massachusetts,Undecided,NA
2012-massachusetts-president-romney-vs-obama,16361,Rasmussen,2012-10-25,2012-10-25,Likely Voters,500,Automated Phone,Nonpartisan,None,2012,massachusetts,Obama,59
2012-massachusetts-president-romney-vs-obama,16361,Rasmussen,2012-10-25,2012-10-25,Likely Voters,500,Automated Phone,Nonpartisan,None,2012,massachusetts,Romney,40
2012-massachusetts-president-romney-vs-obama,16361,Rasmussen,2012-10-25,2012-10-25,Likely Voters,500,Automated Phone,Nonpartisan,None,2012,massachusetts,Other,NA
2012-massachusetts-president-romney-vs-obama,16361,Rasmussen,2012-10-25,2012-10-25,Likely Voters,500,Automated Phone,Nonpartisan,None,2012,massachusetts,Undecided,1
2012-massachusetts-president-romney-vs-obama,16103,MassINC/WBUR,2012-10-21,2012-10-22,Likely Voters,516,Live Phone,Nonpartisan,None,2012,massachusetts,Obama,56
2012-massachusetts-president-romney-vs-obama,16103,MassINC/WBUR,2012-10-21,2012-10-22,Likely Voters,516,Live Phone,Nonpartisan,None,2012,massachusetts,Romney,36
2012-massachusetts-president-romney-vs-obama,16103,MassINC/WBUR,2012-10-21,2012-10-22,Likely Voters,516,Live Phone,Nonpartisan,None,2012,massachusetts,Other,2
2012-massachusetts-president-romney-vs-obama,16103,MassINC/WBUR,2012-10-21,2012-10-22,Likely Voters,516,Live Phone,Nonpartisan,None,2012,massachusetts,Undecided,7
2012-massachusetts-president-romney-vs-obama,16034,Kimball Political Consulting (R),2012-10-18,2012-10-21,Likely Voters,761,Automated Phone,Pollster,Rep,2012,massachusetts,Obama,55
2012-massachusetts-president-romney-vs-obama,16034,Kimball Political Consulting (R),2012-10-18,2012-10-21,Likely Voters,761,Automated Phone,Pollster,Rep,2012,massachusetts,Romney,39
2012-massachusetts-president-romney-vs-obama,16034,Kimball Political Consulting (R),2012-10-18,2012-10-21,Likely Voters,761,Automated Phone,Pollster,Rep,2012,massachusetts,Other,NA
2012-massachusetts-president-romney-vs-obama,16034,Kimball Political Consulting (R),2012-10-18,2012-10-21,Likely Voters,761,Automated Phone,Pollster,Rep,2012,massachusetts,Undecided,6
2012-massachusetts-president-romney-vs-obama,15898,PPP (D-LCV),2012-10-15,2012-10-16,Likely Voters,709,Automated Phone,Sponsor,Dem,2012,massachusetts,Obama,57
2012-massachusetts-president-romney-vs-obama,15898,PPP (D-LCV),2012-10-15,2012-10-16,Likely Voters,709,Automated Phone,Sponsor,Dem,2012,massachusetts,Romney,39
2012-massachusetts-president-romney-vs-obama,15898,PPP (D-LCV),2012-10-15,2012-10-16,Likely Voters,709,Automated Phone,Sponsor,Dem,2012,massachusetts,Other,NA
2012-massachusetts-president-romney-vs-obama,15898,PPP (D-LCV),2012-10-15,2012-10-16,Likely Voters,709,Automated Phone,Sponsor,Dem,2012,massachusetts,Undecided,NA
2012-massachusetts-president-romney-vs-obama,15712,PPP (D),2012-10-09,2012-10-11,Likely Voters,1051,Automated Phone,Pollster,Dem,2012,massachusetts,Obama,55
2012-massachusetts-president-romney-vs-obama,15712,PPP (D),2012-10-09,2012-10-11,Likely Voters,1051,Automated Phone,Pollster,Dem,2012,massachusetts,Romney,41
2012-massachusetts-president-romney-vs-obama,15712,PPP (D),2012-10-09,2012-10-11,Likely Voters,1051,Automated Phone,Pollster,Dem,2012,massachusetts,Other,NA
2012-massachusetts-president-romney-vs-obama,15712,PPP (D),2012-10-09,2012-10-11,Likely Voters,1051,Automated Phone,Pollster,Dem,2012,massachusetts,Undecided,4
2012-massachusetts-president-romney-vs-obama,15854,YouGov,2012-10-04,2012-10-11,Likely Voters,669,Internet,Nonpartisan,None,2012,massachusetts,Obama,55
2012-massachusetts-president-romney-vs-obama,15854,YouGov,2012-10-04,2012-10-11,Likely Voters,669,Internet,Nonpartisan,None,2012,massachusetts,Romney,36
2012-massachusetts-president-romney-vs-obama,15854,YouGov,2012-10-04,2012-10-11,Likely Voters,669,Internet,Nonpartisan,None,2012,massachusetts,Other,4
2012-massachusetts-president-romney-vs-obama,15854,YouGov,2012-10-04,2012-10-11,Likely Voters,669,Internet,Nonpartisan,None,2012,massachusetts,Undecided,5
2012-massachusetts-president-romney-vs-obama,15831,Rasmussen,2012-10-10,2012-10-10,Likely Voters,500,Automated Phone,Nonpartisan,None,2012,massachusetts,Obama,57
2012-massachusetts-president-romney-vs-obama,15831,Rasmussen,2012-10-10,2012-10-10,Likely Voters,500,Automated Phone,Nonpartisan,None,2012,massachusetts,Romney,42
2012-massachusetts-president-romney-vs-obama,15831,Rasmussen,2012-10-10,2012-10-10,Likely Voters,500,Automated Phone,Nonpartisan,None,2012,massachusetts,Other,NA
2012-massachusetts-president-romney-vs-obama,15831,Rasmussen,2012-10-10,2012-10-10,Likely Voters,500,Automated Phone,Nonpartisan,None,2012,massachusetts,Undecided,1
2012-massachusetts-president-romney-vs-obama,15638,UMass Amherst/YouGov,2012-10-02,2012-10-08,Likely Voters,437,Internet,Nonpartisan,None,2012,massachusetts,Obama,55
2012-massachusetts-president-romney-vs-obama,15638,UMass Amherst/YouGov,2012-10-02,2012-10-08,Likely Voters,437,Internet,Nonpartisan,None,2012,massachusetts,Romney,34
2012-massachusetts-president-romney-vs-obama,15638,UMass Amherst/YouGov,2012-10-02,2012-10-08,Likely Voters,437,Internet,Nonpartisan,None,2012,massachusetts,Other,2
2012-massachusetts-president-romney-vs-obama,15638,UMass Amherst/YouGov,2012-10-02,2012-10-08,Likely Voters,437,Internet,Nonpartisan,None,2012,massachusetts,Undecided,9
2012-massachusetts-president-romney-vs-obama,15620,MassINC/WBUR,2012-10-05,2012-10-07,Likely Voters,501,Live Phone,Nonpartisan,None,2012,massachusetts,Obama,52
2012-massachusetts-president-romney-vs-obama,15620,MassINC/WBUR,2012-10-05,2012-10-07,Likely Voters,501,Live Phone,Nonpartisan,None,2012,massachusetts,Romney,36
2012-massachusetts-president-romney-vs-obama,15620,MassINC/WBUR,2012-10-05,2012-10-07,Likely Voters,501,Live Phone,Nonpartisan,None,2012,massachusetts,Other,2
2012-massachusetts-president-romney-vs-obama,15620,MassINC/WBUR,2012-10-05,2012-10-07,Likely Voters,501,Live Phone,Nonpartisan,None,2012,massachusetts,Undecided,10
2012-massachusetts-president-romney-vs-obama,15510,Mass Insight/Opinion Dynamics,2012-09-25,2012-09-30,Registered Voters,405,Live Phone,Nonpartisan,None,2012,massachusetts,Obama,60
2012-massachusetts-president-romney-vs-obama,15510,Mass Insight/Opinion Dynamics,2012-09-25,2012-09-30,Registered Voters,405,Live Phone,Nonpartisan,None,2012,massachusetts,Romney,34
2012-massachusetts-president-romney-vs-obama,15510,Mass Insight/Opinion Dynamics,2012-09-25,2012-09-30,Registered Voters,405,Live Phone,Nonpartisan,None,2012,massachusetts,Other,NA
2012-massachusetts-president-romney-vs-obama,15510,Mass Insight/Opinion Dynamics,2012-09-25,2012-09-30,Registered Voters,405,Live Phone,Nonpartisan,None,2012,massachusetts,Undecided,7
2012-massachusetts-president-romney-vs-obama,15413,Boston Globe/UNH,2012-09-21,2012-09-27,Likely Voters,502,Live Phone,Nonpartisan,None,2012,massachusetts,Obama,57
2012-massachusetts-president-romney-vs-obama,15413,Boston Globe/UNH,2012-09-21,2012-09-27,Likely Voters,502,Live Phone,Nonpartisan,None,2012,massachusetts,Romney,30
2012-massachusetts-president-romney-vs-obama,15413,Boston Globe/UNH,2012-09-21,2012-09-27,Likely Voters,502,Live Phone,Nonpartisan,None,2012,massachusetts,Other,2
2012-massachusetts-president-romney-vs-obama,15413,Boston Globe/UNH,2012-09-21,2012-09-27,Likely Voters,502,Live Phone,Nonpartisan,None,2012,massachusetts,Undecided,11
2012-massachusetts-president-romney-vs-obama,15329,Rasmussen,2012-09-24,2012-09-24,Likely Voters,500,Automated Phone,Nonpartisan,None,2012,massachusetts,Obama,55
2012-massachusetts-president-romney-vs-obama,15329,Rasmussen,2012-09-24,2012-09-24,Likely Voters,500,Automated Phone,Nonpartisan,None,2012,massachusetts,Romney,40
2012-massachusetts-president-romney-vs-obama,15329,Rasmussen,2012-09-24,2012-09-24,Likely Voters,500,Automated Phone,Nonpartisan,None,2012,massachusetts,Other,3
2012-massachusetts-president-romney-vs-obama,15329,Rasmussen,2012-09-24,2012-09-24,Likely Voters,500,Automated Phone,Nonpartisan,None,2012,massachusetts,Undecided,2
2012-massachusetts-president-romney-vs-obama,15145,UMass Lowell/Herald,2012-09-13,2012-09-17,Likely Voters,497,Live Phone,Nonpartisan,None,2012,massachusetts,Obama,60
2012-massachusetts-president-romney-vs-obama,15145,UMass Lowell/Herald,2012-09-13,2012-09-17,Likely Voters,497,Live Phone,Nonpartisan,None,2012,massachusetts,Romney,36
2012-massachusetts-president-romney-vs-obama,15145,UMass Lowell/Herald,2012-09-13,2012-09-17,Likely Voters,497,Live Phone,Nonpartisan,None,2012,massachusetts,Other,NA
2012-massachusetts-president-romney-vs-obama,15145,UMass Lowell/Herald,2012-09-13,2012-09-17,Likely Voters,497,Live Phone,Nonpartisan,None,2012,massachusetts,Undecided,5
2012-massachusetts-president-romney-vs-obama,15111,PPP (D),2012-09-13,2012-09-16,Likely Voters,876,Automated Phone,Pollster,Dem,2012,massachusetts,Obama,57
2012-massachusetts-president-romney-vs-obama,15111,PPP (D),2012-09-13,2012-09-16,Likely Voters,876,Automated Phone,Pollster,Dem,2012,massachusetts,Romney,39
2012-massachusetts-president-romney-vs-obama,15111,PPP (D),2012-09-13,2012-09-16,Likely Voters,876,Automated Phone,Pollster,Dem,2012,massachusetts,Other,NA
2012-massachusetts-president-romney-vs-obama,15111,PPP (D),2012-09-13,2012-09-16,Likely Voters,876,Automated Phone,Pollster,Dem,2012,massachusetts,Undecided,4
2012-massachusetts-president-romney-vs-obama,15092,Suffolk,2012-09-13,2012-09-16,Likely Voters,600,Live Phone,Nonpartisan,None,2012,massachusetts,Obama,64
2012-massachusetts-president-romney-vs-obama,15092,Suffolk,2012-09-13,2012-09-16,Likely Voters,600,Live Phone,Nonpartisan,None,2012,massachusetts,Romney,31
2012-massachusetts-president-romney-vs-obama,15092,Suffolk,2012-09-13,2012-09-16,Likely Voters,600,Live Phone,Nonpartisan,None,2012,massachusetts,Other,3
2012-massachusetts-president-romney-vs-obama,15092,Suffolk,2012-09-13,2012-09-16,Likely Voters,600,Live Phone,Nonpartisan,None,2012,massachusetts,Undecided,4
2012-massachusetts-president-romney-vs-obama,15222,YouGov,2012-09-07,2012-09-14,Likely Voters,825,Internet,Nonpartisan,None,2012,massachusetts,Obama,55
2012-massachusetts-president-romney-vs-obama,15222,YouGov,2012-09-07,2012-09-14,Likely Voters,825,Internet,Nonpartisan,None,2012,massachusetts,Romney,39
2012-massachusetts-president-romney-vs-obama,15222,YouGov,2012-09-07,2012-09-14,Likely Voters,825,Internet,Nonpartisan,None,2012,massachusetts,Other,3
2012-massachusetts-president-romney-vs-obama,15222,YouGov,2012-09-07,2012-09-14,Likely Voters,825,Internet,Nonpartisan,None,2012,massachusetts,Undecided,4
2012-massachusetts-president-romney-vs-obama,15101,WNEU/MassLive.com,2012-09-06,2012-09-13,Likely Voters,444,Live Phone,Nonpartisan,None,2012,massachusetts,Obama,60
2012-massachusetts-president-romney-vs-obama,15101,WNEU/MassLive.com,2012-09-06,2012-09-13,Likely Voters,444,Live Phone,Nonpartisan,None,2012,massachusetts,Romney,38
2012-massachusetts-president-romney-vs-obama,15101,WNEU/MassLive.com,2012-09-06,2012-09-13,Likely Voters,444,Live Phone,Nonpartisan,None,2012,massachusetts,Other,NA
2012-massachusetts-president-romney-vs-obama,15101,WNEU/MassLive.com,2012-09-06,2012-09-13,Likely Voters,444,Live Phone,Nonpartisan,None,2012,massachusetts,Undecided,3
2012-massachusetts-president-romney-vs-obama,14954,Kimball Political Consulting (R),2012-09-07,2012-09-09,Likely Voters,756,Automated Phone,Pollster,Rep,2012,massachusetts,Obama,56
2012-massachusetts-president-romney-vs-obama,14954,Kimball Political Consulting (R),2012-09-07,2012-09-09,Likely Voters,756,Automated Phone,Pollster,Rep,2012,massachusetts,Romney,40
2012-massachusetts-president-romney-vs-obama,14954,Kimball Political Consulting (R),2012-09-07,2012-09-09,Likely Voters,756,Automated Phone,Pollster,Rep,2012,massachusetts,Other,NA
2012-massachusetts-president-romney-vs-obama,14954,Kimball Political Consulting (R),2012-09-07,2012-09-09,Likely Voters,756,Automated Phone,Pollster,Rep,2012,massachusetts,Undecided,9
2012-massachusetts-president-romney-vs-obama,14792,Kimball Political Consulting (R),2012-08-21,2012-08-21,Likely Voters,592,Automated Phone,Pollster,Rep,2012,massachusetts,Obama,52
2012-massachusetts-president-romney-vs-obama,14792,Kimball Political Consulting (R),2012-08-21,2012-08-21,Likely Voters,592,Automated Phone,Pollster,Rep,2012,massachusetts,Romney,41
2012-massachusetts-president-romney-vs-obama,14792,Kimball Political Consulting (R),2012-08-21,2012-08-21,Likely Voters,592,Automated Phone,Pollster,Rep,2012,massachusetts,Other,NA
2012-massachusetts-president-romney-vs-obama,14792,Kimball Political Consulting (R),2012-08-21,2012-08-21,Likely Voters,592,Automated Phone,Pollster,Rep,2012,massachusetts,Undecided,7
2012-massachusetts-president-romney-vs-obama,14738,PPP (D),2012-08-16,2012-08-19,Likely Voters,1115,Automated Phone,Pollster,Dem,2012,massachusetts,Obama,55
2012-massachusetts-president-romney-vs-obama,14738,PPP (D),2012-08-16,2012-08-19,Likely Voters,1115,Automated Phone,Pollster,Dem,2012,massachusetts,Romney,39
2012-massachusetts-president-romney-vs-obama,14738,PPP (D),2012-08-16,2012-08-19,Likely Voters,1115,Automated Phone,Pollster,Dem,2012,massachusetts,Other,NA
2012-massachusetts-president-romney-vs-obama,14738,PPP (D),2012-08-16,2012-08-19,Likely Voters,1115,Automated Phone,Pollster,Dem,2012,massachusetts,Undecided,6
2012-massachusetts-president-romney-vs-obama,14195,PPP (D),2012-06-22,2012-06-24,Likely Voters,902,Automated Phone,Pollster,Dem,2012,massachusetts,Obama,55
2012-massachusetts-president-romney-vs-obama,14195,PPP (D),2012-06-22,2012-06-24,Likely Voters,902,Automated Phone,Pollster,Dem,2012,massachusetts,Romney,39
2012-massachusetts-president-romney-vs-obama,14195,PPP (D),2012-06-22,2012-06-24,Likely Voters,902,Automated Phone,Pollster,Dem,2012,massachusetts,Other,NA
2012-massachusetts-president-romney-vs-obama,14195,PPP (D),2012-06-22,2012-06-24,Likely Voters,902,Automated Phone,Pollster,Dem,2012,massachusetts,Undecided,6
2012-massachusetts-president-romney-vs-obama,13986,WNEU/MassLive.com,2012-05-29,2012-05-31,Registered Voters,504,Live Phone,Nonpartisan,None,2012,massachusetts,Obama,56
2012-massachusetts-president-romney-vs-obama,13986,WNEU/MassLive.com,2012-05-29,2012-05-31,Registered Voters,504,Live Phone,Nonpartisan,None,2012,massachusetts,Romney,34
2012-massachusetts-president-romney-vs-obama,13986,WNEU/MassLive.com,2012-05-29,2012-05-31,Registered Voters,504,Live Phone,Nonpartisan,None,2012,massachusetts,Other,NA
2012-massachusetts-president-romney-vs-obama,13986,WNEU/MassLive.com,2012-05-29,2012-05-31,Registered Voters,504,Live Phone,Nonpartisan,None,2012,massachusetts,Undecided,9
2012-massachusetts-president-romney-vs-obama,13985,Boston Globe/UNH,2012-05-25,2012-05-31,Likely Voters,651,Live Phone,Nonpartisan,None,2012,massachusetts,Obama,46
2012-massachusetts-president-romney-vs-obama,13985,Boston Globe/UNH,2012-05-25,2012-05-31,Likely Voters,651,Live Phone,Nonpartisan,None,2012,massachusetts,Romney,34
2012-massachusetts-president-romney-vs-obama,13985,Boston Globe/UNH,2012-05-25,2012-05-31,Likely Voters,651,Live Phone,Nonpartisan,None,2012,massachusetts,Other,NA
2012-massachusetts-president-romney-vs-obama,13985,Boston Globe/UNH,2012-05-25,2012-05-31,Likely Voters,651,Live Phone,Nonpartisan,None,2012,massachusetts,Undecided,19
2012-massachusetts-president-romney-vs-obama,13887,Suffolk,2012-05-20,2012-05-22,Likely Voters,600,Live Phone,Nonpartisan,None,2012,massachusetts,Obama,59
2012-massachusetts-president-romney-vs-obama,13887,Suffolk,2012-05-20,2012-05-22,Likely Voters,600,Live Phone,Nonpartisan,None,2012,massachusetts,Romney,34
2012-massachusetts-president-romney-vs-obama,13887,Suffolk,2012-05-20,2012-05-22,Likely Voters,600,Live Phone,Nonpartisan,None,2012,massachusetts,Other,1
2012-massachusetts-president-romney-vs-obama,13887,Suffolk,2012-05-20,2012-05-22,Likely Voters,600,Live Phone,Nonpartisan,None,2012,massachusetts,Undecided,5
2012-massachusetts-president-romney-vs-obama,13718,Rasmussen,2012-05-07,2012-05-07,Likely Voters,500,Automated Phone,Nonpartisan,None,2012,massachusetts,Obama,56
2012-massachusetts-president-romney-vs-obama,13718,Rasmussen,2012-05-07,2012-05-07,Likely Voters,500,Automated Phone,Nonpartisan,None,2012,massachusetts,Romney,35
2012-massachusetts-president-romney-vs-obama,13718,Rasmussen,2012-05-07,2012-05-07,Likely Voters,500,Automated Phone,Nonpartisan,None,2012,massachusetts,Other,6
2012-massachusetts-president-romney-vs-obama,13718,Rasmussen,2012-05-07,2012-05-07,Likely Voters,500,Automated Phone,Nonpartisan,None,2012,massachusetts,Undecided,2
2012-massachusetts-president-romney-vs-obama,13505,Rasmussen,2012-04-09,2012-04-09,Likely Voters,500,Automated Phone,Nonpartisan,None,2012,massachusetts,Obama,51
2012-massachusetts-president-romney-vs-obama,13505,Rasmussen,2012-04-09,2012-04-09,Likely Voters,500,Automated Phone,Nonpartisan,None,2012,massachusetts,Romney,40
2012-massachusetts-president-romney-vs-obama,13505,Rasmussen,2012-04-09,2012-04-09,Likely Voters,500,Automated Phone,Nonpartisan,None,2012,massachusetts,Other,3
2012-massachusetts-president-romney-vs-obama,13505,Rasmussen,2012-04-09,2012-04-09,Likely Voters,500,Automated Phone,Nonpartisan,None,2012,massachusetts,Undecided,6
2012-massachusetts-president-romney-vs-obama,13398,Boston Globe/UNH,2012-03-21,2012-03-27,Likely Voters,544,Live Phone,Nonpartisan,None,2012,massachusetts,Obama,49
2012-massachusetts-president-romney-vs-obama,13398,Boston Globe/UNH,2012-03-21,2012-03-27,Likely Voters,544,Live Phone,Nonpartisan,None,2012,massachusetts,Romney,33
2012-massachusetts-president-romney-vs-obama,13398,Boston Globe/UNH,2012-03-21,2012-03-27,Likely Voters,544,Live Phone,Nonpartisan,None,2012,massachusetts,Other,NA
2012-massachusetts-president-romney-vs-obama,13398,Boston Globe/UNH,2012-03-21,2012-03-27,Likely Voters,544,Live Phone,Nonpartisan,None,2012,massachusetts,Undecided,16
2012-massachusetts-president-romney-vs-obama,13260,PPP (D),2012-03-16,2012-03-18,Registered Voters,936,Automated Phone,Pollster,Dem,2012,massachusetts,Obama,58
2012-massachusetts-president-romney-vs-obama,13260,PPP (D),2012-03-16,2012-03-18,Registered Voters,936,Automated Phone,Pollster,Dem,2012,massachusetts,Romney,35
2012-massachusetts-president-romney-vs-obama,13260,PPP (D),2012-03-16,2012-03-18,Registered Voters,936,Automated Phone,Pollster,Dem,2012,massachusetts,Other,NA
2012-massachusetts-president-romney-vs-obama,13260,PPP (D),2012-03-16,2012-03-18,Registered Voters,936,Automated Phone,Pollster,Dem,2012,massachusetts,Undecided,7
2012-massachusetts-president-romney-vs-obama,13112,WNEU,2012-02-23,2012-03-01,Registered Voters,527,Live Phone,Nonpartisan,None,2012,massachusetts,Obama,60
2012-massachusetts-president-romney-vs-obama,13112,WNEU,2012-02-23,2012-03-01,Registered Voters,527,Live Phone,Nonpartisan,None,2012,massachusetts,Romney,36
2012-massachusetts-president-romney-vs-obama,13112,WNEU,2012-02-23,2012-03-01,Registered Voters,527,Live Phone,Nonpartisan,None,2012,massachusetts,Other,NA
2012-massachusetts-president-romney-vs-obama,13112,WNEU,2012-02-23,2012-03-01,Registered Voters,527,Live Phone,Nonpartisan,None,2012,massachusetts,Undecided,4
2012-massachusetts-president-romney-vs-obama,13095,Rasmussen,2012-02-29,2012-02-29,Likely Voters,500,Automated Phone,Nonpartisan,None,2012,massachusetts,Obama,55
2012-massachusetts-president-romney-vs-obama,13095,Rasmussen,2012-02-29,2012-02-29,Likely Voters,500,Automated Phone,Nonpartisan,None,2012,massachusetts,Romney,38
2012-massachusetts-president-romney-vs-obama,13095,Rasmussen,2012-02-29,2012-02-29,Likely Voters,500,Automated Phone,Nonpartisan,None,2012,massachusetts,Other,4
2012-massachusetts-president-romney-vs-obama,13095,Rasmussen,2012-02-29,2012-02-29,Likely Voters,500,Automated Phone,Nonpartisan,None,2012,massachusetts,Undecided,3
2012-massachusetts-president-romney-vs-obama,12946,Suffolk,2012-02-11,2012-02-15,Registered Voters,600,Live Phone,Nonpartisan,None,2012,massachusetts,Obama,53
2012-massachusetts-president-romney-vs-obama,12946,Suffolk,2012-02-11,2012-02-15,Registered Voters,600,Live Phone,Nonpartisan,None,2012,massachusetts,Romney,39
2012-massachusetts-president-romney-vs-obama,12946,Suffolk,2012-02-11,2012-02-15,Registered Voters,600,Live Phone,Nonpartisan,None,2012,massachusetts,Other,2
2012-massachusetts-president-romney-vs-obama,12946,Suffolk,2012-02-11,2012-02-15,Registered Voters,600,Live Phone,Nonpartisan,None,2012,massachusetts,Undecided,6
2012-massachusetts-president-romney-vs-obama,12944,MassINC,2012-02-06,2012-02-09,Likely Voters,503,Live Phone,Nonpartisan,None,2012,massachusetts,Obama,55
2012-massachusetts-president-romney-vs-obama,12944,MassINC,2012-02-06,2012-02-09,Likely Voters,503,Live Phone,Nonpartisan,None,2012,massachusetts,Romney,34
2012-massachusetts-president-romney-vs-obama,12944,MassINC,2012-02-06,2012-02-09,Likely Voters,503,Live Phone,Nonpartisan,None,2012,massachusetts,Other,1
2012-massachusetts-president-romney-vs-obama,12944,MassINC,2012-02-06,2012-02-09,Likely Voters,503,Live Phone,Nonpartisan,None,2012,massachusetts,Undecided,7
2012-massachusetts-president-romney-vs-obama,13451,Mass Insight/Opinion Dynamics,2012-01-31,2012-02-04,Registered Voters,456,Live Phone,Nonpartisan,None,2012,massachusetts,Obama,53
2012-massachusetts-president-romney-vs-obama,13451,Mass Insight/Opinion Dynamics,2012-01-31,2012-02-04,Registered Voters,456,Live Phone,Nonpartisan,None,2012,massachusetts,Romney,35
2012-massachusetts-president-romney-vs-obama,13451,Mass Insight/Opinion Dynamics,2012-01-31,2012-02-04,Registered Voters,456,Live Phone,Nonpartisan,None,2012,massachusetts,Other,NA
2012-massachusetts-president-romney-vs-obama,13451,Mass Insight/Opinion Dynamics,2012-01-31,2012-02-04,Registered Voters,456,Live Phone,Nonpartisan,None,2012,massachusetts,Undecided,NA
2012-maine-president-romney-vs-obama,16680,MPRC,2012-11-01,2012-11-03,Likely Voters,905,Automated Phone,Nonpartisan,None,2012,maine,Obama,53
2012-maine-president-romney-vs-obama,16680,MPRC,2012-11-01,2012-11-03,Likely Voters,905,Automated Phone,Nonpartisan,None,2012,maine,Romney,42
2012-maine-president-romney-vs-obama,16680,MPRC,2012-11-01,2012-11-03,Likely Voters,905,Automated Phone,Nonpartisan,None,2012,maine,Other,2
2012-maine-president-romney-vs-obama,16680,MPRC,2012-11-01,2012-11-03,Likely Voters,905,Automated Phone,Nonpartisan,None,2012,maine,Undecided,3
2012-maine-president-romney-vs-obama,16486,PPP (D),2012-11-01,2012-11-02,Likely Voters,1633,Automated Phone,Pollster,Dem,2012,maine,Obama,55
2012-maine-president-romney-vs-obama,16486,PPP (D),2012-11-01,2012-11-02,Likely Voters,1633,Automated Phone,Pollster,Dem,2012,maine,Romney,42
2012-maine-president-romney-vs-obama,16486,PPP (D),2012-11-01,2012-11-02,Likely Voters,1633,Automated Phone,Pollster,Dem,2012,maine,Other,NA
2012-maine-president-romney-vs-obama,16486,PPP (D),2012-11-01,2012-11-02,Likely Voters,1633,Automated Phone,Pollster,Dem,2012,maine,Undecided,2
2012-maine-president-romney-vs-obama,16531,Critical Insights,2012-10-30,2012-10-31,Likely Voters,613,Live Phone,Nonpartisan,None,2012,maine,Obama,49
2012-maine-president-romney-vs-obama,16531,Critical Insights,2012-10-30,2012-10-31,Likely Voters,613,Live Phone,Nonpartisan,None,2012,maine,Romney,42
2012-maine-president-romney-vs-obama,16531,Critical Insights,2012-10-30,2012-10-31,Likely Voters,613,Live Phone,Nonpartisan,None,2012,maine,Other,2
2012-maine-president-romney-vs-obama,16531,Critical Insights,2012-10-30,2012-10-31,Likely Voters,613,Live Phone,Nonpartisan,None,2012,maine,Undecided,6
2012-maine-president-romney-vs-obama,15791,NMB (R-American Crossroads),2012-10-07,2012-10-08,Likely Voters,500,Live Phone,Sponsor,Rep,2012,maine,Obama,48
2012-maine-president-romney-vs-obama,15791,NMB (R-American Crossroads),2012-10-07,2012-10-08,Likely Voters,500,Live Phone,Sponsor,Rep,2012,maine,Romney,44
2012-maine-president-romney-vs-obama,15791,NMB (R-American Crossroads),2012-10-07,2012-10-08,Likely Voters,500,Live Phone,Sponsor,Rep,2012,maine,Other,NA
2012-maine-president-romney-vs-obama,15791,NMB (R-American Crossroads),2012-10-07,2012-10-08,Likely Voters,500,Live Phone,Sponsor,Rep,2012,maine,Undecided,NA
2012-maine-president-romney-vs-obama,15659,Pan Atlantic SMS Group,2012-09-24,2012-09-28,Likely Voters,400,Live Phone,Nonpartisan,None,2012,maine,Obama,51
2012-maine-president-romney-vs-obama,15659,Pan Atlantic SMS Group,2012-09-24,2012-09-28,Likely Voters,400,Live Phone,Nonpartisan,None,2012,maine,Romney,37
2012-maine-president-romney-vs-obama,15659,Pan Atlantic SMS Group,2012-09-24,2012-09-28,Likely Voters,400,Live Phone,Nonpartisan,None,2012,maine,Other,3
2012-maine-president-romney-vs-obama,15659,Pan Atlantic SMS Group,2012-09-24,2012-09-28,Likely Voters,400,Live Phone,Nonpartisan,None,2012,maine,Undecided,10
2012-maine-president-romney-vs-obama,15376,Rasmussen,2012-09-25,2012-09-25,Likely Voters,500,Automated Phone,Nonpartisan,None,2012,maine,Obama,52
2012-maine-president-romney-vs-obama,15376,Rasmussen,2012-09-25,2012-09-25,Likely Voters,500,Automated Phone,Nonpartisan,None,2012,maine,Romney,40
2012-maine-president-romney-vs-obama,15376,Rasmussen,2012-09-25,2012-09-25,Likely Voters,500,Automated Phone,Nonpartisan,None,2012,maine,Other,4
2012-maine-president-romney-vs-obama,15376,Rasmussen,2012-09-25,2012-09-25,Likely Voters,500,Automated Phone,Nonpartisan,None,2012,maine,Undecided,4
2012-maine-president-romney-vs-obama,15138,PPP (D),2012-09-17,2012-09-18,Likely Voters,804,Automated Phone,Pollster,Dem,2012,maine,Obama,55
2012-maine-president-romney-vs-obama,15138,PPP (D),2012-09-17,2012-09-18,Likely Voters,804,Automated Phone,Pollster,Dem,2012,maine,Romney,39
2012-maine-president-romney-vs-obama,15138,PPP (D),2012-09-17,2012-09-18,Likely Voters,804,Automated Phone,Pollster,Dem,2012,maine,Other,NA
2012-maine-president-romney-vs-obama,15138,PPP (D),2012-09-17,2012-09-18,Likely Voters,804,Automated Phone,Pollster,Dem,2012,maine,Undecided,7
2012-maine-president-romney-vs-obama,15133,MPRC/Maine People's Alliance (D),2012-09-15,2012-09-17,Likely Voters,856,Automated Phone,Sponsor,Dem,2012,maine,Obama,54
2012-maine-president-romney-vs-obama,15133,MPRC/Maine People's Alliance (D),2012-09-15,2012-09-17,Likely Voters,856,Automated Phone,Sponsor,Dem,2012,maine,Romney,37
2012-maine-president-romney-vs-obama,15133,MPRC/Maine People's Alliance (D),2012-09-15,2012-09-17,Likely Voters,856,Automated Phone,Sponsor,Dem,2012,maine,Other,2
2012-maine-president-romney-vs-obama,15133,MPRC/Maine People's Alliance (D),2012-09-15,2012-09-17,Likely Voters,856,Automated Phone,Sponsor,Dem,2012,maine,Undecided,7
2012-maine-president-romney-vs-obama,15430,Critical Insights,2012-09-12,2012-09-16,Likely Voters,618,Live Phone,Nonpartisan,None,2012,maine,Obama,52
2012-maine-president-romney-vs-obama,15430,Critical Insights,2012-09-12,2012-09-16,Likely Voters,618,Live Phone,Nonpartisan,None,2012,maine,Romney,36
2012-maine-president-romney-vs-obama,15430,Critical Insights,2012-09-12,2012-09-16,Likely Voters,618,Live Phone,Nonpartisan,None,2012,maine,Other,NA
2012-maine-president-romney-vs-obama,15430,Critical Insights,2012-09-12,2012-09-16,Likely Voters,618,Live Phone,Nonpartisan,None,2012,maine,Undecided,NA
2012-maine-president-romney-vs-obama,14297,Critical Insights,2012-06-20,2012-06-25,Registered Voters,615,Live Phone,Nonpartisan,None,2012,maine,Obama,49
2012-maine-president-romney-vs-obama,14297,Critical Insights,2012-06-20,2012-06-25,Registered Voters,615,Live Phone,Nonpartisan,None,2012,maine,Romney,35
2012-maine-president-romney-vs-obama,14297,Critical Insights,2012-06-20,2012-06-25,Registered Voters,615,Live Phone,Nonpartisan,None,2012,maine,Other,NA
2012-maine-president-romney-vs-obama,14297,Critical Insights,2012-06-20,2012-06-25,Registered Voters,615,Live Phone,Nonpartisan,None,2012,maine,Undecided,13
2012-maine-president-romney-vs-obama,14106,MassINC,2012-06-13,2012-06-14,Likely Voters,506,Live Phone,Nonpartisan,None,2012,maine,Obama,48
2012-maine-president-romney-vs-obama,14106,MassINC,2012-06-13,2012-06-14,Likely Voters,506,Live Phone,Nonpartisan,None,2012,maine,Romney,34
2012-maine-president-romney-vs-obama,14106,MassINC,2012-06-13,2012-06-14,Likely Voters,506,Live Phone,Nonpartisan,None,2012,maine,Other,4
2012-maine-president-romney-vs-obama,14106,MassINC,2012-06-13,2012-06-14,Likely Voters,506,Live Phone,Nonpartisan,None,2012,maine,Undecided,13
2012-maine-president-romney-vs-obama,13781,Critical Insights,2012-05-02,2012-05-07,Registered Voters,600,Live Phone,Nonpartisan,None,2012,maine,Obama,50
2012-maine-president-romney-vs-obama,13781,Critical Insights,2012-05-02,2012-05-07,Registered Voters,600,Live Phone,Nonpartisan,None,2012,maine,Romney,42
2012-maine-president-romney-vs-obama,13781,Critical Insights,2012-05-02,2012-05-07,Registered Voters,600,Live Phone,Nonpartisan,None,2012,maine,Other,NA
2012-maine-president-romney-vs-obama,13781,Critical Insights,2012-05-02,2012-05-07,Registered Voters,600,Live Phone,Nonpartisan,None,2012,maine,Undecided,NA
2012-maine-president-romney-vs-obama,13495,MPRC,2012-03-31,2012-04-02,Registered Voters,993,Automated Phone,Nonpartisan,None,2012,maine,Obama,55
2012-maine-president-romney-vs-obama,13495,MPRC,2012-03-31,2012-04-02,Registered Voters,993,Automated Phone,Nonpartisan,None,2012,maine,Romney,37
2012-maine-president-romney-vs-obama,13495,MPRC,2012-03-31,2012-04-02,Registered Voters,993,Automated Phone,Nonpartisan,None,2012,maine,Other,NA
2012-maine-president-romney-vs-obama,13495,MPRC,2012-03-31,2012-04-02,Registered Voters,993,Automated Phone,Nonpartisan,None,2012,maine,Undecided,9
2012-maine-president-romney-vs-obama,13447,PPP (D),2012-03-02,2012-03-04,Registered Voters,1256,Automated Phone,Pollster,Dem,2012,maine,Obama,58
2012-maine-president-romney-vs-obama,13447,PPP (D),2012-03-02,2012-03-04,Registered Voters,1256,Automated Phone,Pollster,Dem,2012,maine,Romney,35
2012-maine-president-romney-vs-obama,13447,PPP (D),2012-03-02,2012-03-04,Registered Voters,1256,Automated Phone,Pollster,Dem,2012,maine,Other,NA
2012-maine-president-romney-vs-obama,13447,PPP (D),2012-03-02,2012-03-04,Registered Voters,1256,Automated Phone,Pollster,Dem,2012,maine,Undecided,7
2012-indiana-president-romney-vs-obama,16590,YouGov,2012-10-31,2012-11-03,Likely Voters,768,Internet,Nonpartisan,None,2012,indiana,Obama,44
2012-indiana-president-romney-vs-obama,16590,YouGov,2012-10-31,2012-11-03,Likely Voters,768,Internet,Nonpartisan,None,2012,indiana,Romney,51
2012-indiana-president-romney-vs-obama,16590,YouGov,2012-10-31,2012-11-03,Likely Voters,768,Internet,Nonpartisan,None,2012,indiana,Other,2
2012-indiana-president-romney-vs-obama,16590,YouGov,2012-10-31,2012-11-03,Likely Voters,768,Internet,Nonpartisan,None,2012,indiana,Undecided,4
2012-indiana-president-romney-vs-obama,16551,Rasmussen,2012-11-01,2012-11-01,Likely Voters,600,Mixed,Nonpartisan,None,2012,indiana,Obama,43
2012-indiana-president-romney-vs-obama,16551,Rasmussen,2012-11-01,2012-11-01,Likely Voters,600,Mixed,Nonpartisan,None,2012,indiana,Romney,52
2012-indiana-president-romney-vs-obama,16551,Rasmussen,2012-11-01,2012-11-01,Likely Voters,600,Mixed,Nonpartisan,None,2012,indiana,Other,1
2012-indiana-president-romney-vs-obama,16551,Rasmussen,2012-11-01,2012-11-01,Likely Voters,600,Mixed,Nonpartisan,None,2012,indiana,Undecided,4
2012-indiana-president-romney-vs-obama,16446,McLaughlin (R-Mourdock),2012-10-31,2012-11-01,Likely Voters,600,Live Phone,Sponsor,Rep,2012,indiana,Obama,41
2012-indiana-president-romney-vs-obama,16446,McLaughlin (R-Mourdock),2012-10-31,2012-11-01,Likely Voters,600,Live Phone,Sponsor,Rep,2012,indiana,Romney,54
2012-indiana-president-romney-vs-obama,16446,McLaughlin (R-Mourdock),2012-10-31,2012-11-01,Likely Voters,600,Live Phone,Sponsor,Rep,2012,indiana,Other,NA
2012-indiana-president-romney-vs-obama,16446,McLaughlin (R-Mourdock),2012-10-31,2012-11-01,Likely Voters,600,Live Phone,Sponsor,Rep,2012,indiana,Undecided,5
2012-indiana-president-romney-vs-obama,16372,McLaughlin (R-Mourdock),2012-10-29,2012-10-30,Likely Voters,600,Live Phone,Sponsor,Rep,2012,indiana,Obama,39
2012-indiana-president-romney-vs-obama,16372,McLaughlin (R-Mourdock),2012-10-29,2012-10-30,Likely Voters,600,Live Phone,Sponsor,Rep,2012,indiana,Romney,57
2012-indiana-president-romney-vs-obama,16372,McLaughlin (R-Mourdock),2012-10-29,2012-10-30,Likely Voters,600,Live Phone,Sponsor,Rep,2012,indiana,Other,NA
2012-indiana-president-romney-vs-obama,16372,McLaughlin (R-Mourdock),2012-10-29,2012-10-30,Likely Voters,600,Live Phone,Sponsor,Rep,2012,indiana,Undecided,4
2012-indiana-president-romney-vs-obama,16323,Pharos Research Group,2012-10-26,2012-10-28,Likely Voters,753,Live Phone,Nonpartisan,None,2012,indiana,Obama,42
2012-indiana-president-romney-vs-obama,16323,Pharos Research Group,2012-10-26,2012-10-28,Likely Voters,753,Live Phone,Nonpartisan,None,2012,indiana,Romney,55
2012-indiana-president-romney-vs-obama,16323,Pharos Research Group,2012-10-26,2012-10-28,Likely Voters,753,Live Phone,Nonpartisan,None,2012,indiana,Other,NA
2012-indiana-president-romney-vs-obama,16323,Pharos Research Group,2012-10-26,2012-10-28,Likely Voters,753,Live Phone,Nonpartisan,None,2012,indiana,Undecided,NA
2012-indiana-president-romney-vs-obama,16187,McLaughlin (R-Mourdock),2012-10-24,2012-10-25,Likely Voters,600,Live Phone,Sponsor,Rep,2012,indiana,Obama,41
2012-indiana-president-romney-vs-obama,16187,McLaughlin (R-Mourdock),2012-10-24,2012-10-25,Likely Voters,600,Live Phone,Sponsor,Rep,2012,indiana,Romney,55
2012-indiana-president-romney-vs-obama,16187,McLaughlin (R-Mourdock),2012-10-24,2012-10-25,Likely Voters,600,Live Phone,Sponsor,Rep,2012,indiana,Other,NA
2012-indiana-president-romney-vs-obama,16187,McLaughlin (R-Mourdock),2012-10-24,2012-10-25,Likely Voters,600,Live Phone,Sponsor,Rep,2012,indiana,Undecided,4
2012-indiana-president-romney-vs-obama,15830,Rasmussen,2012-10-10,2012-10-11,Likely Voters,600,Mixed,Nonpartisan,None,2012,indiana,Obama,41
2012-indiana-president-romney-vs-obama,15830,Rasmussen,2012-10-10,2012-10-11,Likely Voters,600,Mixed,Nonpartisan,None,2012,indiana,Romney,54
2012-indiana-president-romney-vs-obama,15830,Rasmussen,2012-10-10,2012-10-11,Likely Voters,600,Mixed,Nonpartisan,None,2012,indiana,Other,1
2012-indiana-president-romney-vs-obama,15830,Rasmussen,2012-10-10,2012-10-11,Likely Voters,600,Mixed,Nonpartisan,None,2012,indiana,Undecided,4
2012-indiana-president-romney-vs-obama,15863,YouGov,2012-10-04,2012-10-11,Likely Voters,494,Internet,Nonpartisan,None,2012,indiana,Obama,41
2012-indiana-president-romney-vs-obama,15863,YouGov,2012-10-04,2012-10-11,Likely Voters,494,Internet,Nonpartisan,None,2012,indiana,Romney,53
2012-indiana-president-romney-vs-obama,15863,YouGov,2012-10-04,2012-10-11,Likely Voters,494,Internet,Nonpartisan,None,2012,indiana,Other,2
2012-indiana-president-romney-vs-obama,15863,YouGov,2012-10-04,2012-10-11,Likely Voters,494,Internet,Nonpartisan,None,2012,indiana,Undecided,3
2012-indiana-president-romney-vs-obama,15346,Howey-Depauw,2012-09-19,2012-09-23,Likely Voters,800,Live Phone,Nonpartisan,None,2012,indiana,Obama,40
2012-indiana-president-romney-vs-obama,15346,Howey-Depauw,2012-09-19,2012-09-23,Likely Voters,800,Live Phone,Nonpartisan,None,2012,indiana,Romney,52
2012-indiana-president-romney-vs-obama,15346,Howey-Depauw,2012-09-19,2012-09-23,Likely Voters,800,Live Phone,Nonpartisan,None,2012,indiana,Other,NA
2012-indiana-president-romney-vs-obama,15346,Howey-Depauw,2012-09-19,2012-09-23,Likely Voters,800,Live Phone,Nonpartisan,None,2012,indiana,Undecided,NA
2012-indiana-president-romney-vs-obama,15223,YouGov,2012-09-07,2012-09-14,Likely Voters,658,Internet,Nonpartisan,None,2012,indiana,Obama,45
2012-indiana-president-romney-vs-obama,15223,YouGov,2012-09-07,2012-09-14,Likely Voters,658,Internet,Nonpartisan,None,2012,indiana,Romney,50
2012-indiana-president-romney-vs-obama,15223,YouGov,2012-09-07,2012-09-14,Likely Voters,658,Internet,Nonpartisan,None,2012,indiana,Other,2
2012-indiana-president-romney-vs-obama,15223,YouGov,2012-09-07,2012-09-14,Likely Voters,658,Internet,Nonpartisan,None,2012,indiana,Undecided,3
2012-indiana-president-romney-vs-obama,15080,Global Strategy Group (D-Donnelly),2012-09-10,2012-09-12,Likely Voters,800,Live Phone,Sponsor,Dem,2012,indiana,Obama,41
2012-indiana-president-romney-vs-obama,15080,Global Strategy Group (D-Donnelly),2012-09-10,2012-09-12,Likely Voters,800,Live Phone,Sponsor,Dem,2012,indiana,Romney,47
2012-indiana-president-romney-vs-obama,15080,Global Strategy Group (D-Donnelly),2012-09-10,2012-09-12,Likely Voters,800,Live Phone,Sponsor,Dem,2012,indiana,Other,NA
2012-indiana-president-romney-vs-obama,15080,Global Strategy Group (D-Donnelly),2012-09-10,2012-09-12,Likely Voters,800,Live Phone,Sponsor,Dem,2012,indiana,Undecided,NA
2012-indiana-president-romney-vs-obama,14601,Rasmussen,2012-07-31,2012-08-01,Likely Voters,400,Mixed,Nonpartisan,None,2012,indiana,Obama,35
2012-indiana-president-romney-vs-obama,14601,Rasmussen,2012-07-31,2012-08-01,Likely Voters,400,Mixed,Nonpartisan,None,2012,indiana,Romney,51
2012-indiana-president-romney-vs-obama,14601,Rasmussen,2012-07-31,2012-08-01,Likely Voters,400,Mixed,Nonpartisan,None,2012,indiana,Other,3
2012-indiana-president-romney-vs-obama,14601,Rasmussen,2012-07-31,2012-08-01,Likely Voters,400,Mixed,Nonpartisan,None,2012,indiana,Undecided,11
2012-indiana-president-romney-vs-obama,13924,Rasmussen,2012-05-23,2012-05-24,Likely Voters,600,Internet,Nonpartisan,None,2012,indiana,Obama,42
2012-indiana-president-romney-vs-obama,13924,Rasmussen,2012-05-23,2012-05-24,Likely Voters,600,Internet,Nonpartisan,None,2012,indiana,Romney,48
2012-indiana-president-romney-vs-obama,13924,Rasmussen,2012-05-23,2012-05-24,Likely Voters,600,Internet,Nonpartisan,None,2012,indiana,Other,5
2012-indiana-president-romney-vs-obama,13924,Rasmussen,2012-05-23,2012-05-24,Likely Voters,600,Internet,Nonpartisan,None,2012,indiana,Undecided,5
2012-indiana-president-romney-vs-obama,13470,Howey-Depauw,2012-03-26,2012-03-28,Likely Voters,503,Live Phone,Nonpartisan,None,2012,indiana,Obama,40
2012-indiana-president-romney-vs-obama,13470,Howey-Depauw,2012-03-26,2012-03-28,Likely Voters,503,Live Phone,Nonpartisan,None,2012,indiana,Romney,49
2012-indiana-president-romney-vs-obama,13470,Howey-Depauw,2012-03-26,2012-03-28,Likely Voters,503,Live Phone,Nonpartisan,None,2012,indiana,Other,NA
2012-indiana-president-romney-vs-obama,13470,Howey-Depauw,2012-03-26,2012-03-28,Likely Voters,503,Live Phone,Nonpartisan,None,2012,indiana,Undecided,NA
2012-illinois-president-romney-vs-obama,16574,YouGov,2012-10-31,2012-11-03,Likely Voters,1126,Internet,Nonpartisan,None,2012,illinois,Obama,57
2012-illinois-president-romney-vs-obama,16574,YouGov,2012-10-31,2012-11-03,Likely Voters,1126,Internet,Nonpartisan,None,2012,illinois,Romney,38
2012-illinois-president-romney-vs-obama,16574,YouGov,2012-10-31,2012-11-03,Likely Voters,1126,Internet,Nonpartisan,None,2012,illinois,Other,2
2012-illinois-president-romney-vs-obama,16574,YouGov,2012-10-31,2012-11-03,Likely Voters,1126,Internet,Nonpartisan,None,2012,illinois,Undecided,3
2012-illinois-president-romney-vs-obama,16359,We Ask America,2012-10-30,2012-10-30,Likely Voters,1198,Automated Phone,Nonpartisan,None,2012,illinois,Obama,57
2012-illinois-president-romney-vs-obama,16359,We Ask America,2012-10-30,2012-10-30,Likely Voters,1198,Automated Phone,Nonpartisan,None,2012,illinois,Romney,41
2012-illinois-president-romney-vs-obama,16359,We Ask America,2012-10-30,2012-10-30,Likely Voters,1198,Automated Phone,Nonpartisan,None,2012,illinois,Other,2
2012-illinois-president-romney-vs-obama,16359,We Ask America,2012-10-30,2012-10-30,Likely Voters,1198,Automated Phone,Nonpartisan,None,2012,illinois,Undecided,NA
2012-illinois-president-romney-vs-obama,15851,YouGov,2012-10-04,2012-10-11,Likely Voters,849,Internet,Nonpartisan,None,2012,illinois,Obama,58
2012-illinois-president-romney-vs-obama,15851,YouGov,2012-10-04,2012-10-11,Likely Voters,849,Internet,Nonpartisan,None,2012,illinois,Romney,38
2012-illinois-president-romney-vs-obama,15851,YouGov,2012-10-04,2012-10-11,Likely Voters,849,Internet,Nonpartisan,None,2012,illinois,Other,1
2012-illinois-president-romney-vs-obama,15851,YouGov,2012-10-04,2012-10-11,Likely Voters,849,Internet,Nonpartisan,None,2012,illinois,Undecided,3
2012-illinois-president-romney-vs-obama,15708,Chicago Tribune/WGN,2012-10-04,2012-10-08,Likely Voters,700,Live Phone,Nonpartisan,None,2012,illinois,Obama,55
2012-illinois-president-romney-vs-obama,15708,Chicago Tribune/WGN,2012-10-04,2012-10-08,Likely Voters,700,Live Phone,Nonpartisan,None,2012,illinois,Romney,36
2012-illinois-president-romney-vs-obama,15708,Chicago Tribune/WGN,2012-10-04,2012-10-08,Likely Voters,700,Live Phone,Nonpartisan,None,2012,illinois,Other,4
2012-illinois-president-romney-vs-obama,15708,Chicago Tribune/WGN,2012-10-04,2012-10-08,Likely Voters,700,Live Phone,Nonpartisan,None,2012,illinois,Undecided,5
2012-illinois-president-romney-vs-obama,15228,YouGov,2012-09-07,2012-09-14,Likely Voters,1068,Internet,Nonpartisan,None,2012,illinois,Obama,59
2012-illinois-president-romney-vs-obama,15228,YouGov,2012-09-07,2012-09-14,Likely Voters,1068,Internet,Nonpartisan,None,2012,illinois,Romney,36
2012-illinois-president-romney-vs-obama,15228,YouGov,2012-09-07,2012-09-14,Likely Voters,1068,Internet,Nonpartisan,None,2012,illinois,Other,2
2012-illinois-president-romney-vs-obama,15228,YouGov,2012-09-07,2012-09-14,Likely Voters,1068,Internet,Nonpartisan,None,2012,illinois,Undecided,3
2012-illinois-president-romney-vs-obama,15079,Southern Illinois U,2012-09-04,2012-09-10,Registered Voters,1261,Live Phone,Nonpartisan,None,2012,illinois,Obama,47
2012-illinois-president-romney-vs-obama,15079,Southern Illinois U,2012-09-04,2012-09-10,Registered Voters,1261,Live Phone,Nonpartisan,None,2012,illinois,Romney,34
2012-illinois-president-romney-vs-obama,15079,Southern Illinois U,2012-09-04,2012-09-10,Registered Voters,1261,Live Phone,Nonpartisan,None,2012,illinois,Other,3
2012-illinois-president-romney-vs-obama,15079,Southern Illinois U,2012-09-04,2012-09-10,Registered Voters,1261,Live Phone,Nonpartisan,None,2012,illinois,Undecided,16
2012-illinois-president-romney-vs-obama,14961,We Ask America,2012-09-05,2012-09-05,Likely Voters,1382,Automated Phone,Nonpartisan,None,2012,illinois,Obama,54
2012-illinois-president-romney-vs-obama,14961,We Ask America,2012-09-05,2012-09-05,Likely Voters,1382,Automated Phone,Nonpartisan,None,2012,illinois,Romney,37
2012-illinois-president-romney-vs-obama,14961,We Ask America,2012-09-05,2012-09-05,Likely Voters,1382,Automated Phone,Nonpartisan,None,2012,illinois,Other,3
2012-illinois-president-romney-vs-obama,14961,We Ask America,2012-09-05,2012-09-05,Likely Voters,1382,Automated Phone,Nonpartisan,None,2012,illinois,Undecided,6
2012-illinois-president-romney-vs-obama,14839,Ipsos/Crain's Business Journal,2012-08-17,2012-08-23,Adults,600,Internet,Nonpartisan,None,2012,illinois,Obama,55
2012-illinois-president-romney-vs-obama,14839,Ipsos/Crain's Business Journal,2012-08-17,2012-08-23,Adults,600,Internet,Nonpartisan,None,2012,illinois,Romney,29
2012-illinois-president-romney-vs-obama,14839,Ipsos/Crain's Business Journal,2012-08-17,2012-08-23,Adults,600,Internet,Nonpartisan,None,2012,illinois,Other,NA
2012-illinois-president-romney-vs-obama,14839,Ipsos/Crain's Business Journal,2012-08-17,2012-08-23,Adults,600,Internet,Nonpartisan,None,2012,illinois,Undecided,16
2012-illinois-president-romney-vs-obama,14473,Ipsos/Crain's Business Journal,2012-07-16,2012-07-22,Adults,600,Internet,Nonpartisan,None,2012,illinois,Obama,51
2012-illinois-president-romney-vs-obama,14473,Ipsos/Crain's Business Journal,2012-07-16,2012-07-22,Adults,600,Internet,Nonpartisan,None,2012,illinois,Romney,31
2012-illinois-president-romney-vs-obama,14473,Ipsos/Crain's Business Journal,2012-07-16,2012-07-22,Adults,600,Internet,Nonpartisan,None,2012,illinois,Other,NA
2012-illinois-president-romney-vs-obama,14473,Ipsos/Crain's Business Journal,2012-07-16,2012-07-22,Adults,600,Internet,Nonpartisan,None,2012,illinois,Undecided,14
2012-illinois-president-romney-vs-obama,13446,Chicago Tribune,2012-02-02,2012-02-06,Registered Voters,600,Live Phone,Nonpartisan,None,2012,illinois,Obama,56
2012-illinois-president-romney-vs-obama,13446,Chicago Tribune,2012-02-02,2012-02-06,Registered Voters,600,Live Phone,Nonpartisan,None,2012,illinois,Romney,35
2012-illinois-president-romney-vs-obama,13446,Chicago Tribune,2012-02-02,2012-02-06,Registered Voters,600,Live Phone,Nonpartisan,None,2012,illinois,Other,NA
2012-illinois-president-romney-vs-obama,13446,Chicago Tribune,2012-02-02,2012-02-06,Registered Voters,600,Live Phone,Nonpartisan,None,2012,illinois,Undecided,9
2012-georgia-president-romney-vs-obama,16589,YouGov,2012-10-31,2012-11-03,Likely Voters,1070,Internet,Nonpartisan,None,2012,georgia,Obama,44
2012-georgia-president-romney-vs-obama,16589,YouGov,2012-10-31,2012-11-03,Likely Voters,1070,Internet,Nonpartisan,None,2012,georgia,Romney,52
2012-georgia-president-romney-vs-obama,16589,YouGov,2012-10-31,2012-11-03,Likely Voters,1070,Internet,Nonpartisan,None,2012,georgia,Other,1
2012-georgia-president-romney-vs-obama,16589,YouGov,2012-10-31,2012-11-03,Likely Voters,1070,Internet,Nonpartisan,None,2012,georgia,Undecided,2
2012-georgia-president-romney-vs-obama,16444,20/20 Insight (D-Better Georgia),2012-10-29,2012-10-31,Likely Voters,1316,Automated Phone,Sponsor,Dem,2012,georgia,Obama,46
2012-georgia-president-romney-vs-obama,16444,20/20 Insight (D-Better Georgia),2012-10-29,2012-10-31,Likely Voters,1316,Automated Phone,Sponsor,Dem,2012,georgia,Romney,52
2012-georgia-president-romney-vs-obama,16444,20/20 Insight (D-Better Georgia),2012-10-29,2012-10-31,Likely Voters,1316,Automated Phone,Sponsor,Dem,2012,georgia,Other,1
2012-georgia-president-romney-vs-obama,16444,20/20 Insight (D-Better Georgia),2012-10-29,2012-10-31,Likely Voters,1316,Automated Phone,Sponsor,Dem,2012,georgia,Undecided,1
2012-georgia-president-romney-vs-obama,16316,SurveyUSA,2012-10-25,2012-10-28,Likely Voters,574,IVR/Online,Nonpartisan,None,2012,georgia,Obama,44
2012-georgia-president-romney-vs-obama,16316,SurveyUSA,2012-10-25,2012-10-28,Likely Voters,574,IVR/Online,Nonpartisan,None,2012,georgia,Romney,52
2012-georgia-president-romney-vs-obama,16316,SurveyUSA,2012-10-25,2012-10-28,Likely Voters,574,IVR/Online,Nonpartisan,None,2012,georgia,Other,2
2012-georgia-president-romney-vs-obama,16316,SurveyUSA,2012-10-25,2012-10-28,Likely Voters,574,IVR/Online,Nonpartisan,None,2012,georgia,Undecided,2
2012-georgia-president-romney-vs-obama,15770,Abt SRBI Inc/Atlanta Journal-Constitution,2012-10-08,2012-10-11,Likely Voters,706,Live Phone,Nonpartisan,None,2012,georgia,Obama,43
2012-georgia-president-romney-vs-obama,15770,Abt SRBI Inc/Atlanta Journal-Constitution,2012-10-08,2012-10-11,Likely Voters,706,Live Phone,Nonpartisan,None,2012,georgia,Romney,51
2012-georgia-president-romney-vs-obama,15770,Abt SRBI Inc/Atlanta Journal-Constitution,2012-10-08,2012-10-11,Likely Voters,706,Live Phone,Nonpartisan,None,2012,georgia,Other,NA
2012-georgia-president-romney-vs-obama,15770,Abt SRBI Inc/Atlanta Journal-Constitution,2012-10-08,2012-10-11,Likely Voters,706,Live Phone,Nonpartisan,None,2012,georgia,Undecided,5
2012-georgia-president-romney-vs-obama,15862,YouGov,2012-10-04,2012-10-11,Likely Voters,776,Internet,Nonpartisan,None,2012,georgia,Obama,44
2012-georgia-president-romney-vs-obama,15862,YouGov,2012-10-04,2012-10-11,Likely Voters,776,Internet,Nonpartisan,None,2012,georgia,Romney,52
2012-georgia-president-romney-vs-obama,15862,YouGov,2012-10-04,2012-10-11,Likely Voters,776,Internet,Nonpartisan,None,2012,georgia,Other,1
2012-georgia-president-romney-vs-obama,15862,YouGov,2012-10-04,2012-10-11,Likely Voters,776,Internet,Nonpartisan,None,2012,georgia,Undecided,3
2012-georgia-president-romney-vs-obama,15184,InsiderAdvantage/Fox 5 Atlanta,2012-09-18,2012-09-18,Likely Voters,483,Live Phone,Nonpartisan,None,2012,georgia,Obama,35
2012-georgia-president-romney-vs-obama,15184,InsiderAdvantage/Fox 5 Atlanta,2012-09-18,2012-09-18,Likely Voters,483,Live Phone,Nonpartisan,None,2012,georgia,Romney,56
2012-georgia-president-romney-vs-obama,15184,InsiderAdvantage/Fox 5 Atlanta,2012-09-18,2012-09-18,Likely Voters,483,Live Phone,Nonpartisan,None,2012,georgia,Other,2
2012-georgia-president-romney-vs-obama,15184,InsiderAdvantage/Fox 5 Atlanta,2012-09-18,2012-09-18,Likely Voters,483,Live Phone,Nonpartisan,None,2012,georgia,Undecided,7
2012-georgia-president-romney-vs-obama,15224,YouGov,2012-09-07,2012-09-14,Likely Voters,1020,Internet,Nonpartisan,None,2012,georgia,Obama,44
2012-georgia-president-romney-vs-obama,15224,YouGov,2012-09-07,2012-09-14,Likely Voters,1020,Internet,Nonpartisan,None,2012,georgia,Romney,51
2012-georgia-president-romney-vs-obama,15224,YouGov,2012-09-07,2012-09-14,Likely Voters,1020,Internet,Nonpartisan,None,2012,georgia,Other,2
2012-georgia-president-romney-vs-obama,15224,YouGov,2012-09-07,2012-09-14,Likely Voters,1020,Internet,Nonpartisan,None,2012,georgia,Undecided,3
2012-georgia-president-romney-vs-obama,14730,20/20 Insight (D-Better Georgia),2012-08-15,2012-08-18,Likely Voters,1158,Automated Phone,Sponsor,Dem,2012,georgia,Obama,46
2012-georgia-president-romney-vs-obama,14730,20/20 Insight (D-Better Georgia),2012-08-15,2012-08-18,Likely Voters,1158,Automated Phone,Sponsor,Dem,2012,georgia,Romney,49
2012-georgia-president-romney-vs-obama,14730,20/20 Insight (D-Better Georgia),2012-08-15,2012-08-18,Likely Voters,1158,Automated Phone,Sponsor,Dem,2012,georgia,Other,1
2012-georgia-president-romney-vs-obama,14730,20/20 Insight (D-Better Georgia),2012-08-15,2012-08-18,Likely Voters,1158,Automated Phone,Sponsor,Dem,2012,georgia,Undecided,4
2012-georgia-president-romney-vs-obama,13912,InsiderAdvantage,2012-05-22,2012-05-22,Likely Voters,438,Automated Phone,Nonpartisan,None,2012,georgia,Obama,40
2012-georgia-president-romney-vs-obama,13912,InsiderAdvantage,2012-05-22,2012-05-22,Likely Voters,438,Automated Phone,Nonpartisan,None,2012,georgia,Romney,52
2012-georgia-president-romney-vs-obama,13912,InsiderAdvantage,2012-05-22,2012-05-22,Likely Voters,438,Automated Phone,Nonpartisan,None,2012,georgia,Other,NA
2012-georgia-president-romney-vs-obama,13912,InsiderAdvantage,2012-05-22,2012-05-22,Likely Voters,438,Automated Phone,Nonpartisan,None,2012,georgia,Undecided,8
2012-georgia-president-romney-vs-obama,13782,Landmark/Rosetta Stone,2012-05-10,2012-05-10,Registered Voters,600,Automated Phone,Pollster,Rep,2012,georgia,Obama,40
2012-georgia-president-romney-vs-obama,13782,Landmark/Rosetta Stone,2012-05-10,2012-05-10,Registered Voters,600,Automated Phone,Pollster,Rep,2012,georgia,Romney,51
2012-georgia-president-romney-vs-obama,13782,Landmark/Rosetta Stone,2012-05-10,2012-05-10,Registered Voters,600,Automated Phone,Pollster,Rep,2012,georgia,Other,NA
2012-georgia-president-romney-vs-obama,13782,Landmark/Rosetta Stone,2012-05-10,2012-05-10,Registered Voters,600,Automated Phone,Pollster,Rep,2012,georgia,Undecided,NA
2012-georgia-president-romney-vs-obama,13060,SurveyUSA,2012-02-23,2012-02-26,Registered Voters,1156,IVR/Online,Nonpartisan,None,2012,georgia,Obama,42
2012-georgia-president-romney-vs-obama,13060,SurveyUSA,2012-02-23,2012-02-26,Registered Voters,1156,IVR/Online,Nonpartisan,None,2012,georgia,Romney,49
2012-georgia-president-romney-vs-obama,13060,SurveyUSA,2012-02-23,2012-02-26,Registered Voters,1156,IVR/Online,Nonpartisan,None,2012,georgia,Other,NA
2012-georgia-president-romney-vs-obama,13060,SurveyUSA,2012-02-23,2012-02-26,Registered Voters,1156,IVR/Online,Nonpartisan,None,2012,georgia,Undecided,8
2012-georgia-president-romney-vs-obama,13073,SurveyUSA,2012-02-01,2012-02-02,Registered Voters,1144,IVR/Online,Nonpartisan,None,2012,georgia,Obama,43
2012-georgia-president-romney-vs-obama,13073,SurveyUSA,2012-02-01,2012-02-02,Registered Voters,1144,IVR/Online,Nonpartisan,None,2012,georgia,Romney,51
2012-georgia-president-romney-vs-obama,13073,SurveyUSA,2012-02-01,2012-02-02,Registered Voters,1144,IVR/Online,Nonpartisan,None,2012,georgia,Other,NA
2012-georgia-president-romney-vs-obama,13073,SurveyUSA,2012-02-01,2012-02-02,Registered Voters,1144,IVR/Online,Nonpartisan,None,2012,georgia,Undecided,6
2012-connecticut-president-romney-vs-obama,16571,YouGov,2012-10-31,2012-11-03,Likely Voters,895,Internet,Nonpartisan,None,2012,connecticut,Obama,54
2012-connecticut-president-romney-vs-obama,16571,YouGov,2012-10-31,2012-11-03,Likely Voters,895,Internet,Nonpartisan,None,2012,connecticut,Romney,39
2012-connecticut-president-romney-vs-obama,16571,YouGov,2012-10-31,2012-11-03,Likely Voters,895,Internet,Nonpartisan,None,2012,connecticut,Other,2
2012-connecticut-president-romney-vs-obama,16571,YouGov,2012-10-31,2012-11-03,Likely Voters,895,Internet,Nonpartisan,None,2012,connecticut,Undecided,5
2012-connecticut-president-romney-vs-obama,16485,PPP (D),2012-11-01,2012-11-02,Likely Voters,1220,Automated Phone,Pollster,Dem,2012,connecticut,Obama,55
2012-connecticut-president-romney-vs-obama,16485,PPP (D),2012-11-01,2012-11-02,Likely Voters,1220,Automated Phone,Pollster,Dem,2012,connecticut,Romney,42
2012-connecticut-president-romney-vs-obama,16485,PPP (D),2012-11-01,2012-11-02,Likely Voters,1220,Automated Phone,Pollster,Dem,2012,connecticut,Other,NA
2012-connecticut-president-romney-vs-obama,16485,PPP (D),2012-11-01,2012-11-02,Likely Voters,1220,Automated Phone,Pollster,Dem,2012,connecticut,Undecided,3
2012-connecticut-president-romney-vs-obama,16104,Quinnipiac,2012-10-19,2012-10-22,Likely Voters,1412,Live Phone,Nonpartisan,None,2012,connecticut,Obama,55
2012-connecticut-president-romney-vs-obama,16104,Quinnipiac,2012-10-19,2012-10-22,Likely Voters,1412,Live Phone,Nonpartisan,None,2012,connecticut,Romney,41
2012-connecticut-president-romney-vs-obama,16104,Quinnipiac,2012-10-19,2012-10-22,Likely Voters,1412,Live Phone,Nonpartisan,None,2012,connecticut,Other,NA
2012-connecticut-president-romney-vs-obama,16104,Quinnipiac,2012-10-19,2012-10-22,Likely Voters,1412,Live Phone,Nonpartisan,None,2012,connecticut,Undecided,4
2012-connecticut-president-romney-vs-obama,16092,Rasmussen,2012-10-21,2012-10-21,Likely Voters,500,Automated Phone,Nonpartisan,None,2012,connecticut,Obama,52
2012-connecticut-president-romney-vs-obama,16092,Rasmussen,2012-10-21,2012-10-21,Likely Voters,500,Automated Phone,Nonpartisan,None,2012,connecticut,Romney,45
2012-connecticut-president-romney-vs-obama,16092,Rasmussen,2012-10-21,2012-10-21,Likely Voters,500,Automated Phone,Nonpartisan,None,2012,connecticut,Other,1
2012-connecticut-president-romney-vs-obama,16092,Rasmussen,2012-10-21,2012-10-21,Likely Voters,500,Automated Phone,Nonpartisan,None,2012,connecticut,Undecided,2
2012-connecticut-president-romney-vs-obama,16063,SurveyUSA/WABC-TV,2012-10-19,2012-10-21,Likely Voters,575,IVR/Online,Nonpartisan,None,2012,connecticut,Obama,53
2012-connecticut-president-romney-vs-obama,16063,SurveyUSA/WABC-TV,2012-10-19,2012-10-21,Likely Voters,575,IVR/Online,Nonpartisan,None,2012,connecticut,Romney,40
2012-connecticut-president-romney-vs-obama,16063,SurveyUSA/WABC-TV,2012-10-19,2012-10-21,Likely Voters,575,IVR/Online,Nonpartisan,None,2012,connecticut,Other,3
2012-connecticut-president-romney-vs-obama,16063,SurveyUSA/WABC-TV,2012-10-19,2012-10-21,Likely Voters,575,IVR/Online,Nonpartisan,None,2012,connecticut,Undecided,4
2012-connecticut-president-romney-vs-obama,16168,Mason-Dixon,2012-10-15,2012-10-17,Likely Voters,625,Live Phone,Nonpartisan,None,2012,connecticut,Obama,49
2012-connecticut-president-romney-vs-obama,16168,Mason-Dixon,2012-10-15,2012-10-17,Likely Voters,625,Live Phone,Nonpartisan,None,2012,connecticut,Romney,42
2012-connecticut-president-romney-vs-obama,16168,Mason-Dixon,2012-10-15,2012-10-17,Likely Voters,625,Live Phone,Nonpartisan,None,2012,connecticut,Other,NA
2012-connecticut-president-romney-vs-obama,16168,Mason-Dixon,2012-10-15,2012-10-17,Likely Voters,625,Live Phone,Nonpartisan,None,2012,connecticut,Undecided,NA
2012-connecticut-president-romney-vs-obama,15928,PPP (D-LCV),2012-10-15,2012-10-16,Likely Voters,1015,Automated Phone,Sponsor,Dem,2012,connecticut,Obama,53
2012-connecticut-president-romney-vs-obama,15928,PPP (D-LCV),2012-10-15,2012-10-16,Likely Voters,1015,Automated Phone,Sponsor,Dem,2012,connecticut,Romney,44
2012-connecticut-president-romney-vs-obama,15928,PPP (D-LCV),2012-10-15,2012-10-16,Likely Voters,1015,Automated Phone,Sponsor,Dem,2012,connecticut,Other,NA
2012-connecticut-president-romney-vs-obama,15928,PPP (D-LCV),2012-10-15,2012-10-16,Likely Voters,1015,Automated Phone,Sponsor,Dem,2012,connecticut,Undecided,4
2012-connecticut-president-romney-vs-obama,15912,UConn/Hartford Courant,2012-10-11,2012-10-16,Likely Voters,574,Live Phone,Nonpartisan,None,2012,connecticut,Obama,51
2012-connecticut-president-romney-vs-obama,15912,UConn/Hartford Courant,2012-10-11,2012-10-16,Likely Voters,574,Live Phone,Nonpartisan,None,2012,connecticut,Romney,37
2012-connecticut-president-romney-vs-obama,15912,UConn/Hartford Courant,2012-10-11,2012-10-16,Likely Voters,574,Live Phone,Nonpartisan,None,2012,connecticut,Other,NA
2012-connecticut-president-romney-vs-obama,15912,UConn/Hartford Courant,2012-10-11,2012-10-16,Likely Voters,574,Live Phone,Nonpartisan,None,2012,connecticut,Undecided,NA
2012-connecticut-president-romney-vs-obama,15869,Siena,2012-10-04,2012-10-14,Likely Voters,552,Live Phone,Nonpartisan,None,2012,connecticut,Obama,53
2012-connecticut-president-romney-vs-obama,15869,Siena,2012-10-04,2012-10-14,Likely Voters,552,Live Phone,Nonpartisan,None,2012,connecticut,Romney,38
2012-connecticut-president-romney-vs-obama,15869,Siena,2012-10-04,2012-10-14,Likely Voters,552,Live Phone,Nonpartisan,None,2012,connecticut,Other,NA
2012-connecticut-president-romney-vs-obama,15869,Siena,2012-10-04,2012-10-14,Likely Voters,552,Live Phone,Nonpartisan,None,2012,connecticut,Undecided,7
2012-connecticut-president-romney-vs-obama,15859,YouGov,2012-10-04,2012-10-11,Likely Voters,434,Internet,Nonpartisan,None,2012,connecticut,Obama,53
2012-connecticut-president-romney-vs-obama,15859,YouGov,2012-10-04,2012-10-11,Likely Voters,434,Internet,Nonpartisan,None,2012,connecticut,Romney,39
2012-connecticut-president-romney-vs-obama,15859,YouGov,2012-10-04,2012-10-11,Likely Voters,434,Internet,Nonpartisan,None,2012,connecticut,Other,3
2012-connecticut-president-romney-vs-obama,15859,YouGov,2012-10-04,2012-10-11,Likely Voters,434,Internet,Nonpartisan,None,2012,connecticut,Undecided,5
2012-connecticut-president-romney-vs-obama,15637,Rasmussen,2012-10-07,2012-10-07,Likely Voters,500,Automated Phone,Nonpartisan,None,2012,connecticut,Obama,51
2012-connecticut-president-romney-vs-obama,15637,Rasmussen,2012-10-07,2012-10-07,Likely Voters,500,Automated Phone,Nonpartisan,None,2012,connecticut,Romney,45
2012-connecticut-president-romney-vs-obama,15637,Rasmussen,2012-10-07,2012-10-07,Likely Voters,500,Automated Phone,Nonpartisan,None,2012,connecticut,Other,1
2012-connecticut-president-romney-vs-obama,15637,Rasmussen,2012-10-07,2012-10-07,Likely Voters,500,Automated Phone,Nonpartisan,None,2012,connecticut,Undecided,3
2012-connecticut-president-romney-vs-obama,15513,Quinnipiac,2012-09-28,2012-10-02,Likely Voters,1696,Live Phone,Nonpartisan,None,2012,connecticut,Obama,54
2012-connecticut-president-romney-vs-obama,15513,Quinnipiac,2012-09-28,2012-10-02,Likely Voters,1696,Live Phone,Nonpartisan,None,2012,connecticut,Romney,42
2012-connecticut-president-romney-vs-obama,15513,Quinnipiac,2012-09-28,2012-10-02,Likely Voters,1696,Live Phone,Nonpartisan,None,2012,connecticut,Other,NA
2012-connecticut-president-romney-vs-obama,15513,Quinnipiac,2012-09-28,2012-10-02,Likely Voters,1696,Live Phone,Nonpartisan,None,2012,connecticut,Undecided,4
2012-connecticut-president-romney-vs-obama,15355,PPP (D),2012-09-24,2012-09-26,Likely Voters,801,Automated Phone,Pollster,Dem,2012,connecticut,Obama,54
2012-connecticut-president-romney-vs-obama,15355,PPP (D),2012-09-24,2012-09-26,Likely Voters,801,Automated Phone,Pollster,Dem,2012,connecticut,Romney,41
2012-connecticut-president-romney-vs-obama,15355,PPP (D),2012-09-24,2012-09-26,Likely Voters,801,Automated Phone,Pollster,Dem,2012,connecticut,Other,NA
2012-connecticut-president-romney-vs-obama,15355,PPP (D),2012-09-24,2012-09-26,Likely Voters,801,Automated Phone,Pollster,Dem,2012,connecticut,Undecided,5
2012-connecticut-president-romney-vs-obama,15150,UConn/Hartford Courant,2012-09-11,2012-09-16,Likely Voters,508,Live Phone,Nonpartisan,None,2012,connecticut,Obama,53
2012-connecticut-president-romney-vs-obama,15150,UConn/Hartford Courant,2012-09-11,2012-09-16,Likely Voters,508,Live Phone,Nonpartisan,None,2012,connecticut,Romney,32
2012-connecticut-president-romney-vs-obama,15150,UConn/Hartford Courant,2012-09-11,2012-09-16,Likely Voters,508,Live Phone,Nonpartisan,None,2012,connecticut,Other,NA
2012-connecticut-president-romney-vs-obama,15150,UConn/Hartford Courant,2012-09-11,2012-09-16,Likely Voters,508,Live Phone,Nonpartisan,None,2012,connecticut,Undecided,12
2012-connecticut-president-romney-vs-obama,15189,YouGov,2012-09-07,2012-09-14,Likely Voters,634,Internet,Nonpartisan,None,2012,connecticut,Obama,53
2012-connecticut-president-romney-vs-obama,15189,YouGov,2012-09-07,2012-09-14,Likely Voters,634,Internet,Nonpartisan,None,2012,connecticut,Romney,40
2012-connecticut-president-romney-vs-obama,15189,YouGov,2012-09-07,2012-09-14,Likely Voters,634,Internet,Nonpartisan,None,2012,connecticut,Other,2
2012-connecticut-president-romney-vs-obama,15189,YouGov,2012-09-07,2012-09-14,Likely Voters,634,Internet,Nonpartisan,None,2012,connecticut,Undecided,5
2012-connecticut-president-romney-vs-obama,14806,Quinnipiac,2012-08-22,2012-08-26,Likely Voters,-1,Live Phone,Nonpartisan,None,2012,connecticut,Obama,52
2012-connecticut-president-romney-vs-obama,14806,Quinnipiac,2012-08-22,2012-08-26,Likely Voters,-1,Live Phone,Nonpartisan,None,2012,connecticut,Romney,45
2012-connecticut-president-romney-vs-obama,14806,Quinnipiac,2012-08-22,2012-08-26,Likely Voters,-1,Live Phone,Nonpartisan,None,2012,connecticut,Other,NA
2012-connecticut-president-romney-vs-obama,14806,Quinnipiac,2012-08-22,2012-08-26,Likely Voters,-1,Live Phone,Nonpartisan,None,2012,connecticut,Undecided,2
2012-connecticut-president-romney-vs-obama,14822,PPP (D-League of Conservation Voters),2012-08-22,2012-08-23,Likely Voters,881,Automated Phone,Sponsor,Dem,2012,connecticut,Obama,53
2012-connecticut-president-romney-vs-obama,14822,PPP (D-League of Conservation Voters),2012-08-22,2012-08-23,Likely Voters,881,Automated Phone,Sponsor,Dem,2012,connecticut,Romney,40
2012-connecticut-president-romney-vs-obama,14822,PPP (D-League of Conservation Voters),2012-08-22,2012-08-23,Likely Voters,881,Automated Phone,Sponsor,Dem,2012,connecticut,Other,NA
2012-connecticut-president-romney-vs-obama,14822,PPP (D-League of Conservation Voters),2012-08-22,2012-08-23,Likely Voters,881,Automated Phone,Sponsor,Dem,2012,connecticut,Undecided,7
2012-connecticut-president-romney-vs-obama,14754,Rasmussen,2012-08-21,2012-08-21,Likely Voters,500,Automated Phone,Nonpartisan,None,2012,connecticut,Obama,51
2012-connecticut-president-romney-vs-obama,14754,Rasmussen,2012-08-21,2012-08-21,Likely Voters,500,Automated Phone,Nonpartisan,None,2012,connecticut,Romney,43
2012-connecticut-president-romney-vs-obama,14754,Rasmussen,2012-08-21,2012-08-21,Likely Voters,500,Automated Phone,Nonpartisan,None,2012,connecticut,Other,3
2012-connecticut-president-romney-vs-obama,14754,Rasmussen,2012-08-21,2012-08-21,Likely Voters,500,Automated Phone,Nonpartisan,None,2012,connecticut,Undecided,3
2012-connecticut-president-romney-vs-obama,14536,PPP (D),2012-07-26,2012-07-29,Likely Voters,771,Automated Phone,Pollster,Dem,2012,connecticut,Obama,51
2012-connecticut-president-romney-vs-obama,14536,PPP (D),2012-07-26,2012-07-29,Likely Voters,771,Automated Phone,Pollster,Dem,2012,connecticut,Romney,43
2012-connecticut-president-romney-vs-obama,14536,PPP (D),2012-07-26,2012-07-29,Likely Voters,771,Automated Phone,Pollster,Dem,2012,connecticut,Other,NA
2012-connecticut-president-romney-vs-obama,14536,PPP (D),2012-07-26,2012-07-29,Likely Voters,771,Automated Phone,Pollster,Dem,2012,connecticut,Undecided,6
2012-connecticut-president-romney-vs-obama,14016,Quinnipiac,2012-05-29,2012-06-03,Registered Voters,1408,Live Phone,Nonpartisan,None,2012,connecticut,Obama,50
2012-connecticut-president-romney-vs-obama,14016,Quinnipiac,2012-05-29,2012-06-03,Registered Voters,1408,Live Phone,Nonpartisan,None,2012,connecticut,Romney,38
2012-connecticut-president-romney-vs-obama,14016,Quinnipiac,2012-05-29,2012-06-03,Registered Voters,1408,Live Phone,Nonpartisan,None,2012,connecticut,Other,2
2012-connecticut-president-romney-vs-obama,14016,Quinnipiac,2012-05-29,2012-06-03,Registered Voters,1408,Live Phone,Nonpartisan,None,2012,connecticut,Undecided,10
2012-connecticut-president-romney-vs-obama,13292,Quinnipiac,2012-03-14,2012-03-19,Registered Voters,1622,Live Phone,Nonpartisan,None,2012,connecticut,Obama,53
2012-connecticut-president-romney-vs-obama,13292,Quinnipiac,2012-03-14,2012-03-19,Registered Voters,1622,Live Phone,Nonpartisan,None,2012,connecticut,Romney,37
2012-connecticut-president-romney-vs-obama,13292,Quinnipiac,2012-03-14,2012-03-19,Registered Voters,1622,Live Phone,Nonpartisan,None,2012,connecticut,Other,1
2012-connecticut-president-romney-vs-obama,13292,Quinnipiac,2012-03-14,2012-03-19,Registered Voters,1622,Live Phone,Nonpartisan,None,2012,connecticut,Undecided,6
2012-california-president-romney-vs-obama,16569,YouGov,2012-10-31,2012-11-03,Likely Voters,1575,Internet,Nonpartisan,None,2012,california,Obama,55
2012-california-president-romney-vs-obama,16569,YouGov,2012-10-31,2012-11-03,Likely Voters,1575,Internet,Nonpartisan,None,2012,california,Romney,40
2012-california-president-romney-vs-obama,16569,YouGov,2012-10-31,2012-11-03,Likely Voters,1575,Internet,Nonpartisan,None,2012,california,Other,3
2012-california-president-romney-vs-obama,16569,YouGov,2012-10-31,2012-11-03,Likely Voters,1575,Internet,Nonpartisan,None,2012,california,Undecided,2
2012-california-president-romney-vs-obama,16496,Field/UC Berkeley,2012-10-17,2012-10-30,Likely Voters,1566,Live Phone,Nonpartisan,None,2012,california,Obama,54
2012-california-president-romney-vs-obama,16496,Field/UC Berkeley,2012-10-17,2012-10-30,Likely Voters,1566,Live Phone,Nonpartisan,None,2012,california,Romney,39
2012-california-president-romney-vs-obama,16496,Field/UC Berkeley,2012-10-17,2012-10-30,Likely Voters,1566,Live Phone,Nonpartisan,None,2012,california,Other,2
2012-california-president-romney-vs-obama,16496,Field/UC Berkeley,2012-10-17,2012-10-30,Likely Voters,1566,Live Phone,Nonpartisan,None,2012,california,Undecided,5
2012-california-president-romney-vs-obama,16376,CBRT/Pepperdine/M4,2012-10-21,2012-10-28,Likely Voters,2115,Internet,Nonpartisan,None,2012,california,Obama,56
2012-california-president-romney-vs-obama,16376,CBRT/Pepperdine/M4,2012-10-21,2012-10-28,Likely Voters,2115,Internet,Nonpartisan,None,2012,california,Romney,33
2012-california-president-romney-vs-obama,16376,CBRT/Pepperdine/M4,2012-10-21,2012-10-28,Likely Voters,2115,Internet,Nonpartisan,None,2012,california,Other,4
2012-california-president-romney-vs-obama,16376,CBRT/Pepperdine/M4,2012-10-21,2012-10-28,Likely Voters,2115,Internet,Nonpartisan,None,2012,california,Undecided,7
2012-california-president-romney-vs-obama,16136,USC/LATimes,2012-10-15,2012-10-21,Likely Voters,1440,Live Phone,Pollster,Dem,2012,california,Obama,55
2012-california-president-romney-vs-obama,16136,USC/LATimes,2012-10-15,2012-10-21,Likely Voters,1440,Live Phone,Pollster,Dem,2012,california,Romney,39
2012-california-president-romney-vs-obama,16136,USC/LATimes,2012-10-15,2012-10-21,Likely Voters,1440,Live Phone,Pollster,Dem,2012,california,Other,NA
2012-california-president-romney-vs-obama,16136,USC/LATimes,2012-10-15,2012-10-21,Likely Voters,1440,Live Phone,Pollster,Dem,2012,california,Undecided,2
2012-california-president-romney-vs-obama,16165,PPIC,2012-10-14,2012-10-21,Likely Voters,993,Live Phone,Nonpartisan,None,2012,california,Obama,53
2012-california-president-romney-vs-obama,16165,PPIC,2012-10-14,2012-10-21,Likely Voters,993,Live Phone,Nonpartisan,None,2012,california,Romney,41
2012-california-president-romney-vs-obama,16165,PPIC,2012-10-14,2012-10-21,Likely Voters,993,Live Phone,Nonpartisan,None,2012,california,Other,2
2012-california-president-romney-vs-obama,16165,PPIC,2012-10-14,2012-10-21,Likely Voters,993,Live Phone,Nonpartisan,None,2012,california,Undecided,4
2012-california-president-romney-vs-obama,15948,Reason/Rupe,2012-10-11,2012-10-15,Likely Voters,508,Live Phone,Nonpartisan,None,2012,california,Obama,53
2012-california-president-romney-vs-obama,15948,Reason/Rupe,2012-10-11,2012-10-15,Likely Voters,508,Live Phone,Nonpartisan,None,2012,california,Romney,38
2012-california-president-romney-vs-obama,15948,Reason/Rupe,2012-10-11,2012-10-15,Likely Voters,508,Live Phone,Nonpartisan,None,2012,california,Other,4
2012-california-president-romney-vs-obama,15948,Reason/Rupe,2012-10-11,2012-10-15,Likely Voters,508,Live Phone,Nonpartisan,None,2012,california,Undecided,5
2012-california-president-romney-vs-obama,15849,YouGov,2012-10-04,2012-10-11,Likely Voters,1169,Internet,Nonpartisan,None,2012,california,Obama,58
2012-california-president-romney-vs-obama,15849,YouGov,2012-10-04,2012-10-11,Likely Voters,1169,Internet,Nonpartisan,None,2012,california,Romney,39
2012-california-president-romney-vs-obama,15849,YouGov,2012-10-04,2012-10-11,Likely Voters,1169,Internet,Nonpartisan,None,2012,california,Other,2
2012-california-president-romney-vs-obama,15849,YouGov,2012-10-04,2012-10-11,Likely Voters,1169,Internet,Nonpartisan,None,2012,california,Undecided,1
2012-california-president-romney-vs-obama,15722,CBRT/Pepperdine/M4,2012-10-07,2012-10-10,Likely Voters,830,Internet,Nonpartisan,None,2012,california,Obama,54
2012-california-president-romney-vs-obama,15722,CBRT/Pepperdine/M4,2012-10-07,2012-10-10,Likely Voters,830,Internet,Nonpartisan,None,2012,california,Romney,33
2012-california-president-romney-vs-obama,15722,CBRT/Pepperdine/M4,2012-10-07,2012-10-10,Likely Voters,830,Internet,Nonpartisan,None,2012,california,Other,4
2012-california-president-romney-vs-obama,15722,CBRT/Pepperdine/M4,2012-10-07,2012-10-10,Likely Voters,830,Internet,Nonpartisan,None,2012,california,Undecided,9
2012-california-president-romney-vs-obama,15694,SurveyUSA,2012-10-07,2012-10-09,Likely Voters,539,IVR/Online,Nonpartisan,None,2012,california,Obama,53
2012-california-president-romney-vs-obama,15694,SurveyUSA,2012-10-07,2012-10-09,Likely Voters,539,IVR/Online,Nonpartisan,None,2012,california,Romney,39
2012-california-president-romney-vs-obama,15694,SurveyUSA,2012-10-07,2012-10-09,Likely Voters,539,IVR/Online,Nonpartisan,None,2012,california,Other,4
2012-california-president-romney-vs-obama,15694,SurveyUSA,2012-10-07,2012-10-09,Likely Voters,539,IVR/Online,Nonpartisan,None,2012,california,Undecided,4
2012-california-president-romney-vs-obama,15140,Field/UC Berkeley,2012-09-05,2012-09-17,Likely Voters,891,Live Phone,Nonpartisan,None,2012,california,Obama,58
2012-california-president-romney-vs-obama,15140,Field/UC Berkeley,2012-09-05,2012-09-17,Likely Voters,891,Live Phone,Nonpartisan,None,2012,california,Romney,34
2012-california-president-romney-vs-obama,15140,Field/UC Berkeley,2012-09-05,2012-09-17,Likely Voters,891,Live Phone,Nonpartisan,None,2012,california,Other,2
2012-california-president-romney-vs-obama,15140,Field/UC Berkeley,2012-09-05,2012-09-17,Likely Voters,891,Live Phone,Nonpartisan,None,2012,california,Undecided,6
2012-california-president-romney-vs-obama,15221,PPIC,2012-09-09,2012-09-16,Likely Voters,995,Live Phone,Nonpartisan,None,2012,california,Obama,53
2012-california-president-romney-vs-obama,15221,PPIC,2012-09-09,2012-09-16,Likely Voters,995,Live Phone,Nonpartisan,None,2012,california,Romney,39
2012-california-president-romney-vs-obama,15221,PPIC,2012-09-09,2012-09-16,Likely Voters,995,Live Phone,Nonpartisan,None,2012,california,Other,2
2012-california-president-romney-vs-obama,15221,PPIC,2012-09-09,2012-09-16,Likely Voters,995,Live Phone,Nonpartisan,None,2012,california,Undecided,6
2012-california-president-romney-vs-obama,15220,YouGov,2012-09-07,2012-09-14,Likely Voters,1361,Internet,Nonpartisan,None,2012,california,Obama,56
2012-california-president-romney-vs-obama,15220,YouGov,2012-09-07,2012-09-14,Likely Voters,1361,Internet,Nonpartisan,None,2012,california,Romney,39
2012-california-president-romney-vs-obama,15220,YouGov,2012-09-07,2012-09-14,Likely Voters,1361,Internet,Nonpartisan,None,2012,california,Other,3
2012-california-president-romney-vs-obama,15220,YouGov,2012-09-07,2012-09-14,Likely Voters,1361,Internet,Nonpartisan,None,2012,california,Undecided,2
2012-california-president-romney-vs-obama,15037,CBRT/Pepperdine/M4,2012-09-09,2012-09-12,Likely Voters,802,Internet,Nonpartisan,None,2012,california,Obama,55
2012-california-president-romney-vs-obama,15037,CBRT/Pepperdine/M4,2012-09-09,2012-09-12,Likely Voters,802,Internet,Nonpartisan,None,2012,california,Romney,33
2012-california-president-romney-vs-obama,15037,CBRT/Pepperdine/M4,2012-09-09,2012-09-12,Likely Voters,802,Internet,Nonpartisan,None,2012,california,Other,4
2012-california-president-romney-vs-obama,15037,CBRT/Pepperdine/M4,2012-09-09,2012-09-12,Likely Voters,802,Internet,Nonpartisan,None,2012,california,Undecided,7
2012-california-president-romney-vs-obama,14994,SurveyUSA,2012-09-09,2012-09-11,Likely Voters,524,IVR/Online,Nonpartisan,None,2012,california,Obama,57
2012-california-president-romney-vs-obama,14994,SurveyUSA,2012-09-09,2012-09-11,Likely Voters,524,IVR/Online,Nonpartisan,None,2012,california,Romney,35
2012-california-president-romney-vs-obama,14994,SurveyUSA,2012-09-09,2012-09-11,Likely Voters,524,IVR/Online,Nonpartisan,None,2012,california,Other,4
2012-california-president-romney-vs-obama,14994,SurveyUSA,2012-09-09,2012-09-11,Likely Voters,524,IVR/Online,Nonpartisan,None,2012,california,Undecided,3
2012-california-president-romney-vs-obama,14761,PACE/USC,2012-08-03,2012-08-07,Likely Voters,1041,Live Phone,Pollster,Dem,2012,california,Obama,56
2012-california-president-romney-vs-obama,14761,PACE/USC,2012-08-03,2012-08-07,Likely Voters,1041,Live Phone,Pollster,Dem,2012,california,Romney,33
2012-california-president-romney-vs-obama,14761,PACE/USC,2012-08-03,2012-08-07,Likely Voters,1041,Live Phone,Pollster,Dem,2012,california,Other,4
2012-california-president-romney-vs-obama,14761,PACE/USC,2012-08-03,2012-08-07,Likely Voters,1041,Live Phone,Pollster,Dem,2012,california,Undecided,8
2012-california-president-romney-vs-obama,14419,CBRT/Pepperdine/M4,2012-07-16,2012-07-17,Likely Voters,812,Internet,Nonpartisan,None,2012,california,Obama,52
2012-california-president-romney-vs-obama,14419,CBRT/Pepperdine/M4,2012-07-16,2012-07-17,Likely Voters,812,Internet,Nonpartisan,None,2012,california,Romney,33
2012-california-president-romney-vs-obama,14419,CBRT/Pepperdine/M4,2012-07-16,2012-07-17,Likely Voters,812,Internet,Nonpartisan,None,2012,california,Other,5
2012-california-president-romney-vs-obama,14419,CBRT/Pepperdine/M4,2012-07-16,2012-07-17,Likely Voters,812,Internet,Nonpartisan,None,2012,california,Undecided,10
2012-california-president-romney-vs-obama,14260,Field,2012-06-21,2012-07-02,Likely Voters,848,Live Phone,Nonpartisan,None,2012,california,Obama,55
2012-california-president-romney-vs-obama,14260,Field,2012-06-21,2012-07-02,Likely Voters,848,Live Phone,Nonpartisan,None,2012,california,Romney,37
2012-california-president-romney-vs-obama,14260,Field,2012-06-21,2012-07-02,Likely Voters,848,Live Phone,Nonpartisan,None,2012,california,Other,3
2012-california-president-romney-vs-obama,14260,Field,2012-06-21,2012-07-02,Likely Voters,848,Live Phone,Nonpartisan,None,2012,california,Undecided,5
2012-california-president-romney-vs-obama,13975,SurveyUSA,2012-05-27,2012-05-29,Registered Voters,1575,IVR/Online,Nonpartisan,None,2012,california,Obama,57
2012-california-president-romney-vs-obama,13975,SurveyUSA,2012-05-27,2012-05-29,Registered Voters,1575,IVR/Online,Nonpartisan,None,2012,california,Romney,36
2012-california-president-romney-vs-obama,13975,SurveyUSA,2012-05-27,2012-05-29,Registered Voters,1575,IVR/Online,Nonpartisan,None,2012,california,Other,NA
2012-california-president-romney-vs-obama,13975,SurveyUSA,2012-05-27,2012-05-29,Registered Voters,1575,IVR/Online,Nonpartisan,None,2012,california,Undecided,7
2012-california-president-romney-vs-obama,13976,Field,2012-05-21,2012-05-29,Registered Voters,710,Live Phone,Nonpartisan,None,2012,california,Obama,48
2012-california-president-romney-vs-obama,13976,Field,2012-05-21,2012-05-29,Registered Voters,710,Live Phone,Nonpartisan,None,2012,california,Romney,32
2012-california-president-romney-vs-obama,13976,Field,2012-05-21,2012-05-29,Registered Voters,710,Live Phone,Nonpartisan,None,2012,california,Other,NA
2012-california-president-romney-vs-obama,13976,Field,2012-05-21,2012-05-29,Registered Voters,710,Live Phone,Nonpartisan,None,2012,california,Undecided,17
2012-california-president-romney-vs-obama,13908,USC/LATimes,2012-05-17,2012-05-21,Registered Voters,1002,Live Phone,Pollster,Dem,2012,california,Obama,56
2012-california-president-romney-vs-obama,13908,USC/LATimes,2012-05-17,2012-05-21,Registered Voters,1002,Live Phone,Pollster,Dem,2012,california,Romney,37
2012-california-president-romney-vs-obama,13908,USC/LATimes,2012-05-17,2012-05-21,Registered Voters,1002,Live Phone,Pollster,Dem,2012,california,Other,NA
2012-california-president-romney-vs-obama,13908,USC/LATimes,2012-05-17,2012-05-21,Registered Voters,1002,Live Phone,Pollster,Dem,2012,california,Undecided,2
2012-california-president-romney-vs-obama,13907,PPIC,2012-05-14,2012-05-20,Likely Voters,894,Live Phone,Nonpartisan,None,2012,california,Obama,50
2012-california-president-romney-vs-obama,13907,PPIC,2012-05-14,2012-05-20,Likely Voters,894,Live Phone,Nonpartisan,None,2012,california,Romney,39
2012-california-president-romney-vs-obama,13907,PPIC,2012-05-14,2012-05-20,Likely Voters,894,Live Phone,Nonpartisan,None,2012,california,Other,3
2012-california-president-romney-vs-obama,13907,PPIC,2012-05-14,2012-05-20,Likely Voters,894,Live Phone,Nonpartisan,None,2012,california,Undecided,8
2012-california-president-romney-vs-obama,13427,SurveyUSA,2012-03-29,2012-04-02,Registered Voters,1995,IVR/Online,Nonpartisan,None,2012,california,Obama,62
2012-california-president-romney-vs-obama,13427,SurveyUSA,2012-03-29,2012-04-02,Registered Voters,1995,IVR/Online,Nonpartisan,None,2012,california,Romney,31
2012-california-president-romney-vs-obama,13427,SurveyUSA,2012-03-29,2012-04-02,Registered Voters,1995,IVR/Online,Nonpartisan,None,2012,california,Other,NA
2012-california-president-romney-vs-obama,13427,SurveyUSA,2012-03-29,2012-04-02,Registered Voters,1995,IVR/Online,Nonpartisan,None,2012,california,Undecided,8
2012-california-president-romney-vs-obama,13359,USC/LATimes,2012-03-14,2012-03-19,Registered Voters,1500,Live Phone,Nonpartisan,None,2012,california,Obama,57
2012-california-president-romney-vs-obama,13359,USC/LATimes,2012-03-14,2012-03-19,Registered Voters,1500,Live Phone,Nonpartisan,None,2012,california,Romney,36
2012-california-president-romney-vs-obama,13359,USC/LATimes,2012-03-14,2012-03-19,Registered Voters,1500,Live Phone,Nonpartisan,None,2012,california,Other,NA
2012-california-president-romney-vs-obama,13359,USC/LATimes,2012-03-14,2012-03-19,Registered Voters,1500,Live Phone,Nonpartisan,None,2012,california,Undecided,NA
2012-california-president-romney-vs-obama,13138,Field,2012-02-11,2012-02-18,Registered Voters,1003,Live Phone,Nonpartisan,None,2012,california,Obama,55
2012-california-president-romney-vs-obama,13138,Field,2012-02-11,2012-02-18,Registered Voters,1003,Live Phone,Nonpartisan,None,2012,california,Romney,35
2012-california-president-romney-vs-obama,13138,Field,2012-02-11,2012-02-18,Registered Voters,1003,Live Phone,Nonpartisan,None,2012,california,Other,NA
2012-california-president-romney-vs-obama,13138,Field,2012-02-11,2012-02-18,Registered Voters,1003,Live Phone,Nonpartisan,None,2012,california,Undecided,10
2012-california-president-romney-vs-obama,13137,Rasmussen,2012-02-08,2012-02-16,Likely Voters,500,Automated Phone,Nonpartisan,None,2012,california,Obama,57
2012-california-president-romney-vs-obama,13137,Rasmussen,2012-02-08,2012-02-16,Likely Voters,500,Automated Phone,Nonpartisan,None,2012,california,Romney,35
2012-california-president-romney-vs-obama,13137,Rasmussen,2012-02-08,2012-02-16,Likely Voters,500,Automated Phone,Nonpartisan,None,2012,california,Other,4
2012-california-president-romney-vs-obama,13137,Rasmussen,2012-02-08,2012-02-16,Likely Voters,500,Automated Phone,Nonpartisan,None,2012,california,Undecided,4
2012-california-president-romney-vs-obama,13139,SurveyUSA,2012-02-08,2012-02-09,Registered Voters,2088,IVR/Online,Nonpartisan,None,2012,california,Obama,60
2012-california-president-romney-vs-obama,13139,SurveyUSA,2012-02-08,2012-02-09,Registered Voters,2088,IVR/Online,Nonpartisan,None,2012,california,Romney,31
2012-california-president-romney-vs-obama,13139,SurveyUSA,2012-02-08,2012-02-09,Registered Voters,2088,IVR/Online,Nonpartisan,None,2012,california,Other,NA
2012-california-president-romney-vs-obama,13139,SurveyUSA,2012-02-08,2012-02-09,Registered Voters,2088,IVR/Online,Nonpartisan,None,2012,california,Undecided,9
2012-arkansas-president-romney-vs-obama,16105,U of Arkansas,2012-10-09,2012-10-14,Likely Voters,642,Live Phone,Nonpartisan,None,2012,arkansas,Obama,31
2012-arkansas-president-romney-vs-obama,16105,U of Arkansas,2012-10-09,2012-10-14,Likely Voters,642,Live Phone,Nonpartisan,None,2012,arkansas,Romney,58
2012-arkansas-president-romney-vs-obama,16105,U of Arkansas,2012-10-09,2012-10-14,Likely Voters,642,Live Phone,Nonpartisan,None,2012,arkansas,Other,NA
2012-arkansas-president-romney-vs-obama,16105,U of Arkansas,2012-10-09,2012-10-14,Likely Voters,642,Live Phone,Nonpartisan,None,2012,arkansas,Undecided,11
2012-arkansas-president-romney-vs-obama,15292,Hendrix College,2012-09-17,2012-09-17,Likely Voters,2228,Automated Phone,Nonpartisan,None,2012,arkansas,Obama,35
2012-arkansas-president-romney-vs-obama,15292,Hendrix College,2012-09-17,2012-09-17,Likely Voters,2228,Automated Phone,Nonpartisan,None,2012,arkansas,Romney,56
2012-arkansas-president-romney-vs-obama,15292,Hendrix College,2012-09-17,2012-09-17,Likely Voters,2228,Automated Phone,Nonpartisan,None,2012,arkansas,Other,NA
2012-arkansas-president-romney-vs-obama,15292,Hendrix College,2012-09-17,2012-09-17,Likely Voters,2228,Automated Phone,Nonpartisan,None,2012,arkansas,Undecided,7
2012-arkansas-president-romney-vs-obama,13437,Hendrix College,2012-03-26,2012-03-26,Likely Voters,759,Automated Phone,Nonpartisan,None,2012,arkansas,Obama,33
2012-arkansas-president-romney-vs-obama,13437,Hendrix College,2012-03-26,2012-03-26,Likely Voters,759,Automated Phone,Nonpartisan,None,2012,arkansas,Romney,57
2012-arkansas-president-romney-vs-obama,13437,Hendrix College,2012-03-26,2012-03-26,Likely Voters,759,Automated Phone,Nonpartisan,None,2012,arkansas,Other,NA
2012-arkansas-president-romney-vs-obama,13437,Hendrix College,2012-03-26,2012-03-26,Likely Voters,759,Automated Phone,Nonpartisan,None,2012,arkansas,Undecided,11
2012-wisconsin-president-romney-vs-obama,16530,PPP (D),2012-11-02,2012-11-03,Likely Voters,1256,Automated Phone,Pollster,Dem,2012,wisconsin,Obama,51
2012-wisconsin-president-romney-vs-obama,16530,PPP (D),2012-11-02,2012-11-03,Likely Voters,1256,Automated Phone,Pollster,Dem,2012,wisconsin,Romney,48
2012-wisconsin-president-romney-vs-obama,16530,PPP (D),2012-11-02,2012-11-03,Likely Voters,1256,Automated Phone,Pollster,Dem,2012,wisconsin,Other,NA
2012-wisconsin-president-romney-vs-obama,16530,PPP (D),2012-11-02,2012-11-03,Likely Voters,1256,Automated Phone,Pollster,Dem,2012,wisconsin,Undecided,1
2012-wisconsin-president-romney-vs-obama,16648,Angus-Reid,2012-11-01,2012-11-03,Likely Voters,454,Internet,Nonpartisan,None,2012,wisconsin,Obama,53
2012-wisconsin-president-romney-vs-obama,16648,Angus-Reid,2012-11-01,2012-11-03,Likely Voters,454,Internet,Nonpartisan,None,2012,wisconsin,Romney,46
2012-wisconsin-president-romney-vs-obama,16648,Angus-Reid,2012-11-01,2012-11-03,Likely Voters,454,Internet,Nonpartisan,None,2012,wisconsin,Other,1
2012-wisconsin-president-romney-vs-obama,16648,Angus-Reid,2012-11-01,2012-11-03,Likely Voters,454,Internet,Nonpartisan,None,2012,wisconsin,Undecided,NA
2012-wisconsin-president-romney-vs-obama,16588,YouGov,2012-10-31,2012-11-03,Likely Voters,1225,Internet,Nonpartisan,None,2012,wisconsin,Obama,50
2012-wisconsin-president-romney-vs-obama,16588,YouGov,2012-10-31,2012-11-03,Likely Voters,1225,Internet,Nonpartisan,None,2012,wisconsin,Romney,46
2012-wisconsin-president-romney-vs-obama,16588,YouGov,2012-10-31,2012-11-03,Likely Voters,1225,Internet,Nonpartisan,None,2012,wisconsin,Other,1
2012-wisconsin-president-romney-vs-obama,16588,YouGov,2012-10-31,2012-11-03,Likely Voters,1225,Internet,Nonpartisan,None,2012,wisconsin,Undecided,3
2012-wisconsin-president-romney-vs-obama,16503,Grove Insight (D-Project New America/USAction),2012-11-01,2012-11-02,Likely Voters,500,Live Phone,Sponsor,Dem,2012,wisconsin,Obama,48
2012-wisconsin-president-romney-vs-obama,16503,Grove Insight (D-Project New America/USAction),2012-11-01,2012-11-02,Likely Voters,500,Live Phone,Sponsor,Dem,2012,wisconsin,Romney,42
2012-wisconsin-president-romney-vs-obama,16503,Grove Insight (D-Project New America/USAction),2012-11-01,2012-11-02,Likely Voters,500,Live Phone,Sponsor,Dem,2012,wisconsin,Other,2
2012-wisconsin-president-romney-vs-obama,16503,Grove Insight (D-Project New America/USAction),2012-11-01,2012-11-02,Likely Voters,500,Live Phone,Sponsor,Dem,2012,wisconsin,Undecided,8
2012-wisconsin-president-romney-vs-obama,16473,We Ask America,2012-10-30,2012-11-01,Likely Voters,1210,Automated Phone,Nonpartisan,None,2012,wisconsin,Obama,52
2012-wisconsin-president-romney-vs-obama,16473,We Ask America,2012-10-30,2012-11-01,Likely Voters,1210,Automated Phone,Nonpartisan,None,2012,wisconsin,Romney,45
2012-wisconsin-president-romney-vs-obama,16473,We Ask America,2012-10-30,2012-11-01,Likely Voters,1210,Automated Phone,Nonpartisan,None,2012,wisconsin,Other,4
2012-wisconsin-president-romney-vs-obama,16473,We Ask America,2012-10-30,2012-11-01,Likely Voters,1210,Automated Phone,Nonpartisan,None,2012,wisconsin,Undecided,NA
2012-wisconsin-president-romney-vs-obama,16431,Wenzel Strategies (R-Citizens United),2012-10-30,2012-10-31,Likely Voters,1074,Live Phone,Sponsor,Rep,2012,wisconsin,Obama,49
2012-wisconsin-president-romney-vs-obama,16431,Wenzel Strategies (R-Citizens United),2012-10-30,2012-10-31,Likely Voters,1074,Live Phone,Sponsor,Rep,2012,wisconsin,Romney,47
2012-wisconsin-president-romney-vs-obama,16431,Wenzel Strategies (R-Citizens United),2012-10-30,2012-10-31,Likely Voters,1074,Live Phone,Sponsor,Rep,2012,wisconsin,Other,NA
2012-wisconsin-president-romney-vs-obama,16431,Wenzel Strategies (R-Citizens United),2012-10-30,2012-10-31,Likely Voters,1074,Live Phone,Sponsor,Rep,2012,wisconsin,Undecided,NA
2012-wisconsin-president-romney-vs-obama,16605,Pulse Opinion Research/Let Freedom Ring (R),2012-10-30,2012-10-30,Likely Voters,1000,Automated Phone,Sponsor,Rep,2012,wisconsin,Obama,49
2012-wisconsin-president-romney-vs-obama,16605,Pulse Opinion Research/Let Freedom Ring (R),2012-10-30,2012-10-30,Likely Voters,1000,Automated Phone,Sponsor,Rep,2012,wisconsin,Romney,48
2012-wisconsin-president-romney-vs-obama,16605,Pulse Opinion Research/Let Freedom Ring (R),2012-10-30,2012-10-30,Likely Voters,1000,Automated Phone,Sponsor,Rep,2012,wisconsin,Other,1
2012-wisconsin-president-romney-vs-obama,16605,Pulse Opinion Research/Let Freedom Ring (R),2012-10-30,2012-10-30,Likely Voters,1000,Automated Phone,Sponsor,Rep,2012,wisconsin,Undecided,2
2012-wisconsin-president-romney-vs-obama,16352,PPP (D-Health Care for America Now),2012-10-29,2012-10-30,Likely Voters,825,Automated Phone,Sponsor,Dem,2012,wisconsin,Obama,51
2012-wisconsin-president-romney-vs-obama,16352,PPP (D-Health Care for America Now),2012-10-29,2012-10-30,Likely Voters,825,Automated Phone,Sponsor,Dem,2012,wisconsin,Romney,46
2012-wisconsin-president-romney-vs-obama,16352,PPP (D-Health Care for America Now),2012-10-29,2012-10-30,Likely Voters,825,Automated Phone,Sponsor,Dem,2012,wisconsin,Other,NA
2012-wisconsin-president-romney-vs-obama,16352,PPP (D-Health Care for America Now),2012-10-29,2012-10-30,Likely Voters,825,Automated Phone,Sponsor,Dem,2012,wisconsin,Undecided,3
2012-wisconsin-president-romney-vs-obama,16423,Rasmussen,2012-10-29,2012-10-29,Likely Voters,750,Automated Phone,Nonpartisan,None,2012,wisconsin,Obama,49
2012-wisconsin-president-romney-vs-obama,16423,Rasmussen,2012-10-29,2012-10-29,Likely Voters,750,Automated Phone,Nonpartisan,None,2012,wisconsin,Romney,49
2012-wisconsin-president-romney-vs-obama,16423,Rasmussen,2012-10-29,2012-10-29,Likely Voters,750,Automated Phone,Nonpartisan,None,2012,wisconsin,Other,NA
2012-wisconsin-president-romney-vs-obama,16423,Rasmussen,2012-10-29,2012-10-29,Likely Voters,750,Automated Phone,Nonpartisan,None,2012,wisconsin,Undecided,2
2012-wisconsin-president-romney-vs-obama,16397,NBC/WSJ/Marist,2012-10-28,2012-10-29,Likely Voters,1065,Live Phone,Nonpartisan,None,2012,wisconsin,Obama,49
2012-wisconsin-president-romney-vs-obama,16397,NBC/WSJ/Marist,2012-10-28,2012-10-29,Likely Voters,1065,Live Phone,Nonpartisan,None,2012,wisconsin,Romney,46
2012-wisconsin-president-romney-vs-obama,16397,NBC/WSJ/Marist,2012-10-28,2012-10-29,Likely Voters,1065,Live Phone,Nonpartisan,None,2012,wisconsin,Other,2
2012-wisconsin-president-romney-vs-obama,16397,NBC/WSJ/Marist,2012-10-28,2012-10-29,Likely Voters,1065,Live Phone,Nonpartisan,None,2012,wisconsin,Undecided,3
2012-wisconsin-president-romney-vs-obama,16432,St Norbert,2012-10-25,2012-10-29,Likely Voters,402,Live Phone,Nonpartisan,None,2012,wisconsin,Obama,52
2012-wisconsin-president-romney-vs-obama,16432,St Norbert,2012-10-25,2012-10-29,Likely Voters,402,Live Phone,Nonpartisan,None,2012,wisconsin,Romney,43
2012-wisconsin-president-romney-vs-obama,16432,St Norbert,2012-10-25,2012-10-29,Likely Voters,402,Live Phone,Nonpartisan,None,2012,wisconsin,Other,NA
2012-wisconsin-president-romney-vs-obama,16432,St Norbert,2012-10-25,2012-10-29,Likely Voters,402,Live Phone,Nonpartisan,None,2012,wisconsin,Undecided,NA
2012-wisconsin-president-romney-vs-obama,16383,Marquette Law School,2012-10-25,2012-10-28,Likely Voters,1243,Live Phone,Nonpartisan,None,2012,wisconsin,Obama,51
2012-wisconsin-president-romney-vs-obama,16383,Marquette Law School,2012-10-25,2012-10-28,Likely Voters,1243,Live Phone,Nonpartisan,None,2012,wisconsin,Romney,43
2012-wisconsin-president-romney-vs-obama,16383,Marquette Law School,2012-10-25,2012-10-28,Likely Voters,1243,Live Phone,Nonpartisan,None,2012,wisconsin,Other,NA
2012-wisconsin-president-romney-vs-obama,16383,Marquette Law School,2012-10-25,2012-10-28,Likely Voters,1243,Live Phone,Nonpartisan,None,2012,wisconsin,Undecided,3
2012-wisconsin-president-romney-vs-obama,16185,Rasmussen,2012-10-25,2012-10-25,Likely Voters,500,Automated Phone,Nonpartisan,None,2012,wisconsin,Obama,49
2012-wisconsin-president-romney-vs-obama,16185,Rasmussen,2012-10-25,2012-10-25,Likely Voters,500,Automated Phone,Nonpartisan,None,2012,wisconsin,Romney,49
2012-wisconsin-president-romney-vs-obama,16185,Rasmussen,2012-10-25,2012-10-25,Likely Voters,500,Automated Phone,Nonpartisan,None,2012,wisconsin,Other,1
2012-wisconsin-president-romney-vs-obama,16185,Rasmussen,2012-10-25,2012-10-25,Likely Voters,500,Automated Phone,Nonpartisan,None,2012,wisconsin,Undecided,2
2012-wisconsin-president-romney-vs-obama,16233,Grove Insight (D-Project New America),2012-10-24,2012-10-25,Likely Voters,500,Live Phone,Pollster,Dem,2012,wisconsin,Obama,48
2012-wisconsin-president-romney-vs-obama,16233,Grove Insight (D-Project New America),2012-10-24,2012-10-25,Likely Voters,500,Live Phone,Pollster,Dem,2012,wisconsin,Romney,43
2012-wisconsin-president-romney-vs-obama,16233,Grove Insight (D-Project New America),2012-10-24,2012-10-25,Likely Voters,500,Live Phone,Pollster,Dem,2012,wisconsin,Other,NA
2012-wisconsin-president-romney-vs-obama,16233,Grove Insight (D-Project New America),2012-10-24,2012-10-25,Likely Voters,500,Live Phone,Pollster,Dem,2012,wisconsin,Undecided,9
2012-wisconsin-president-romney-vs-obama,16159,PPP (D-Health Care for America Now),2012-10-23,2012-10-24,Likely Voters,827,Automated Phone,Sponsor,Dem,2012,wisconsin,Obama,51
2012-wisconsin-president-romney-vs-obama,16159,PPP (D-Health Care for America Now),2012-10-23,2012-10-24,Likely Voters,827,Automated Phone,Sponsor,Dem,2012,wisconsin,Romney,45
2012-wisconsin-president-romney-vs-obama,16159,PPP (D-Health Care for America Now),2012-10-23,2012-10-24,Likely Voters,827,Automated Phone,Sponsor,Dem,2012,wisconsin,Other,NA
2012-wisconsin-president-romney-vs-obama,16159,PPP (D-Health Care for America Now),2012-10-23,2012-10-24,Likely Voters,827,Automated Phone,Sponsor,Dem,2012,wisconsin,Undecided,4
2012-wisconsin-president-romney-vs-obama,16021,Angus-Reid,2012-10-18,2012-10-20,Likely Voters,469,Internet,Nonpartisan,None,2012,wisconsin,Obama,51
2012-wisconsin-president-romney-vs-obama,16021,Angus-Reid,2012-10-18,2012-10-20,Likely Voters,469,Internet,Nonpartisan,None,2012,wisconsin,Romney,46
2012-wisconsin-president-romney-vs-obama,16021,Angus-Reid,2012-10-18,2012-10-20,Likely Voters,469,Internet,Nonpartisan,None,2012,wisconsin,Other,3
2012-wisconsin-president-romney-vs-obama,16021,Angus-Reid,2012-10-18,2012-10-20,Likely Voters,469,Internet,Nonpartisan,None,2012,wisconsin,Undecided,NA
2012-wisconsin-president-romney-vs-obama,15960,Rasmussen,2012-10-18,2012-10-18,Likely Voters,500,Automated Phone,Nonpartisan,None,2012,wisconsin,Obama,50
2012-wisconsin-president-romney-vs-obama,15960,Rasmussen,2012-10-18,2012-10-18,Likely Voters,500,Automated Phone,Nonpartisan,None,2012,wisconsin,Romney,48
2012-wisconsin-president-romney-vs-obama,15960,Rasmussen,2012-10-18,2012-10-18,Likely Voters,500,Automated Phone,Nonpartisan,None,2012,wisconsin,Other,1
2012-wisconsin-president-romney-vs-obama,15960,Rasmussen,2012-10-18,2012-10-18,Likely Voters,500,Automated Phone,Nonpartisan,None,2012,wisconsin,Undecided,0
2012-wisconsin-president-romney-vs-obama,15994,Grove Insight (D-Project New America),2012-10-17,2012-10-18,Likely Voters,500,Live Phone,Pollster,Dem,2012,wisconsin,Obama,47
2012-wisconsin-president-romney-vs-obama,15994,Grove Insight (D-Project New America),2012-10-17,2012-10-18,Likely Voters,500,Live Phone,Pollster,Dem,2012,wisconsin,Romney,44
2012-wisconsin-president-romney-vs-obama,15994,Grove Insight (D-Project New America),2012-10-17,2012-10-18,Likely Voters,500,Live Phone,Pollster,Dem,2012,wisconsin,Other,2
2012-wisconsin-president-romney-vs-obama,15994,Grove Insight (D-Project New America),2012-10-17,2012-10-18,Likely Voters,500,Live Phone,Pollster,Dem,2012,wisconsin,Undecided,8
2012-wisconsin-president-romney-vs-obama,16127,Mason-Dixon,2012-10-15,2012-10-17,Likely Voters,625,Live Phone,Nonpartisan,None,2012,wisconsin,Obama,48
2012-wisconsin-president-romney-vs-obama,16127,Mason-Dixon,2012-10-15,2012-10-17,Likely Voters,625,Live Phone,Nonpartisan,None,2012,wisconsin,Romney,46
2012-wisconsin-president-romney-vs-obama,16127,Mason-Dixon,2012-10-15,2012-10-17,Likely Voters,625,Live Phone,Nonpartisan,None,2012,wisconsin,Other,NA
2012-wisconsin-president-romney-vs-obama,16127,Mason-Dixon,2012-10-15,2012-10-17,Likely Voters,625,Live Phone,Nonpartisan,None,2012,wisconsin,Undecided,NA
2012-wisconsin-president-romney-vs-obama,15938,NBC/WSJ/Marist,2012-10-15,2012-10-17,Likely Voters,1013,Live Phone,Nonpartisan,None,2012,wisconsin,Obama,51
2012-wisconsin-president-romney-vs-obama,15938,NBC/WSJ/Marist,2012-10-15,2012-10-17,Likely Voters,1013,Live Phone,Nonpartisan,None,2012,wisconsin,Romney,45
2012-wisconsin-president-romney-vs-obama,15938,NBC/WSJ/Marist,2012-10-15,2012-10-17,Likely Voters,1013,Live Phone,Nonpartisan,None,2012,wisconsin,Other,1
2012-wisconsin-president-romney-vs-obama,15938,NBC/WSJ/Marist,2012-10-15,2012-10-17,Likely Voters,1013,Live Phone,Nonpartisan,None,2012,wisconsin,Undecided,3
2012-wisconsin-president-romney-vs-obama,16079,Pulse Opinion Research/Let Freedom Ring (R),2012-10-15,2012-10-15,Likely Voters,1000,Automated Phone,Sponsor,Rep,2012,wisconsin,Obama,50
2012-wisconsin-president-romney-vs-obama,16079,Pulse Opinion Research/Let Freedom Ring (R),2012-10-15,2012-10-15,Likely Voters,1000,Automated Phone,Sponsor,Rep,2012,wisconsin,Romney,47
2012-wisconsin-president-romney-vs-obama,16079,Pulse Opinion Research/Let Freedom Ring (R),2012-10-15,2012-10-15,Likely Voters,1000,Automated Phone,Sponsor,Rep,2012,wisconsin,Other,1
2012-wisconsin-president-romney-vs-obama,16079,Pulse Opinion Research/Let Freedom Ring (R),2012-10-15,2012-10-15,Likely Voters,1000,Automated Phone,Sponsor,Rep,2012,wisconsin,Undecided,2
2012-wisconsin-president-romney-vs-obama,15886,Marquette Law School,2012-10-11,2012-10-14,Likely Voters,870,Live Phone,Nonpartisan,None,2012,wisconsin,Obama,49
2012-wisconsin-president-romney-vs-obama,15886,Marquette Law School,2012-10-11,2012-10-14,Likely Voters,870,Live Phone,Nonpartisan,None,2012,wisconsin,Romney,48
2012-wisconsin-president-romney-vs-obama,15886,Marquette Law School,2012-10-11,2012-10-14,Likely Voters,870,Live Phone,Nonpartisan,None,2012,wisconsin,Other,NA
2012-wisconsin-president-romney-vs-obama,15886,Marquette Law School,2012-10-11,2012-10-14,Likely Voters,870,Live Phone,Nonpartisan,None,2012,wisconsin,Undecided,2
2012-wisconsin-president-romney-vs-obama,15850,YouGov,2012-10-04,2012-10-11,Likely Voters,638,Internet,Nonpartisan,None,2012,wisconsin,Obama,51
2012-wisconsin-president-romney-vs-obama,15850,YouGov,2012-10-04,2012-10-11,Likely Voters,638,Internet,Nonpartisan,None,2012,wisconsin,Romney,47
2012-wisconsin-president-romney-vs-obama,15850,YouGov,2012-10-04,2012-10-11,Likely Voters,638,Internet,Nonpartisan,None,2012,wisconsin,Other,NA
2012-wisconsin-president-romney-vs-obama,15850,YouGov,2012-10-04,2012-10-11,Likely Voters,638,Internet,Nonpartisan,None,2012,wisconsin,Undecided,2
2012-wisconsin-president-romney-vs-obama,15660,Rasmussen,2012-10-09,2012-10-09,Likely Voters,500,Automated Phone,Nonpartisan,None,2012,wisconsin,Obama,51
2012-wisconsin-president-romney-vs-obama,15660,Rasmussen,2012-10-09,2012-10-09,Likely Voters,500,Automated Phone,Nonpartisan,None,2012,wisconsin,Romney,49
2012-wisconsin-president-romney-vs-obama,15660,Rasmussen,2012-10-09,2012-10-09,Likely Voters,500,Automated Phone,Nonpartisan,None,2012,wisconsin,Other,NA
2012-wisconsin-president-romney-vs-obama,15660,Rasmussen,2012-10-09,2012-10-09,Likely Voters,500,Automated Phone,Nonpartisan,None,2012,wisconsin,Undecided,NA
2012-wisconsin-president-romney-vs-obama,15682,Quinnipiac/NYT/CBS,2012-10-04,2012-10-09,Likely Voters,1327,Live Phone,Nonpartisan,None,2012,wisconsin,Obama,50
2012-wisconsin-president-romney-vs-obama,15682,Quinnipiac/NYT/CBS,2012-10-04,2012-10-09,Likely Voters,1327,Live Phone,Nonpartisan,None,2012,wisconsin,Romney,47
2012-wisconsin-president-romney-vs-obama,15682,Quinnipiac/NYT/CBS,2012-10-04,2012-10-09,Likely Voters,1327,Live Phone,Nonpartisan,None,2012,wisconsin,Other,NA
2012-wisconsin-president-romney-vs-obama,15682,Quinnipiac/NYT/CBS,2012-10-04,2012-10-09,Likely Voters,1327,Live Phone,Nonpartisan,None,2012,wisconsin,Undecided,3
2012-wisconsin-president-romney-vs-obama,15721,Pulse Opinion Research/Let Freedom Ring (R),2012-10-08,2012-10-08,Likely Voters,1000,Automated Phone,Sponsor,Rep,2012,wisconsin,Obama,50
2012-wisconsin-president-romney-vs-obama,15721,Pulse Opinion Research/Let Freedom Ring (R),2012-10-08,2012-10-08,Likely Voters,1000,Automated Phone,Sponsor,Rep,2012,wisconsin,Romney,46
2012-wisconsin-president-romney-vs-obama,15721,Pulse Opinion Research/Let Freedom Ring (R),2012-10-08,2012-10-08,Likely Voters,1000,Automated Phone,Sponsor,Rep,2012,wisconsin,Other,2
2012-wisconsin-president-romney-vs-obama,15721,Pulse Opinion Research/Let Freedom Ring (R),2012-10-08,2012-10-08,Likely Voters,1000,Automated Phone,Sponsor,Rep,2012,wisconsin,Undecided,2
2012-wisconsin-president-romney-vs-obama,15566,PPP (D),2012-10-04,2012-10-06,Likely Voters,979,Automated Phone,Pollster,Dem,2012,wisconsin,Obama,49
2012-wisconsin-president-romney-vs-obama,15566,PPP (D),2012-10-04,2012-10-06,Likely Voters,979,Automated Phone,Pollster,Dem,2012,wisconsin,Romney,47
2012-wisconsin-president-romney-vs-obama,15566,PPP (D),2012-10-04,2012-10-06,Likely Voters,979,Automated Phone,Pollster,Dem,2012,wisconsin,Other,NA
2012-wisconsin-president-romney-vs-obama,15566,PPP (D),2012-10-04,2012-10-06,Likely Voters,979,Automated Phone,Pollster,Dem,2012,wisconsin,Undecided,3
2012-wisconsin-president-romney-vs-obama,15725,Pulse Opinion Research/Let Freedom Ring (R),2012-10-01,2012-10-01,Likely Voters,1000,Automated Phone,Sponsor,Rep,2012,wisconsin,Obama,51
2012-wisconsin-president-romney-vs-obama,15725,Pulse Opinion Research/Let Freedom Ring (R),2012-10-01,2012-10-01,Likely Voters,1000,Automated Phone,Sponsor,Rep,2012,wisconsin,Romney,44
2012-wisconsin-president-romney-vs-obama,15725,Pulse Opinion Research/Let Freedom Ring (R),2012-10-01,2012-10-01,Likely Voters,1000,Automated Phone,Sponsor,Rep,2012,wisconsin,Other,3
2012-wisconsin-president-romney-vs-obama,15725,Pulse Opinion Research/Let Freedom Ring (R),2012-10-01,2012-10-01,Likely Voters,1000,Automated Phone,Sponsor,Rep,2012,wisconsin,Undecided,2
2012-wisconsin-president-romney-vs-obama,15492,JZ Analytics,2012-09-29,2012-09-30,Likely Voters,414,Internet,Nonpartisan,None,2012,wisconsin,Obama,49
2012-wisconsin-president-romney-vs-obama,15492,JZ Analytics,2012-09-29,2012-09-30,Likely Voters,414,Internet,Nonpartisan,None,2012,wisconsin,Romney,39
2012-wisconsin-president-romney-vs-obama,15492,JZ Analytics,2012-09-29,2012-09-30,Likely Voters,414,Internet,Nonpartisan,None,2012,wisconsin,Other,NA
2012-wisconsin-president-romney-vs-obama,15492,JZ Analytics,2012-09-29,2012-09-30,Likely Voters,414,Internet,Nonpartisan,None,2012,wisconsin,Undecided,11
2012-wisconsin-president-romney-vs-obama,15500,Marquette Law School,2012-09-27,2012-09-30,Likely Voters,894,Live Phone,Nonpartisan,None,2012,wisconsin,Obama,53
2012-wisconsin-president-romney-vs-obama,15500,Marquette Law School,2012-09-27,2012-09-30,Likely Voters,894,Live Phone,Nonpartisan,None,2012,wisconsin,Romney,42
2012-wisconsin-president-romney-vs-obama,15500,Marquette Law School,2012-09-27,2012-09-30,Likely Voters,894,Live Phone,Nonpartisan,None,2012,wisconsin,Other,NA
2012-wisconsin-president-romney-vs-obama,15500,Marquette Law School,2012-09-27,2012-09-30,Likely Voters,894,Live Phone,Nonpartisan,None,2012,wisconsin,Undecided,3
2012-wisconsin-president-romney-vs-obama,15258,We Ask America,2012-09-20,2012-09-23,Likely Voters,1238,Automated Phone,Nonpartisan,None,2012,wisconsin,Obama,53
2012-wisconsin-president-romney-vs-obama,15258,We Ask America,2012-09-20,2012-09-23,Likely Voters,1238,Automated Phone,Nonpartisan,None,2012,wisconsin,Romney,41
2012-wisconsin-president-romney-vs-obama,15258,We Ask America,2012-09-20,2012-09-23,Likely Voters,1238,Automated Phone,Nonpartisan,None,2012,wisconsin,Other,1
2012-wisconsin-president-romney-vs-obama,15258,We Ask America,2012-09-20,2012-09-23,Likely Voters,1238,Automated Phone,Nonpartisan,None,2012,wisconsin,Undecided,5
2012-wisconsin-president-romney-vs-obama,15168,PPP (D),2012-09-18,2012-09-19,Likely Voters,842,Automated Phone,Pollster,Dem,2012,wisconsin,Obama,52
2012-wisconsin-president-romney-vs-obama,15168,PPP (D),2012-09-18,2012-09-19,Likely Voters,842,Automated Phone,Pollster,Dem,2012,wisconsin,Romney,45
2012-wisconsin-president-romney-vs-obama,15168,PPP (D),2012-09-18,2012-09-19,Likely Voters,842,Automated Phone,Pollster,Dem,2012,wisconsin,Other,NA
2012-wisconsin-president-romney-vs-obama,15168,PPP (D),2012-09-18,2012-09-19,Likely Voters,842,Automated Phone,Pollster,Dem,2012,wisconsin,Undecided,3
2012-wisconsin-president-romney-vs-obama,15192,NBC/WSJ/Marist,2012-09-16,2012-09-18,Likely Voters,968,Live Phone,Nonpartisan,None,2012,wisconsin,Obama,50
2012-wisconsin-president-romney-vs-obama,15192,NBC/WSJ/Marist,2012-09-16,2012-09-18,Likely Voters,968,Live Phone,Nonpartisan,None,2012,wisconsin,Romney,45
2012-wisconsin-president-romney-vs-obama,15192,NBC/WSJ/Marist,2012-09-16,2012-09-18,Likely Voters,968,Live Phone,Nonpartisan,None,2012,wisconsin,Other,1
2012-wisconsin-president-romney-vs-obama,15192,NBC/WSJ/Marist,2012-09-16,2012-09-18,Likely Voters,968,Live Phone,Nonpartisan,None,2012,wisconsin,Undecided,4
2012-wisconsin-president-romney-vs-obama,15170,Rasmussen,2012-09-17,2012-09-17,Likely Voters,500,Automated Phone,Nonpartisan,None,2012,wisconsin,Obama,49
2012-wisconsin-president-romney-vs-obama,15170,Rasmussen,2012-09-17,2012-09-17,Likely Voters,500,Automated Phone,Nonpartisan,None,2012,wisconsin,Romney,46
2012-wisconsin-president-romney-vs-obama,15170,Rasmussen,2012-09-17,2012-09-17,Likely Voters,500,Automated Phone,Nonpartisan,None,2012,wisconsin,Other,2
2012-wisconsin-president-romney-vs-obama,15170,Rasmussen,2012-09-17,2012-09-17,Likely Voters,500,Automated Phone,Nonpartisan,None,2012,wisconsin,Undecided,2
2012-wisconsin-president-romney-vs-obama,15118,Quinnipiac/NYT/CBS,2012-09-11,2012-09-17,Likely Voters,1485,Live Phone,Nonpartisan,None,2012,wisconsin,Obama,51
2012-wisconsin-president-romney-vs-obama,15118,Quinnipiac/NYT/CBS,2012-09-11,2012-09-17,Likely Voters,1485,Live Phone,Nonpartisan,None,2012,wisconsin,Romney,45
2012-wisconsin-president-romney-vs-obama,15118,Quinnipiac/NYT/CBS,2012-09-11,2012-09-17,Likely Voters,1485,Live Phone,Nonpartisan,None,2012,wisconsin,Other,1
2012-wisconsin-president-romney-vs-obama,15118,Quinnipiac/NYT/CBS,2012-09-11,2012-09-17,Likely Voters,1485,Live Phone,Nonpartisan,None,2012,wisconsin,Undecided,3
2012-wisconsin-president-romney-vs-obama,15139,Marquette Law School,2012-09-13,2012-09-16,Likely Voters,601,Live Phone,Nonpartisan,None,2012,wisconsin,Obama,54
2012-wisconsin-president-romney-vs-obama,15139,Marquette Law School,2012-09-13,2012-09-16,Likely Voters,601,Live Phone,Nonpartisan,None,2012,wisconsin,Romney,40
2012-wisconsin-president-romney-vs-obama,15139,Marquette Law School,2012-09-13,2012-09-16,Likely Voters,601,Live Phone,Nonpartisan,None,2012,wisconsin,Other,NA
2012-wisconsin-president-romney-vs-obama,15139,Marquette Law School,2012-09-13,2012-09-16,Likely Voters,601,Live Phone,Nonpartisan,None,2012,wisconsin,Undecided,5
2012-wisconsin-president-romney-vs-obama,15165,YouGov,2012-09-07,2012-09-14,Likely Voters,753,Internet,Nonpartisan,None,2012,wisconsin,Obama,48
2012-wisconsin-president-romney-vs-obama,15165,YouGov,2012-09-07,2012-09-14,Likely Voters,753,Internet,Nonpartisan,None,2012,wisconsin,Romney,47
2012-wisconsin-president-romney-vs-obama,15165,YouGov,2012-09-07,2012-09-14,Likely Voters,753,Internet,Nonpartisan,None,2012,wisconsin,Other,1
2012-wisconsin-president-romney-vs-obama,15165,YouGov,2012-09-07,2012-09-14,Likely Voters,753,Internet,Nonpartisan,None,2012,wisconsin,Undecided,4
2012-wisconsin-president-romney-vs-obama,15084,PPP (D-Democracy for America),2012-09-12,2012-09-13,Likely Voters,959,Automated Phone,Sponsor,Dem,2012,wisconsin,Obama,49
2012-wisconsin-president-romney-vs-obama,15084,PPP (D-Democracy for America),2012-09-12,2012-09-13,Likely Voters,959,Automated Phone,Sponsor,Dem,2012,wisconsin,Romney,48
2012-wisconsin-president-romney-vs-obama,15084,PPP (D-Democracy for America),2012-09-12,2012-09-13,Likely Voters,959,Automated Phone,Sponsor,Dem,2012,wisconsin,Other,NA
2012-wisconsin-president-romney-vs-obama,15084,PPP (D-Democracy for America),2012-09-12,2012-09-13,Likely Voters,959,Automated Phone,Sponsor,Dem,2012,wisconsin,Undecided,4
2012-wisconsin-president-romney-vs-obama,14740,Quinnipiac/NYT/CBS,2012-08-15,2012-08-21,Likely Voters,1190,Live Phone,Nonpartisan,None,2012,wisconsin,Obama,49
2012-wisconsin-president-romney-vs-obama,14740,Quinnipiac/NYT/CBS,2012-08-15,2012-08-21,Likely Voters,1190,Live Phone,Nonpartisan,None,2012,wisconsin,Romney,47
2012-wisconsin-president-romney-vs-obama,14740,Quinnipiac/NYT/CBS,2012-08-15,2012-08-21,Likely Voters,1190,Live Phone,Nonpartisan,None,2012,wisconsin,Other,1
2012-wisconsin-president-romney-vs-obama,14740,Quinnipiac/NYT/CBS,2012-08-15,2012-08-21,Likely Voters,1190,Live Phone,Nonpartisan,None,2012,wisconsin,Undecided,3
2012-wisconsin-president-romney-vs-obama,14731,Marquette Law School,2012-08-16,2012-08-19,Likely Voters,576,Live Phone,Nonpartisan,None,2012,wisconsin,Obama,49
2012-wisconsin-president-romney-vs-obama,14731,Marquette Law School,2012-08-16,2012-08-19,Likely Voters,576,Live Phone,Nonpartisan,None,2012,wisconsin,Romney,46
2012-wisconsin-president-romney-vs-obama,14731,Marquette Law School,2012-08-16,2012-08-19,Likely Voters,576,Live Phone,Nonpartisan,None,2012,wisconsin,Other,NA
2012-wisconsin-president-romney-vs-obama,14731,Marquette Law School,2012-08-16,2012-08-19,Likely Voters,576,Live Phone,Nonpartisan,None,2012,wisconsin,Undecided,4
2012-wisconsin-president-romney-vs-obama,14711,PPP (D),2012-08-16,2012-08-19,Likely Voters,1308,Automated Phone,Pollster,Dem,2012,wisconsin,Obama,47
2012-wisconsin-president-romney-vs-obama,14711,PPP (D),2012-08-16,2012-08-19,Likely Voters,1308,Automated Phone,Pollster,Dem,2012,wisconsin,Romney,48
2012-wisconsin-president-romney-vs-obama,14711,PPP (D),2012-08-16,2012-08-19,Likely Voters,1308,Automated Phone,Pollster,Dem,2012,wisconsin,Other,NA
2012-wisconsin-president-romney-vs-obama,14711,PPP (D),2012-08-16,2012-08-19,Likely Voters,1308,Automated Phone,Pollster,Dem,2012,wisconsin,Undecided,5
2012-wisconsin-president-romney-vs-obama,14672,Rasmussen,2012-08-15,2012-08-15,Likely Voters,500,Automated Phone,Nonpartisan,None,2012,wisconsin,Obama,47
2012-wisconsin-president-romney-vs-obama,14672,Rasmussen,2012-08-15,2012-08-15,Likely Voters,500,Automated Phone,Nonpartisan,None,2012,wisconsin,Romney,48
2012-wisconsin-president-romney-vs-obama,14672,Rasmussen,2012-08-15,2012-08-15,Likely Voters,500,Automated Phone,Nonpartisan,None,2012,wisconsin,Other,3
2012-wisconsin-president-romney-vs-obama,14672,Rasmussen,2012-08-15,2012-08-15,Likely Voters,500,Automated Phone,Nonpartisan,None,2012,wisconsin,Undecided,2
2012-wisconsin-president-romney-vs-obama,14681,CNN,2012-08-13,2012-08-14,Registered Voters,920,Live Phone,Nonpartisan,None,2012,wisconsin,Obama,49
2012-wisconsin-president-romney-vs-obama,14681,CNN,2012-08-13,2012-08-14,Registered Voters,920,Live Phone,Nonpartisan,None,2012,wisconsin,Romney,45
2012-wisconsin-president-romney-vs-obama,14681,CNN,2012-08-13,2012-08-14,Registered Voters,920,Live Phone,Nonpartisan,None,2012,wisconsin,Other,NA
2012-wisconsin-president-romney-vs-obama,14681,CNN,2012-08-13,2012-08-14,Registered Voters,920,Live Phone,Nonpartisan,None,2012,wisconsin,Undecided,NA
2012-wisconsin-president-romney-vs-obama,14586,Quinnipiac/NYT/CBS,2012-07-31,2012-08-06,Likely Voters,1428,Live Phone,Nonpartisan,None,2012,wisconsin,Obama,51
2012-wisconsin-president-romney-vs-obama,14586,Quinnipiac/NYT/CBS,2012-07-31,2012-08-06,Likely Voters,1428,Live Phone,Nonpartisan,None,2012,wisconsin,Romney,45
2012-wisconsin-president-romney-vs-obama,14586,Quinnipiac/NYT/CBS,2012-07-31,2012-08-06,Likely Voters,1428,Live Phone,Nonpartisan,None,2012,wisconsin,Other,NA
2012-wisconsin-president-romney-vs-obama,14586,Quinnipiac/NYT/CBS,2012-07-31,2012-08-06,Likely Voters,1428,Live Phone,Nonpartisan,None,2012,wisconsin,Undecided,4
2012-wisconsin-president-romney-vs-obama,14599,Marquette Law School,2012-08-02,2012-08-05,Likely Voters,1188,Live Phone,Nonpartisan,None,2012,wisconsin,Obama,50
2012-wisconsin-president-romney-vs-obama,14599,Marquette Law School,2012-08-02,2012-08-05,Likely Voters,1188,Live Phone,Nonpartisan,None,2012,wisconsin,Romney,45
2012-wisconsin-president-romney-vs-obama,14599,Marquette Law School,2012-08-02,2012-08-05,Likely Voters,1188,Live Phone,Nonpartisan,None,2012,wisconsin,Other,NA
2012-wisconsin-president-romney-vs-obama,14599,Marquette Law School,2012-08-02,2012-08-05,Likely Voters,1188,Live Phone,Nonpartisan,None,2012,wisconsin,Undecided,NA
2012-wisconsin-president-romney-vs-obama,14477,Rasmussen,2012-07-25,2012-07-25,Likely Voters,500,Automated Phone,Nonpartisan,None,2012,wisconsin,Obama,49
2012-wisconsin-president-romney-vs-obama,14477,Rasmussen,2012-07-25,2012-07-25,Likely Voters,500,Automated Phone,Nonpartisan,None,2012,wisconsin,Romney,46
2012-wisconsin-president-romney-vs-obama,14477,Rasmussen,2012-07-25,2012-07-25,Likely Voters,500,Automated Phone,Nonpartisan,None,2012,wisconsin,Other,2
2012-wisconsin-president-romney-vs-obama,14477,Rasmussen,2012-07-25,2012-07-25,Likely Voters,500,Automated Phone,Nonpartisan,None,2012,wisconsin,Undecided,4
2012-wisconsin-president-romney-vs-obama,14386,We Ask America,2012-07-17,2012-07-18,Likely Voters,1162,Automated Phone,Nonpartisan,None,2012,wisconsin,Obama,49
2012-wisconsin-president-romney-vs-obama,14386,We Ask America,2012-07-17,2012-07-18,Likely Voters,1162,Automated Phone,Nonpartisan,None,2012,wisconsin,Romney,42
2012-wisconsin-president-romney-vs-obama,14386,We Ask America,2012-07-17,2012-07-18,Likely Voters,1162,Automated Phone,Nonpartisan,None,2012,wisconsin,Other,NA
2012-wisconsin-president-romney-vs-obama,14386,We Ask America,2012-07-17,2012-07-18,Likely Voters,1162,Automated Phone,Nonpartisan,None,2012,wisconsin,Undecided,9
2012-wisconsin-president-romney-vs-obama,14306,Marquette Law School,2012-07-05,2012-07-08,Likely Voters,810,Live Phone,Nonpartisan,None,2012,wisconsin,Obama,51
2012-wisconsin-president-romney-vs-obama,14306,Marquette Law School,2012-07-05,2012-07-08,Likely Voters,810,Live Phone,Nonpartisan,None,2012,wisconsin,Romney,43
2012-wisconsin-president-romney-vs-obama,14306,Marquette Law School,2012-07-05,2012-07-08,Likely Voters,810,Live Phone,Nonpartisan,None,2012,wisconsin,Other,NA
2012-wisconsin-president-romney-vs-obama,14306,Marquette Law School,2012-07-05,2012-07-08,Likely Voters,810,Live Phone,Nonpartisan,None,2012,wisconsin,Undecided,6
2012-wisconsin-president-romney-vs-obama,14298,PPP (D),2012-07-05,2012-07-08,Likely Voters,1057,Automated Phone,Pollster,Dem,2012,wisconsin,Obama,50
2012-wisconsin-president-romney-vs-obama,14298,PPP (D),2012-07-05,2012-07-08,Likely Voters,1057,Automated Phone,Pollster,Dem,2012,wisconsin,Romney,44
2012-wisconsin-president-romney-vs-obama,14298,PPP (D),2012-07-05,2012-07-08,Likely Voters,1057,Automated Phone,Pollster,Dem,2012,wisconsin,Other,NA
2012-wisconsin-president-romney-vs-obama,14298,PPP (D),2012-07-05,2012-07-08,Likely Voters,1057,Automated Phone,Pollster,Dem,2012,wisconsin,Undecided,6
2012-wisconsin-president-romney-vs-obama,14140,Marquette Law School,2012-06-13,2012-06-16,Likely Voters,594,Live Phone,Nonpartisan,None,2012,wisconsin,Obama,49
2012-wisconsin-president-romney-vs-obama,14140,Marquette Law School,2012-06-13,2012-06-16,Likely Voters,594,Live Phone,Nonpartisan,None,2012,wisconsin,Romney,43
2012-wisconsin-president-romney-vs-obama,14140,Marquette Law School,2012-06-13,2012-06-16,Likely Voters,594,Live Phone,Nonpartisan,None,2012,wisconsin,Other,NA
2012-wisconsin-president-romney-vs-obama,14140,Marquette Law School,2012-06-13,2012-06-16,Likely Voters,594,Live Phone,Nonpartisan,None,2012,wisconsin,Undecided,NA
2012-wisconsin-president-romney-vs-obama,14083,Rasmussen,2012-06-12,2012-06-12,Likely Voters,500,Automated Phone,Nonpartisan,None,2012,wisconsin,Obama,44
2012-wisconsin-president-romney-vs-obama,14083,Rasmussen,2012-06-12,2012-06-12,Likely Voters,500,Automated Phone,Nonpartisan,None,2012,wisconsin,Romney,47
2012-wisconsin-president-romney-vs-obama,14083,Rasmussen,2012-06-12,2012-06-12,Likely Voters,500,Automated Phone,Nonpartisan,None,2012,wisconsin,Other,5
2012-wisconsin-president-romney-vs-obama,14083,Rasmussen,2012-06-12,2012-06-12,Likely Voters,500,Automated Phone,Nonpartisan,None,2012,wisconsin,Undecided,4
2012-wisconsin-president-romney-vs-obama,14024,We Ask America,2012-06-03,2012-06-03,Likely Voters,1270,Automated Phone,Nonpartisan,None,2012,wisconsin,Obama,48
2012-wisconsin-president-romney-vs-obama,14024,We Ask America,2012-06-03,2012-06-03,Likely Voters,1270,Automated Phone,Nonpartisan,None,2012,wisconsin,Romney,43
2012-wisconsin-president-romney-vs-obama,14024,We Ask America,2012-06-03,2012-06-03,Likely Voters,1270,Automated Phone,Nonpartisan,None,2012,wisconsin,Other,NA
2012-wisconsin-president-romney-vs-obama,14024,We Ask America,2012-06-03,2012-06-03,Likely Voters,1270,Automated Phone,Nonpartisan,None,2012,wisconsin,Undecided,9
2012-wisconsin-president-romney-vs-obama,13954,Marquette Law School,2012-05-23,2012-05-26,Likely Voters,600,Live Phone,Nonpartisan,None,2012,wisconsin,Obama,51
2012-wisconsin-president-romney-vs-obama,13954,Marquette Law School,2012-05-23,2012-05-26,Likely Voters,600,Live Phone,Nonpartisan,None,2012,wisconsin,Romney,43
2012-wisconsin-president-romney-vs-obama,13954,Marquette Law School,2012-05-23,2012-05-26,Likely Voters,600,Live Phone,Nonpartisan,None,2012,wisconsin,Other,NA
2012-wisconsin-president-romney-vs-obama,13954,Marquette Law School,2012-05-23,2012-05-26,Likely Voters,600,Live Phone,Nonpartisan,None,2012,wisconsin,Undecided,6
2012-wisconsin-president-romney-vs-obama,13890,St Norbert,2012-05-17,2012-05-22,Likely Voters,406,Live Phone,Nonpartisan,None,2012,wisconsin,Obama,49
2012-wisconsin-president-romney-vs-obama,13890,St Norbert,2012-05-17,2012-05-22,Likely Voters,406,Live Phone,Nonpartisan,None,2012,wisconsin,Romney,43
2012-wisconsin-president-romney-vs-obama,13890,St Norbert,2012-05-17,2012-05-22,Likely Voters,406,Live Phone,Nonpartisan,None,2012,wisconsin,Other,4
2012-wisconsin-president-romney-vs-obama,13890,St Norbert,2012-05-17,2012-05-22,Likely Voters,406,Live Phone,Nonpartisan,None,2012,wisconsin,Undecided,4
2012-wisconsin-president-romney-vs-obama,13888,Reason/Rupe,2012-05-14,2012-05-20,Likely Voters,609,Live Phone,Nonpartisan,None,2012,wisconsin,Obama,46
2012-wisconsin-president-romney-vs-obama,13888,Reason/Rupe,2012-05-14,2012-05-20,Likely Voters,609,Live Phone,Nonpartisan,None,2012,wisconsin,Romney,36
2012-wisconsin-president-romney-vs-obama,13888,Reason/Rupe,2012-05-14,2012-05-20,Likely Voters,609,Live Phone,Nonpartisan,None,2012,wisconsin,Other,6
2012-wisconsin-president-romney-vs-obama,13888,Reason/Rupe,2012-05-14,2012-05-20,Likely Voters,609,Live Phone,Nonpartisan,None,2012,wisconsin,Undecided,12
2012-wisconsin-president-romney-vs-obama,13807,DailyKos/PPP (D),2012-05-11,2012-05-13,Registered Voters,851,Automated Phone,Sponsor,Dem,2012,wisconsin,Obama,47
2012-wisconsin-president-romney-vs-obama,13807,DailyKos/PPP (D),2012-05-11,2012-05-13,Registered Voters,851,Automated Phone,Sponsor,Dem,2012,wisconsin,Romney,46
2012-wisconsin-president-romney-vs-obama,13807,DailyKos/PPP (D),2012-05-11,2012-05-13,Registered Voters,851,Automated Phone,Sponsor,Dem,2012,wisconsin,Other,NA
2012-wisconsin-president-romney-vs-obama,13807,DailyKos/PPP (D),2012-05-11,2012-05-13,Registered Voters,851,Automated Phone,Sponsor,Dem,2012,wisconsin,Undecided,7
2012-wisconsin-president-romney-vs-obama,13815,Marquette Law School,2012-05-09,2012-05-12,Likely Voters,600,Live Phone,Nonpartisan,None,2012,wisconsin,Obama,46
2012-wisconsin-president-romney-vs-obama,13815,Marquette Law School,2012-05-09,2012-05-12,Likely Voters,600,Live Phone,Nonpartisan,None,2012,wisconsin,Romney,46
2012-wisconsin-president-romney-vs-obama,13815,Marquette Law School,2012-05-09,2012-05-12,Likely Voters,600,Live Phone,Nonpartisan,None,2012,wisconsin,Other,NA
2012-wisconsin-president-romney-vs-obama,13815,Marquette Law School,2012-05-09,2012-05-12,Likely Voters,600,Live Phone,Nonpartisan,None,2012,wisconsin,Undecided,8
2012-wisconsin-president-romney-vs-obama,13765,Rasmussen,2012-05-09,2012-05-09,Likely Voters,500,Automated Phone,Nonpartisan,None,2012,wisconsin,Obama,49
2012-wisconsin-president-romney-vs-obama,13765,Rasmussen,2012-05-09,2012-05-09,Likely Voters,500,Automated Phone,Nonpartisan,None,2012,wisconsin,Romney,45
2012-wisconsin-president-romney-vs-obama,13765,Rasmussen,2012-05-09,2012-05-09,Likely Voters,500,Automated Phone,Nonpartisan,None,2012,wisconsin,Other,4
2012-wisconsin-president-romney-vs-obama,13765,Rasmussen,2012-05-09,2012-05-09,Likely Voters,500,Automated Phone,Nonpartisan,None,2012,wisconsin,Undecided,2
2012-wisconsin-president-romney-vs-obama,13671,Marquette Law School,2012-04-26,2012-04-29,Registered Voters,705,Live Phone,Nonpartisan,None,2012,wisconsin,Obama,51
2012-wisconsin-president-romney-vs-obama,13671,Marquette Law School,2012-04-26,2012-04-29,Registered Voters,705,Live Phone,Nonpartisan,None,2012,wisconsin,Romney,42
2012-wisconsin-president-romney-vs-obama,13671,Marquette Law School,2012-04-26,2012-04-29,Registered Voters,705,Live Phone,Nonpartisan,None,2012,wisconsin,Other,NA
2012-wisconsin-president-romney-vs-obama,13671,Marquette Law School,2012-04-26,2012-04-29,Registered Voters,705,Live Phone,Nonpartisan,None,2012,wisconsin,Undecided,NA
2012-wisconsin-president-romney-vs-obama,13535,DailyKos/PPP (D),2012-04-13,2012-04-15,Likely Voters,1136,Automated Phone,Sponsor,Dem,2012,wisconsin,Obama,50
2012-wisconsin-president-romney-vs-obama,13535,DailyKos/PPP (D),2012-04-13,2012-04-15,Likely Voters,1136,Automated Phone,Sponsor,Dem,2012,wisconsin,Romney,44
2012-wisconsin-president-romney-vs-obama,13535,DailyKos/PPP (D),2012-04-13,2012-04-15,Likely Voters,1136,Automated Phone,Sponsor,Dem,2012,wisconsin,Other,NA
2012-wisconsin-president-romney-vs-obama,13535,DailyKos/PPP (D),2012-04-13,2012-04-15,Likely Voters,1136,Automated Phone,Sponsor,Dem,2012,wisconsin,Undecided,6
2012-wisconsin-president-romney-vs-obama,13375,Rasmussen,2012-03-27,2012-03-27,Likely Voters,500,Automated Phone,Nonpartisan,None,2012,wisconsin,Obama,52
2012-wisconsin-president-romney-vs-obama,13375,Rasmussen,2012-03-27,2012-03-27,Likely Voters,500,Automated Phone,Nonpartisan,None,2012,wisconsin,Romney,41
2012-wisconsin-president-romney-vs-obama,13375,Rasmussen,2012-03-27,2012-03-27,Likely Voters,500,Automated Phone,Nonpartisan,None,2012,wisconsin,Other,6
2012-wisconsin-president-romney-vs-obama,13375,Rasmussen,2012-03-27,2012-03-27,Likely Voters,500,Automated Phone,Nonpartisan,None,2012,wisconsin,Undecided,2
2012-wisconsin-president-romney-vs-obama,13384,NBC/Marist,2012-03-26,2012-03-27,Registered Voters,1391,Live Phone,Nonpartisan,None,2012,wisconsin,Obama,52
2012-wisconsin-president-romney-vs-obama,13384,NBC/Marist,2012-03-26,2012-03-27,Registered Voters,1391,Live Phone,Nonpartisan,None,2012,wisconsin,Romney,35
2012-wisconsin-president-romney-vs-obama,13384,NBC/Marist,2012-03-26,2012-03-27,Registered Voters,1391,Live Phone,Nonpartisan,None,2012,wisconsin,Other,NA
2012-wisconsin-president-romney-vs-obama,13384,NBC/Marist,2012-03-26,2012-03-27,Registered Voters,1391,Live Phone,Nonpartisan,None,2012,wisconsin,Undecided,13
2012-wisconsin-president-romney-vs-obama,13348,Marquette Law School,2012-03-22,2012-03-25,Registered Voters,707,Live Phone,Nonpartisan,None,2012,wisconsin,Obama,48
2012-wisconsin-president-romney-vs-obama,13348,Marquette Law School,2012-03-22,2012-03-25,Registered Voters,707,Live Phone,Nonpartisan,None,2012,wisconsin,Romney,43
2012-wisconsin-president-romney-vs-obama,13348,Marquette Law School,2012-03-22,2012-03-25,Registered Voters,707,Live Phone,Nonpartisan,None,2012,wisconsin,Other,NA
2012-wisconsin-president-romney-vs-obama,13348,Marquette Law School,2012-03-22,2012-03-25,Registered Voters,707,Live Phone,Nonpartisan,None,2012,wisconsin,Undecided,10
2012-wisconsin-president-romney-vs-obama,13079,Rasmussen,2012-02-27,2012-02-27,Likely Voters,500,Automated Phone,Nonpartisan,None,2012,wisconsin,Obama,47
2012-wisconsin-president-romney-vs-obama,13079,Rasmussen,2012-02-27,2012-02-27,Likely Voters,500,Automated Phone,Nonpartisan,None,2012,wisconsin,Romney,42
2012-wisconsin-president-romney-vs-obama,13079,Rasmussen,2012-02-27,2012-02-27,Likely Voters,500,Automated Phone,Nonpartisan,None,2012,wisconsin,Other,5
2012-wisconsin-president-romney-vs-obama,13079,Rasmussen,2012-02-27,2012-02-27,Likely Voters,500,Automated Phone,Nonpartisan,None,2012,wisconsin,Undecided,5
2012-wisconsin-president-romney-vs-obama,13389,PPP (D),2012-02-23,2012-02-26,Registered Voters,900,Live Phone,Pollster,Dem,2012,wisconsin,Obama,53
2012-wisconsin-president-romney-vs-obama,13389,PPP (D),2012-02-23,2012-02-26,Registered Voters,900,Live Phone,Pollster,Dem,2012,wisconsin,Romney,39
2012-wisconsin-president-romney-vs-obama,13389,PPP (D),2012-02-23,2012-02-26,Registered Voters,900,Live Phone,Pollster,Dem,2012,wisconsin,Other,NA
2012-wisconsin-president-romney-vs-obama,13389,PPP (D),2012-02-23,2012-02-26,Registered Voters,900,Live Phone,Pollster,Dem,2012,wisconsin,Undecided,8
2012-wisconsin-president-romney-vs-obama,13156,Marquette Law School,2012-02-16,2012-02-19,Registered Voters,716,Live Phone,Nonpartisan,None,2012,wisconsin,Obama,53
2012-wisconsin-president-romney-vs-obama,13156,Marquette Law School,2012-02-16,2012-02-19,Registered Voters,716,Live Phone,Nonpartisan,None,2012,wisconsin,Romney,38
2012-wisconsin-president-romney-vs-obama,13156,Marquette Law School,2012-02-16,2012-02-19,Registered Voters,716,Live Phone,Nonpartisan,None,2012,wisconsin,Other,NA
2012-wisconsin-president-romney-vs-obama,13156,Marquette Law School,2012-02-16,2012-02-19,Registered Voters,716,Live Phone,Nonpartisan,None,2012,wisconsin,Undecided,6
2012-wisconsin-president-romney-vs-obama,12632,Marquette Law School,2012-01-19,2012-01-22,Registered Voters,701,Live Phone,Nonpartisan,None,2012,wisconsin,Obama,48
2012-wisconsin-president-romney-vs-obama,12632,Marquette Law School,2012-01-19,2012-01-22,Registered Voters,701,Live Phone,Nonpartisan,None,2012,wisconsin,Romney,40
2012-wisconsin-president-romney-vs-obama,12632,Marquette Law School,2012-01-19,2012-01-22,Registered Voters,701,Live Phone,Nonpartisan,None,2012,wisconsin,Other,NA
2012-wisconsin-president-romney-vs-obama,12632,Marquette Law School,2012-01-19,2012-01-22,Registered Voters,701,Live Phone,Nonpartisan,None,2012,wisconsin,Undecided,NA
2012-virginia-president-romney-vs-obama,16664,Ipsos/Reuters (Web),2012-11-03,2012-11-05,Likely Voters,828,Internet,Nonpartisan,None,2012,virginia,Obama,48
2012-virginia-president-romney-vs-obama,16664,Ipsos/Reuters (Web),2012-11-03,2012-11-05,Likely Voters,828,Internet,Nonpartisan,None,2012,virginia,Romney,46
2012-virginia-president-romney-vs-obama,16664,Ipsos/Reuters (Web),2012-11-03,2012-11-05,Likely Voters,828,Internet,Nonpartisan,None,2012,virginia,Other,2
2012-virginia-president-romney-vs-obama,16664,Ipsos/Reuters (Web),2012-11-03,2012-11-05,Likely Voters,828,Internet,Nonpartisan,None,2012,virginia,Undecided,5
2012-virginia-president-romney-vs-obama,16620,Rasmussen,2012-11-04,2012-11-04,Likely Voters,750,Automated Phone,Nonpartisan,None,2012,virginia,Obama,48
2012-virginia-president-romney-vs-obama,16620,Rasmussen,2012-11-04,2012-11-04,Likely Voters,750,Automated Phone,Nonpartisan,None,2012,virginia,Romney,50
2012-virginia-president-romney-vs-obama,16620,Rasmussen,2012-11-04,2012-11-04,Likely Voters,750,Automated Phone,Nonpartisan,None,2012,virginia,Other,1
2012-virginia-president-romney-vs-obama,16620,Rasmussen,2012-11-04,2012-11-04,Likely Voters,750,Automated Phone,Nonpartisan,None,2012,virginia,Undecided,1
2012-virginia-president-romney-vs-obama,16608,PPP (D),2012-11-03,2012-11-04,Likely Voters,975,Automated Phone,Pollster,Dem,2012,virginia,Obama,51
2012-virginia-president-romney-vs-obama,16608,PPP (D),2012-11-03,2012-11-04,Likely Voters,975,Automated Phone,Pollster,Dem,2012,virginia,Romney,47
2012-virginia-president-romney-vs-obama,16608,PPP (D),2012-11-03,2012-11-04,Likely Voters,975,Automated Phone,Pollster,Dem,2012,virginia,Other,NA
2012-virginia-president-romney-vs-obama,16608,PPP (D),2012-11-03,2012-11-04,Likely Voters,975,Automated Phone,Pollster,Dem,2012,virginia,Undecided,1
2012-virginia-president-romney-vs-obama,16653,JZ Analytics/Newsmax,2012-11-02,2012-11-04,Likely Voters,814,Internet,Sponsor,Rep,2012,virginia,Obama,52
2012-virginia-president-romney-vs-obama,16653,JZ Analytics/Newsmax,2012-11-02,2012-11-04,Likely Voters,814,Internet,Sponsor,Rep,2012,virginia,Romney,44
2012-virginia-president-romney-vs-obama,16653,JZ Analytics/Newsmax,2012-11-02,2012-11-04,Likely Voters,814,Internet,Sponsor,Rep,2012,virginia,Other,NA
2012-virginia-president-romney-vs-obama,16653,JZ Analytics/Newsmax,2012-11-02,2012-11-04,Likely Voters,814,Internet,Sponsor,Rep,2012,virginia,Undecided,4
2012-virginia-president-romney-vs-obama,16578,YouGov,2012-10-31,2012-11-03,Likely Voters,1497,Internet,Nonpartisan,None,2012,virginia,Obama,48
2012-virginia-president-romney-vs-obama,16578,YouGov,2012-10-31,2012-11-03,Likely Voters,1497,Internet,Nonpartisan,None,2012,virginia,Romney,46
2012-virginia-president-romney-vs-obama,16578,YouGov,2012-10-31,2012-11-03,Likely Voters,1497,Internet,Nonpartisan,None,2012,virginia,Other,2
2012-virginia-president-romney-vs-obama,16578,YouGov,2012-10-31,2012-11-03,Likely Voters,1497,Internet,Nonpartisan,None,2012,virginia,Undecided,5
2012-virginia-president-romney-vs-obama,16614,NBC/WSJ/Marist,2012-11-01,2012-11-02,Likely Voters,1165,Live Phone,Nonpartisan,None,2012,virginia,Obama,48
2012-virginia-president-romney-vs-obama,16614,NBC/WSJ/Marist,2012-11-01,2012-11-02,Likely Voters,1165,Live Phone,Nonpartisan,None,2012,virginia,Romney,47
2012-virginia-president-romney-vs-obama,16614,NBC/WSJ/Marist,2012-11-01,2012-11-02,Likely Voters,1165,Live Phone,Nonpartisan,None,2012,virginia,Other,1
2012-virginia-president-romney-vs-obama,16614,NBC/WSJ/Marist,2012-11-01,2012-11-02,Likely Voters,1165,Live Phone,Nonpartisan,None,2012,virginia,Undecided,3
2012-virginia-president-romney-vs-obama,16478,Ipsos/Reuters (Web),2012-10-31,2012-11-02,Likely Voters,1065,Internet,Nonpartisan,None,2012,virginia,Obama,48
2012-virginia-president-romney-vs-obama,16478,Ipsos/Reuters (Web),2012-10-31,2012-11-02,Likely Voters,1065,Internet,Nonpartisan,None,2012,virginia,Romney,45
2012-virginia-president-romney-vs-obama,16478,Ipsos/Reuters (Web),2012-10-31,2012-11-02,Likely Voters,1065,Internet,Nonpartisan,None,2012,virginia,Other,5
2012-virginia-president-romney-vs-obama,16478,Ipsos/Reuters (Web),2012-10-31,2012-11-02,Likely Voters,1065,Internet,Nonpartisan,None,2012,virginia,Undecided,2
2012-virginia-president-romney-vs-obama,16642,Mellman (D-Americans United for Change),2012-10-30,2012-11-02,Likely Voters,800,Live Phone,Sponsor,Dem,2012,virginia,Obama,48
2012-virginia-president-romney-vs-obama,16642,Mellman (D-Americans United for Change),2012-10-30,2012-11-02,Likely Voters,800,Live Phone,Sponsor,Dem,2012,virginia,Romney,45
2012-virginia-president-romney-vs-obama,16642,Mellman (D-Americans United for Change),2012-10-30,2012-11-02,Likely Voters,800,Live Phone,Sponsor,Dem,2012,virginia,Other,1
2012-virginia-president-romney-vs-obama,16642,Mellman (D-Americans United for Change),2012-10-30,2012-11-02,Likely Voters,800,Live Phone,Sponsor,Dem,2012,virginia,Undecided,4
2012-virginia-president-romney-vs-obama,16474,We Ask America,2012-10-30,2012-11-01,Likely Voters,1069,Automated Phone,Nonpartisan,None,2012,virginia,Obama,49
2012-virginia-president-romney-vs-obama,16474,We Ask America,2012-10-30,2012-11-01,Likely Voters,1069,Automated Phone,Nonpartisan,None,2012,virginia,Romney,48
2012-virginia-president-romney-vs-obama,16474,We Ask America,2012-10-30,2012-11-01,Likely Voters,1069,Automated Phone,Nonpartisan,None,2012,virginia,Other,4
2012-virginia-president-romney-vs-obama,16474,We Ask America,2012-10-30,2012-11-01,Likely Voters,1069,Automated Phone,Nonpartisan,None,2012,virginia,Undecided,NA
2012-virginia-president-romney-vs-obama,16391,PPP (D-Health Care for America Now),2012-10-30,2012-10-31,Likely Voters,600,Automated Phone,Sponsor,Dem,2012,virginia,Obama,49
2012-virginia-president-romney-vs-obama,16391,PPP (D-Health Care for America Now),2012-10-30,2012-10-31,Likely Voters,600,Automated Phone,Sponsor,Dem,2012,virginia,Romney,46
2012-virginia-president-romney-vs-obama,16391,PPP (D-Health Care for America Now),2012-10-30,2012-10-31,Likely Voters,600,Automated Phone,Sponsor,Dem,2012,virginia,Other,NA
2012-virginia-president-romney-vs-obama,16391,PPP (D-Health Care for America Now),2012-10-30,2012-10-31,Likely Voters,600,Automated Phone,Sponsor,Dem,2012,virginia,Undecided,4
2012-virginia-president-romney-vs-obama,16603,Pulse Opinion Research/Let Freedom Ring (R),2012-10-30,2012-10-30,Likely Voters,1000,Automated Phone,Sponsor,Rep,2012,virginia,Obama,49
2012-virginia-president-romney-vs-obama,16603,Pulse Opinion Research/Let Freedom Ring (R),2012-10-30,2012-10-30,Likely Voters,1000,Automated Phone,Sponsor,Rep,2012,virginia,Romney,48
2012-virginia-president-romney-vs-obama,16603,Pulse Opinion Research/Let Freedom Ring (R),2012-10-30,2012-10-30,Likely Voters,1000,Automated Phone,Sponsor,Rep,2012,virginia,Other,1
2012-virginia-president-romney-vs-obama,16603,Pulse Opinion Research/Let Freedom Ring (R),2012-10-30,2012-10-30,Likely Voters,1000,Automated Phone,Sponsor,Rep,2012,virginia,Undecided,3
2012-virginia-president-romney-vs-obama,16403,JZ Analytics/Newsmax,2012-10-28,2012-10-30,Likely Voters,800,Internet,Sponsor,Rep,2012,virginia,Obama,47
2012-virginia-president-romney-vs-obama,16403,JZ Analytics/Newsmax,2012-10-28,2012-10-30,Likely Voters,800,Internet,Sponsor,Rep,2012,virginia,Romney,48
2012-virginia-president-romney-vs-obama,16403,JZ Analytics/Newsmax,2012-10-28,2012-10-30,Likely Voters,800,Internet,Sponsor,Rep,2012,virginia,Other,NA
2012-virginia-president-romney-vs-obama,16403,JZ Analytics/Newsmax,2012-10-28,2012-10-30,Likely Voters,800,Internet,Sponsor,Rep,2012,virginia,Undecided,6
2012-virginia-president-romney-vs-obama,16351,Quinnipiac/NYT/CBS,2012-10-23,2012-10-28,Likely Voters,1074,Live Phone,Nonpartisan,None,2012,virginia,Obama,49
2012-virginia-president-romney-vs-obama,16351,Quinnipiac/NYT/CBS,2012-10-23,2012-10-28,Likely Voters,1074,Live Phone,Nonpartisan,None,2012,virginia,Romney,47
2012-virginia-president-romney-vs-obama,16351,Quinnipiac/NYT/CBS,2012-10-23,2012-10-28,Likely Voters,1074,Live Phone,Nonpartisan,None,2012,virginia,Other,1
2012-virginia-president-romney-vs-obama,16351,Quinnipiac/NYT/CBS,2012-10-23,2012-10-28,Likely Voters,1074,Live Phone,Nonpartisan,None,2012,virginia,Undecided,3
2012-virginia-president-romney-vs-obama,16264,Garin-Hart-Yang (D-Priorities USA Action),2012-10-25,2012-10-27,Likely Voters,807,Live Phone,Sponsor,Dem,2012,virginia,Obama,49
2012-virginia-president-romney-vs-obama,16264,Garin-Hart-Yang (D-Priorities USA Action),2012-10-25,2012-10-27,Likely Voters,807,Live Phone,Sponsor,Dem,2012,virginia,Romney,46
2012-virginia-president-romney-vs-obama,16264,Garin-Hart-Yang (D-Priorities USA Action),2012-10-25,2012-10-27,Likely Voters,807,Live Phone,Sponsor,Dem,2012,virginia,Other,NA
2012-virginia-president-romney-vs-obama,16264,Garin-Hart-Yang (D-Priorities USA Action),2012-10-25,2012-10-27,Likely Voters,807,Live Phone,Sponsor,Dem,2012,virginia,Undecided,NA
2012-virginia-president-romney-vs-obama,16292,Gravis Marketing,2012-10-26,2012-10-26,Likely Voters,645,Automated Phone,Nonpartisan,None,2012,virginia,Obama,48
2012-virginia-president-romney-vs-obama,16292,Gravis Marketing,2012-10-26,2012-10-26,Likely Voters,645,Automated Phone,Nonpartisan,None,2012,virginia,Romney,48
2012-virginia-president-romney-vs-obama,16292,Gravis Marketing,2012-10-26,2012-10-26,Likely Voters,645,Automated Phone,Nonpartisan,None,2012,virginia,Other,NA
2012-virginia-president-romney-vs-obama,16292,Gravis Marketing,2012-10-26,2012-10-26,Likely Voters,645,Automated Phone,Nonpartisan,None,2012,virginia,Undecided,4
2012-virginia-president-romney-vs-obama,16360,Roanoke College,2012-10-23,2012-10-26,Likely Voters,638,Live Phone,Nonpartisan,None,2012,virginia,Obama,44
2012-virginia-president-romney-vs-obama,16360,Roanoke College,2012-10-23,2012-10-26,Likely Voters,638,Live Phone,Nonpartisan,None,2012,virginia,Romney,50
2012-virginia-president-romney-vs-obama,16360,Roanoke College,2012-10-23,2012-10-26,Likely Voters,638,Live Phone,Nonpartisan,None,2012,virginia,Other,4
2012-virginia-president-romney-vs-obama,16360,Roanoke College,2012-10-23,2012-10-26,Likely Voters,638,Live Phone,Nonpartisan,None,2012,virginia,Undecided,3
2012-virginia-president-romney-vs-obama,16229,Washington Post,2012-10-22,2012-10-26,Likely Voters,1228,Live Phone,Nonpartisan,None,2012,virginia,Obama,51
2012-virginia-president-romney-vs-obama,16229,Washington Post,2012-10-22,2012-10-26,Likely Voters,1228,Live Phone,Nonpartisan,None,2012,virginia,Romney,47
2012-virginia-president-romney-vs-obama,16229,Washington Post,2012-10-22,2012-10-26,Likely Voters,1228,Live Phone,Nonpartisan,None,2012,virginia,Other,1
2012-virginia-president-romney-vs-obama,16229,Washington Post,2012-10-22,2012-10-26,Likely Voters,1228,Live Phone,Nonpartisan,None,2012,virginia,Undecided,2
2012-virginia-president-romney-vs-obama,16210,JZ Analytics/Newsmax,2012-10-23,2012-10-25,Likely Voters,834,Internet,Sponsor,Rep,2012,virginia,Obama,48
2012-virginia-president-romney-vs-obama,16210,JZ Analytics/Newsmax,2012-10-23,2012-10-25,Likely Voters,834,Internet,Sponsor,Rep,2012,virginia,Romney,48
2012-virginia-president-romney-vs-obama,16210,JZ Analytics/Newsmax,2012-10-23,2012-10-25,Likely Voters,834,Internet,Sponsor,Rep,2012,virginia,Other,NA
2012-virginia-president-romney-vs-obama,16210,JZ Analytics/Newsmax,2012-10-23,2012-10-25,Likely Voters,834,Internet,Sponsor,Rep,2012,virginia,Undecided,NA
2012-virginia-president-romney-vs-obama,16207,Purple Strategies,2012-10-23,2012-10-25,Likely Voters,600,IVR/Online,Nonpartisan,None,2012,virginia,Obama,47
2012-virginia-president-romney-vs-obama,16207,Purple Strategies,2012-10-23,2012-10-25,Likely Voters,600,IVR/Online,Nonpartisan,None,2012,virginia,Romney,47
2012-virginia-president-romney-vs-obama,16207,Purple Strategies,2012-10-23,2012-10-25,Likely Voters,600,IVR/Online,Nonpartisan,None,2012,virginia,Other,NA
2012-virginia-president-romney-vs-obama,16207,Purple Strategies,2012-10-23,2012-10-25,Likely Voters,600,IVR/Online,Nonpartisan,None,2012,virginia,Undecided,7
2012-virginia-president-romney-vs-obama,16149,Rasmussen,2012-10-24,2012-10-24,Likely Voters,750,Automated Phone,Nonpartisan,None,2012,virginia,Obama,48
2012-virginia-president-romney-vs-obama,16149,Rasmussen,2012-10-24,2012-10-24,Likely Voters,750,Automated Phone,Nonpartisan,None,2012,virginia,Romney,50
2012-virginia-president-romney-vs-obama,16149,Rasmussen,2012-10-24,2012-10-24,Likely Voters,750,Automated Phone,Nonpartisan,None,2012,virginia,Other,NA
2012-virginia-president-romney-vs-obama,16149,Rasmussen,2012-10-24,2012-10-24,Likely Voters,750,Automated Phone,Nonpartisan,None,2012,virginia,Undecided,1
2012-virginia-president-romney-vs-obama,16173,FOX,2012-10-23,2012-10-24,Likely Voters,1126,Live Phone,Nonpartisan,None,2012,virginia,Obama,44
2012-virginia-president-romney-vs-obama,16173,FOX,2012-10-23,2012-10-24,Likely Voters,1126,Live Phone,Nonpartisan,None,2012,virginia,Romney,46
2012-virginia-president-romney-vs-obama,16173,FOX,2012-10-23,2012-10-24,Likely Voters,1126,Live Phone,Nonpartisan,None,2012,virginia,Other,2
2012-virginia-president-romney-vs-obama,16173,FOX,2012-10-23,2012-10-24,Likely Voters,1126,Live Phone,Nonpartisan,None,2012,virginia,Undecided,7
2012-virginia-president-romney-vs-obama,16132,PPP (D-Health Care for America Now),2012-10-23,2012-10-24,Likely Voters,722,Automated Phone,Sponsor,Dem,2012,virginia,Obama,51
2012-virginia-president-romney-vs-obama,16132,PPP (D-Health Care for America Now),2012-10-23,2012-10-24,Likely Voters,722,Automated Phone,Sponsor,Dem,2012,virginia,Romney,46
2012-virginia-president-romney-vs-obama,16132,PPP (D-Health Care for America Now),2012-10-23,2012-10-24,Likely Voters,722,Automated Phone,Sponsor,Dem,2012,virginia,Other,NA
2012-virginia-president-romney-vs-obama,16132,PPP (D-Health Care for America Now),2012-10-23,2012-10-24,Likely Voters,722,Automated Phone,Sponsor,Dem,2012,virginia,Undecided,3
2012-virginia-president-romney-vs-obama,16097,Mellman (D-Americans United for Change),2012-10-18,2012-10-21,Likely Voters,800,Live Phone,Sponsor,Dem,2012,virginia,Obama,46
2012-virginia-president-romney-vs-obama,16097,Mellman (D-Americans United for Change),2012-10-18,2012-10-21,Likely Voters,800,Live Phone,Sponsor,Dem,2012,virginia,Romney,45
2012-virginia-president-romney-vs-obama,16097,Mellman (D-Americans United for Change),2012-10-18,2012-10-21,Likely Voters,800,Live Phone,Sponsor,Dem,2012,virginia,Other,NA
2012-virginia-president-romney-vs-obama,16097,Mellman (D-Americans United for Change),2012-10-18,2012-10-21,Likely Voters,800,Live Phone,Sponsor,Dem,2012,virginia,Undecided,8
2012-virginia-president-romney-vs-obama,16042,Wenzel Strategies (R-Citizens United),2012-10-19,2012-10-20,Likely Voters,1000,Live Phone,Sponsor,Rep,2012,virginia,Obama,47
2012-virginia-president-romney-vs-obama,16042,Wenzel Strategies (R-Citizens United),2012-10-19,2012-10-20,Likely Voters,1000,Live Phone,Sponsor,Rep,2012,virginia,Romney,49
2012-virginia-president-romney-vs-obama,16042,Wenzel Strategies (R-Citizens United),2012-10-19,2012-10-20,Likely Voters,1000,Live Phone,Sponsor,Rep,2012,virginia,Other,NA
2012-virginia-president-romney-vs-obama,16042,Wenzel Strategies (R-Citizens United),2012-10-19,2012-10-20,Likely Voters,1000,Live Phone,Sponsor,Rep,2012,virginia,Undecided,3
2012-virginia-president-romney-vs-obama,15980,PPP (D-Health Care for America Now),2012-10-18,2012-10-19,Likely Voters,500,Automated Phone,Sponsor,Dem,2012,virginia,Obama,49
2012-virginia-president-romney-vs-obama,15980,PPP (D-Health Care for America Now),2012-10-18,2012-10-19,Likely Voters,500,Automated Phone,Sponsor,Dem,2012,virginia,Romney,47
2012-virginia-president-romney-vs-obama,15980,PPP (D-Health Care for America Now),2012-10-18,2012-10-19,Likely Voters,500,Automated Phone,Sponsor,Dem,2012,virginia,Other,NA
2012-virginia-president-romney-vs-obama,15980,PPP (D-Health Care for America Now),2012-10-18,2012-10-19,Likely Voters,500,Automated Phone,Sponsor,Dem,2012,virginia,Undecided,4
2012-virginia-president-romney-vs-obama,15972,Rasmussen,2012-10-18,2012-10-18,Likely Voters,750,Automated Phone,Nonpartisan,None,2012,virginia,Obama,47
2012-virginia-president-romney-vs-obama,15972,Rasmussen,2012-10-18,2012-10-18,Likely Voters,750,Automated Phone,Nonpartisan,None,2012,virginia,Romney,50
2012-virginia-president-romney-vs-obama,15972,Rasmussen,2012-10-18,2012-10-18,Likely Voters,750,Automated Phone,Nonpartisan,None,2012,virginia,Other,NA
2012-virginia-president-romney-vs-obama,15972,Rasmussen,2012-10-18,2012-10-18,Likely Voters,750,Automated Phone,Nonpartisan,None,2012,virginia,Undecided,2
2012-virginia-president-romney-vs-obama,16108,ODU/Virginian-Pilot,2012-09-19,2012-10-17,Likely Voters,465,Live Phone,Nonpartisan,None,2012,virginia,Obama,50
2012-virginia-president-romney-vs-obama,16108,ODU/Virginian-Pilot,2012-09-19,2012-10-17,Likely Voters,465,Live Phone,Nonpartisan,None,2012,virginia,Romney,43
2012-virginia-president-romney-vs-obama,16108,ODU/Virginian-Pilot,2012-09-19,2012-10-17,Likely Voters,465,Live Phone,Nonpartisan,None,2012,virginia,Other,3
2012-virginia-president-romney-vs-obama,16108,ODU/Virginian-Pilot,2012-09-19,2012-10-17,Likely Voters,465,Live Phone,Nonpartisan,None,2012,virginia,Undecided,3
2012-virginia-president-romney-vs-obama,15923,PPP (D-LCV),2012-10-15,2012-10-16,Likely Voters,733,Automated Phone,Sponsor,Dem,2012,virginia,Obama,49
2012-virginia-president-romney-vs-obama,15923,PPP (D-LCV),2012-10-15,2012-10-16,Likely Voters,733,Automated Phone,Sponsor,Dem,2012,virginia,Romney,48
2012-virginia-president-romney-vs-obama,15923,PPP (D-LCV),2012-10-15,2012-10-16,Likely Voters,733,Automated Phone,Sponsor,Dem,2012,virginia,Other,NA
2012-virginia-president-romney-vs-obama,15923,PPP (D-LCV),2012-10-15,2012-10-16,Likely Voters,733,Automated Phone,Sponsor,Dem,2012,virginia,Undecided,NA
2012-virginia-president-romney-vs-obama,16030,Pulse Opinion Research/Let Freedom Ring (R),2012-10-15,2012-10-15,Likely Voters,1000,Automated Phone,Sponsor,Rep,2012,virginia,Obama,47
2012-virginia-president-romney-vs-obama,16030,Pulse Opinion Research/Let Freedom Ring (R),2012-10-15,2012-10-15,Likely Voters,1000,Automated Phone,Sponsor,Rep,2012,virginia,Romney,46
2012-virginia-president-romney-vs-obama,16030,Pulse Opinion Research/Let Freedom Ring (R),2012-10-15,2012-10-15,Likely Voters,1000,Automated Phone,Sponsor,Rep,2012,virginia,Other,4
2012-virginia-president-romney-vs-obama,16030,Pulse Opinion Research/Let Freedom Ring (R),2012-10-15,2012-10-15,Likely Voters,1000,Automated Phone,Sponsor,Rep,2012,virginia,Undecided,3
2012-virginia-president-romney-vs-obama,15784,ARG,2012-10-12,2012-10-14,Likely Voters,600,Live Phone,Nonpartisan,None,2012,virginia,Obama,47
2012-virginia-president-romney-vs-obama,15784,ARG,2012-10-12,2012-10-14,Likely Voters,600,Live Phone,Nonpartisan,None,2012,virginia,Romney,48
2012-virginia-president-romney-vs-obama,15784,ARG,2012-10-12,2012-10-14,Likely Voters,600,Live Phone,Nonpartisan,None,2012,virginia,Other,1
2012-virginia-president-romney-vs-obama,15784,ARG,2012-10-12,2012-10-14,Likely Voters,600,Live Phone,Nonpartisan,None,2012,virginia,Undecided,4
2012-virginia-president-romney-vs-obama,15745,Rasmussen,2012-10-11,2012-10-11,Likely Voters,750,Automated Phone,Nonpartisan,None,2012,virginia,Obama,47
2012-virginia-president-romney-vs-obama,15745,Rasmussen,2012-10-11,2012-10-11,Likely Voters,750,Automated Phone,Nonpartisan,None,2012,virginia,Romney,49
2012-virginia-president-romney-vs-obama,15745,Rasmussen,2012-10-11,2012-10-11,Likely Voters,750,Automated Phone,Nonpartisan,None,2012,virginia,Other,1
2012-virginia-president-romney-vs-obama,15745,Rasmussen,2012-10-11,2012-10-11,Likely Voters,750,Automated Phone,Nonpartisan,None,2012,virginia,Undecided,3
2012-virginia-president-romney-vs-obama,15845,YouGov,2012-10-04,2012-10-11,Likely Voters,742,Internet,Nonpartisan,None,2012,virginia,Obama,46
2012-virginia-president-romney-vs-obama,15845,YouGov,2012-10-04,2012-10-11,Likely Voters,742,Internet,Nonpartisan,None,2012,virginia,Romney,45
2012-virginia-president-romney-vs-obama,15845,YouGov,2012-10-04,2012-10-11,Likely Voters,742,Internet,Nonpartisan,None,2012,virginia,Other,2
2012-virginia-president-romney-vs-obama,15845,YouGov,2012-10-04,2012-10-11,Likely Voters,742,Internet,Nonpartisan,None,2012,virginia,Undecided,6
2012-virginia-president-romney-vs-obama,15709,McLaughlin (R-Allen),2012-10-08,2012-10-09,Likely Voters,600,Live Phone,Sponsor,Rep,2012,virginia,Obama,44
2012-virginia-president-romney-vs-obama,15709,McLaughlin (R-Allen),2012-10-08,2012-10-09,Likely Voters,600,Live Phone,Sponsor,Rep,2012,virginia,Romney,51
2012-virginia-president-romney-vs-obama,15709,McLaughlin (R-Allen),2012-10-08,2012-10-09,Likely Voters,600,Live Phone,Sponsor,Rep,2012,virginia,Other,1
2012-virginia-president-romney-vs-obama,15709,McLaughlin (R-Allen),2012-10-08,2012-10-09,Likely Voters,600,Live Phone,Sponsor,Rep,2012,virginia,Undecided,4
2012-virginia-president-romney-vs-obama,15679,NBC/WSJ/Marist,2012-10-07,2012-10-09,Likely Voters,981,Live Phone,Nonpartisan,None,2012,virginia,Obama,47
2012-virginia-president-romney-vs-obama,15679,NBC/WSJ/Marist,2012-10-07,2012-10-09,Likely Voters,981,Live Phone,Nonpartisan,None,2012,virginia,Romney,48
2012-virginia-president-romney-vs-obama,15679,NBC/WSJ/Marist,2012-10-07,2012-10-09,Likely Voters,981,Live Phone,Nonpartisan,None,2012,virginia,Other,1
2012-virginia-president-romney-vs-obama,15679,NBC/WSJ/Marist,2012-10-07,2012-10-09,Likely Voters,981,Live Phone,Nonpartisan,None,2012,virginia,Undecided,4
2012-virginia-president-romney-vs-obama,15681,Quinnipiac/NYT/CBS,2012-10-04,2012-10-09,Likely Voters,1288,Live Phone,Nonpartisan,None,2012,virginia,Obama,51
2012-virginia-president-romney-vs-obama,15681,Quinnipiac/NYT/CBS,2012-10-04,2012-10-09,Likely Voters,1288,Live Phone,Nonpartisan,None,2012,virginia,Romney,46
2012-virginia-president-romney-vs-obama,15681,Quinnipiac/NYT/CBS,2012-10-04,2012-10-09,Likely Voters,1288,Live Phone,Nonpartisan,None,2012,virginia,Other,1
2012-virginia-president-romney-vs-obama,15681,Quinnipiac/NYT/CBS,2012-10-04,2012-10-09,Likely Voters,1288,Live Phone,Nonpartisan,None,2012,virginia,Undecided,3
2012-virginia-president-romney-vs-obama,15724,Pulse Opinion Research/Let Freedom Ring (R),2012-10-08,2012-10-08,Likely Voters,1000,Automated Phone,Sponsor,Rep,2012,virginia,Obama,48
2012-virginia-president-romney-vs-obama,15724,Pulse Opinion Research/Let Freedom Ring (R),2012-10-08,2012-10-08,Likely Voters,1000,Automated Phone,Sponsor,Rep,2012,virginia,Romney,48
2012-virginia-president-romney-vs-obama,15724,Pulse Opinion Research/Let Freedom Ring (R),2012-10-08,2012-10-08,Likely Voters,1000,Automated Phone,Sponsor,Rep,2012,virginia,Other,2
2012-virginia-president-romney-vs-obama,15724,Pulse Opinion Research/Let Freedom Ring (R),2012-10-08,2012-10-08,Likely Voters,1000,Automated Phone,Sponsor,Rep,2012,virginia,Undecided,2
2012-virginia-president-romney-vs-obama,15579,PPP (D),2012-10-04,2012-10-07,Likely Voters,725,Automated Phone,Pollster,Dem,2012,virginia,Obama,50
2012-virginia-president-romney-vs-obama,15579,PPP (D),2012-10-04,2012-10-07,Likely Voters,725,Automated Phone,Pollster,Dem,2012,virginia,Romney,47
2012-virginia-president-romney-vs-obama,15579,PPP (D),2012-10-04,2012-10-07,Likely Voters,725,Automated Phone,Pollster,Dem,2012,virginia,Other,NA
2012-virginia-president-romney-vs-obama,15579,PPP (D),2012-10-04,2012-10-07,Likely Voters,725,Automated Phone,Pollster,Dem,2012,virginia,Undecided,3
2012-virginia-president-romney-vs-obama,15541,Rasmussen,2012-10-04,2012-10-04,Likely Voters,500,Automated Phone,Nonpartisan,None,2012,virginia,Obama,48
2012-virginia-president-romney-vs-obama,15541,Rasmussen,2012-10-04,2012-10-04,Likely Voters,500,Automated Phone,Nonpartisan,None,2012,virginia,Romney,49
2012-virginia-president-romney-vs-obama,15541,Rasmussen,2012-10-04,2012-10-04,Likely Voters,500,Automated Phone,Nonpartisan,None,2012,virginia,Other,NA
2012-virginia-president-romney-vs-obama,15541,Rasmussen,2012-10-04,2012-10-04,Likely Voters,500,Automated Phone,Nonpartisan,None,2012,virginia,Undecided,3
2012-virginia-president-romney-vs-obama,15540,We Ask America,2012-10-04,2012-10-04,Likely Voters,1200,Automated Phone,Nonpartisan,None,2012,virginia,Obama,45
2012-virginia-president-romney-vs-obama,15540,We Ask America,2012-10-04,2012-10-04,Likely Voters,1200,Automated Phone,Nonpartisan,None,2012,virginia,Romney,48
2012-virginia-president-romney-vs-obama,15540,We Ask America,2012-10-04,2012-10-04,Likely Voters,1200,Automated Phone,Nonpartisan,None,2012,virginia,Other,2
2012-virginia-president-romney-vs-obama,15540,We Ask America,2012-10-04,2012-10-04,Likely Voters,1200,Automated Phone,Nonpartisan,None,2012,virginia,Undecided,5
2012-virginia-president-romney-vs-obama,15727,Pulse Opinion Research/Let Freedom Ring (R),2012-10-01,2012-10-01,Likely Voters,1000,Automated Phone,Sponsor,Rep,2012,virginia,Obama,48
2012-virginia-president-romney-vs-obama,15727,Pulse Opinion Research/Let Freedom Ring (R),2012-10-01,2012-10-01,Likely Voters,1000,Automated Phone,Sponsor,Rep,2012,virginia,Romney,47
2012-virginia-president-romney-vs-obama,15727,Pulse Opinion Research/Let Freedom Ring (R),2012-10-01,2012-10-01,Likely Voters,1000,Automated Phone,Sponsor,Rep,2012,virginia,Other,2
2012-virginia-president-romney-vs-obama,15727,Pulse Opinion Research/Let Freedom Ring (R),2012-10-01,2012-10-01,Likely Voters,1000,Automated Phone,Sponsor,Rep,2012,virginia,Undecided,3
2012-virginia-president-romney-vs-obama,15483,NBC/WSJ/Marist,2012-09-30,2012-10-01,Likely Voters,969,Live Phone,Nonpartisan,None,2012,virginia,Obama,48
2012-virginia-president-romney-vs-obama,15483,NBC/WSJ/Marist,2012-09-30,2012-10-01,Likely Voters,969,Live Phone,Nonpartisan,None,2012,virginia,Romney,46
2012-virginia-president-romney-vs-obama,15483,NBC/WSJ/Marist,2012-09-30,2012-10-01,Likely Voters,969,Live Phone,Nonpartisan,None,2012,virginia,Other,1
2012-virginia-president-romney-vs-obama,15483,NBC/WSJ/Marist,2012-09-30,2012-10-01,Likely Voters,969,Live Phone,Nonpartisan,None,2012,virginia,Undecided,5
2012-virginia-president-romney-vs-obama,15466,Roanoke College,2012-09-19,2012-09-28,Likely Voters,589,Live Phone,Nonpartisan,None,2012,virginia,Obama,47
2012-virginia-president-romney-vs-obama,15466,Roanoke College,2012-09-19,2012-09-28,Likely Voters,589,Live Phone,Nonpartisan,None,2012,virginia,Romney,39
2012-virginia-president-romney-vs-obama,15466,Roanoke College,2012-09-19,2012-09-28,Likely Voters,589,Live Phone,Nonpartisan,None,2012,virginia,Other,5
2012-virginia-president-romney-vs-obama,15466,Roanoke College,2012-09-19,2012-09-28,Likely Voters,589,Live Phone,Nonpartisan,None,2012,virginia,Undecided,10
2012-virginia-president-romney-vs-obama,15387,ARG,2012-09-24,2012-09-27,Likely Voters,600,Live Phone,Nonpartisan,None,2012,virginia,Obama,49
2012-virginia-president-romney-vs-obama,15387,ARG,2012-09-24,2012-09-27,Likely Voters,600,Live Phone,Nonpartisan,None,2012,virginia,Romney,47
2012-virginia-president-romney-vs-obama,15387,ARG,2012-09-24,2012-09-27,Likely Voters,600,Live Phone,Nonpartisan,None,2012,virginia,Other,1
2012-virginia-president-romney-vs-obama,15387,ARG,2012-09-24,2012-09-27,Likely Voters,600,Live Phone,Nonpartisan,None,2012,virginia,Undecided,3
2012-virginia-president-romney-vs-obama,15367,Suffolk/NBC12,2012-09-24,2012-09-26,Likely Voters,600,Live Phone,Nonpartisan,None,2012,virginia,Obama,46
2012-virginia-president-romney-vs-obama,15367,Suffolk/NBC12,2012-09-24,2012-09-26,Likely Voters,600,Live Phone,Nonpartisan,None,2012,virginia,Romney,44
2012-virginia-president-romney-vs-obama,15367,Suffolk/NBC12,2012-09-24,2012-09-26,Likely Voters,600,Live Phone,Nonpartisan,None,2012,virginia,Other,2
2012-virginia-president-romney-vs-obama,15367,Suffolk/NBC12,2012-09-24,2012-09-26,Likely Voters,600,Live Phone,Nonpartisan,None,2012,virginia,Undecided,8
2012-virginia-president-romney-vs-obama,15394,PPP (D)/NRDC,2012-09-17,2012-09-19,Likely Voters,2770,Automated Phone,Pollster,Dem,2012,virginia,Obama,49
2012-virginia-president-romney-vs-obama,15394,PPP (D)/NRDC,2012-09-17,2012-09-19,Likely Voters,2770,Automated Phone,Pollster,Dem,2012,virginia,Romney,43
2012-virginia-president-romney-vs-obama,15394,PPP (D)/NRDC,2012-09-17,2012-09-19,Likely Voters,2770,Automated Phone,Pollster,Dem,2012,virginia,Other,NA
2012-virginia-president-romney-vs-obama,15394,PPP (D)/NRDC,2012-09-17,2012-09-19,Likely Voters,2770,Automated Phone,Pollster,Dem,2012,virginia,Undecided,8
2012-virginia-president-romney-vs-obama,15202,Purple Strategies,2012-09-15,2012-09-19,Likely Voters,600,IVR/Online,Nonpartisan,None,2012,virginia,Obama,46
2012-virginia-president-romney-vs-obama,15202,Purple Strategies,2012-09-15,2012-09-19,Likely Voters,600,IVR/Online,Nonpartisan,None,2012,virginia,Romney,43
2012-virginia-president-romney-vs-obama,15202,Purple Strategies,2012-09-15,2012-09-19,Likely Voters,600,IVR/Online,Nonpartisan,None,2012,virginia,Other,NA
2012-virginia-president-romney-vs-obama,15202,Purple Strategies,2012-09-15,2012-09-19,Likely Voters,600,IVR/Online,Nonpartisan,None,2012,virginia,Undecided,11
2012-virginia-president-romney-vs-obama,15148,FOX,2012-09-16,2012-09-18,Likely Voters,1006,Live Phone,Nonpartisan,None,2012,virginia,Obama,49
2012-virginia-president-romney-vs-obama,15148,FOX,2012-09-16,2012-09-18,Likely Voters,1006,Live Phone,Nonpartisan,None,2012,virginia,Romney,42
2012-virginia-president-romney-vs-obama,15148,FOX,2012-09-16,2012-09-18,Likely Voters,1006,Live Phone,Nonpartisan,None,2012,virginia,Other,3
2012-virginia-president-romney-vs-obama,15148,FOX,2012-09-16,2012-09-18,Likely Voters,1006,Live Phone,Nonpartisan,None,2012,virginia,Undecided,6
2012-virginia-president-romney-vs-obama,15122,We Ask America,2012-09-17,2012-09-17,Likely Voters,1238,Automated Phone,Nonpartisan,None,2012,virginia,Obama,49
2012-virginia-president-romney-vs-obama,15122,We Ask America,2012-09-17,2012-09-17,Likely Voters,1238,Automated Phone,Nonpartisan,None,2012,virginia,Romney,46
2012-virginia-president-romney-vs-obama,15122,We Ask America,2012-09-17,2012-09-17,Likely Voters,1238,Automated Phone,Nonpartisan,None,2012,virginia,Other,1
2012-virginia-president-romney-vs-obama,15122,We Ask America,2012-09-17,2012-09-17,Likely Voters,1238,Automated Phone,Nonpartisan,None,2012,virginia,Undecided,5
2012-virginia-president-romney-vs-obama,15119,Quinnipiac/NYT/CBS,2012-09-11,2012-09-17,Likely Voters,1474,Live Phone,Nonpartisan,None,2012,virginia,Obama,50
2012-virginia-president-romney-vs-obama,15119,Quinnipiac/NYT/CBS,2012-09-11,2012-09-17,Likely Voters,1474,Live Phone,Nonpartisan,None,2012,virginia,Romney,46
2012-virginia-president-romney-vs-obama,15119,Quinnipiac/NYT/CBS,2012-09-11,2012-09-17,Likely Voters,1474,Live Phone,Nonpartisan,None,2012,virginia,Other,1
2012-virginia-president-romney-vs-obama,15119,Quinnipiac/NYT/CBS,2012-09-11,2012-09-17,Likely Voters,1474,Live Phone,Nonpartisan,None,2012,virginia,Undecided,3
2012-virginia-president-romney-vs-obama,15072,PPP (D),2012-09-13,2012-09-16,Likely Voters,1021,Automated Phone,Pollster,Dem,2012,virginia,Obama,51
2012-virginia-president-romney-vs-obama,15072,PPP (D),2012-09-13,2012-09-16,Likely Voters,1021,Automated Phone,Pollster,Dem,2012,virginia,Romney,46
2012-virginia-president-romney-vs-obama,15072,PPP (D),2012-09-13,2012-09-16,Likely Voters,1021,Automated Phone,Pollster,Dem,2012,virginia,Other,NA
2012-virginia-president-romney-vs-obama,15072,PPP (D),2012-09-13,2012-09-16,Likely Voters,1021,Automated Phone,Pollster,Dem,2012,virginia,Undecided,3
2012-virginia-president-romney-vs-obama,15106,Washington Post,2012-09-12,2012-09-16,Likely Voters,847,Live Phone,Nonpartisan,None,2012,virginia,Obama,52
2012-virginia-president-romney-vs-obama,15106,Washington Post,2012-09-12,2012-09-16,Likely Voters,847,Live Phone,Nonpartisan,None,2012,virginia,Romney,44
2012-virginia-president-romney-vs-obama,15106,Washington Post,2012-09-12,2012-09-16,Likely Voters,847,Live Phone,Nonpartisan,None,2012,virginia,Other,NA
2012-virginia-president-romney-vs-obama,15106,Washington Post,2012-09-12,2012-09-16,Likely Voters,847,Live Phone,Nonpartisan,None,2012,virginia,Undecided,NA
2012-virginia-president-romney-vs-obama,15164,YouGov,2012-09-07,2012-09-14,Likely Voters,1047,Internet,Nonpartisan,None,2012,virginia,Obama,48
2012-virginia-president-romney-vs-obama,15164,YouGov,2012-09-07,2012-09-14,Likely Voters,1047,Internet,Nonpartisan,None,2012,virginia,Romney,44
2012-virginia-president-romney-vs-obama,15164,YouGov,2012-09-07,2012-09-14,Likely Voters,1047,Internet,Nonpartisan,None,2012,virginia,Other,2
2012-virginia-president-romney-vs-obama,15164,YouGov,2012-09-07,2012-09-14,Likely Voters,1047,Internet,Nonpartisan,None,2012,virginia,Undecided,6
2012-virginia-president-romney-vs-obama,15044,Rasmussen,2012-09-13,2012-09-13,Likely Voters,500,Automated Phone,Nonpartisan,None,2012,virginia,Obama,49
2012-virginia-president-romney-vs-obama,15044,Rasmussen,2012-09-13,2012-09-13,Likely Voters,500,Automated Phone,Nonpartisan,None,2012,virginia,Romney,48
2012-virginia-president-romney-vs-obama,15044,Rasmussen,2012-09-13,2012-09-13,Likely Voters,500,Automated Phone,Nonpartisan,None,2012,virginia,Other,1
2012-virginia-president-romney-vs-obama,15044,Rasmussen,2012-09-13,2012-09-13,Likely Voters,500,Automated Phone,Nonpartisan,None,2012,virginia,Undecided,2
2012-virginia-president-romney-vs-obama,15029,NBC/WSJ/Marist,2012-09-09,2012-09-11,Likely Voters,996,Live Phone,Nonpartisan,None,2012,virginia,Obama,49
2012-virginia-president-romney-vs-obama,15029,NBC/WSJ/Marist,2012-09-09,2012-09-11,Likely Voters,996,Live Phone,Nonpartisan,None,2012,virginia,Romney,44
2012-virginia-president-romney-vs-obama,15029,NBC/WSJ/Marist,2012-09-09,2012-09-11,Likely Voters,996,Live Phone,Nonpartisan,None,2012,virginia,Other,2
2012-virginia-president-romney-vs-obama,15029,NBC/WSJ/Marist,2012-09-09,2012-09-11,Likely Voters,996,Live Phone,Nonpartisan,None,2012,virginia,Undecided,5
2012-virginia-president-romney-vs-obama,14971,Gravis Marketing,2012-09-08,2012-09-09,Likely Voters,2238,Automated Phone,Nonpartisan,None,2012,virginia,Obama,44
2012-virginia-president-romney-vs-obama,14971,Gravis Marketing,2012-09-08,2012-09-09,Likely Voters,2238,Automated Phone,Nonpartisan,None,2012,virginia,Romney,49
2012-virginia-president-romney-vs-obama,14971,Gravis Marketing,2012-09-08,2012-09-09,Likely Voters,2238,Automated Phone,Nonpartisan,None,2012,virginia,Other,NA
2012-virginia-president-romney-vs-obama,14971,Gravis Marketing,2012-09-08,2012-09-09,Likely Voters,2238,Automated Phone,Nonpartisan,None,2012,virginia,Undecided,7
2012-virginia-president-romney-vs-obama,14789,Rasmussen,2012-08-23,2012-08-23,Likely Voters,500,Automated Phone,Nonpartisan,None,2012,virginia,Obama,47
2012-virginia-president-romney-vs-obama,14789,Rasmussen,2012-08-23,2012-08-23,Likely Voters,500,Automated Phone,Nonpartisan,None,2012,virginia,Romney,47
2012-virginia-president-romney-vs-obama,14789,Rasmussen,2012-08-23,2012-08-23,Likely Voters,500,Automated Phone,Nonpartisan,None,2012,virginia,Other,3
2012-virginia-president-romney-vs-obama,14789,Rasmussen,2012-08-23,2012-08-23,Likely Voters,500,Automated Phone,Nonpartisan,None,2012,virginia,Undecided,3
2012-virginia-president-romney-vs-obama,14717,PPP (D),2012-08-16,2012-08-19,Likely Voters,855,Automated Phone,Pollster,Dem,2012,virginia,Obama,50
2012-virginia-president-romney-vs-obama,14717,PPP (D),2012-08-16,2012-08-19,Likely Voters,855,Automated Phone,Pollster,Dem,2012,virginia,Romney,45
2012-virginia-president-romney-vs-obama,14717,PPP (D),2012-08-16,2012-08-19,Likely Voters,855,Automated Phone,Pollster,Dem,2012,virginia,Other,NA
2012-virginia-president-romney-vs-obama,14717,PPP (D),2012-08-16,2012-08-19,Likely Voters,855,Automated Phone,Pollster,Dem,2012,virginia,Undecided,5
2012-virginia-president-romney-vs-obama,14666,Purple Strategies,2012-08-13,2012-08-14,Likely Voters,600,Automated Phone,Nonpartisan,None,2012,virginia,Obama,45
2012-virginia-president-romney-vs-obama,14666,Purple Strategies,2012-08-13,2012-08-14,Likely Voters,600,Automated Phone,Nonpartisan,None,2012,virginia,Romney,48
2012-virginia-president-romney-vs-obama,14666,Purple Strategies,2012-08-13,2012-08-14,Likely Voters,600,Automated Phone,Nonpartisan,None,2012,virginia,Other,NA
2012-virginia-president-romney-vs-obama,14666,Purple Strategies,2012-08-13,2012-08-14,Likely Voters,600,Automated Phone,Nonpartisan,None,2012,virginia,Undecided,8
2012-virginia-president-romney-vs-obama,14594,Rasmussen,2012-08-07,2012-08-07,Likely Voters,500,Automated Phone,Nonpartisan,None,2012,virginia,Obama,48
2012-virginia-president-romney-vs-obama,14594,Rasmussen,2012-08-07,2012-08-07,Likely Voters,500,Automated Phone,Nonpartisan,None,2012,virginia,Romney,46
2012-virginia-president-romney-vs-obama,14594,Rasmussen,2012-08-07,2012-08-07,Likely Voters,500,Automated Phone,Nonpartisan,None,2012,virginia,Other,2
2012-virginia-president-romney-vs-obama,14594,Rasmussen,2012-08-07,2012-08-07,Likely Voters,500,Automated Phone,Nonpartisan,None,2012,virginia,Undecided,3
2012-virginia-president-romney-vs-obama,14585,Quinnipiac/NYT/CBS,2012-07-31,2012-08-06,Likely Voters,1412,Live Phone,Nonpartisan,None,2012,virginia,Obama,49
2012-virginia-president-romney-vs-obama,14585,Quinnipiac/NYT/CBS,2012-07-31,2012-08-06,Likely Voters,1412,Live Phone,Nonpartisan,None,2012,virginia,Romney,45
2012-virginia-president-romney-vs-obama,14585,Quinnipiac/NYT/CBS,2012-07-31,2012-08-06,Likely Voters,1412,Live Phone,Nonpartisan,None,2012,virginia,Other,1
2012-virginia-president-romney-vs-obama,14585,Quinnipiac/NYT/CBS,2012-07-31,2012-08-06,Likely Voters,1412,Live Phone,Nonpartisan,None,2012,virginia,Undecided,5
2012-virginia-president-romney-vs-obama,14375,Rasmussen,2012-07-16,2012-07-17,Likely Voters,500,Automated Phone,Nonpartisan,None,2012,virginia,Obama,47
2012-virginia-president-romney-vs-obama,14375,Rasmussen,2012-07-16,2012-07-17,Likely Voters,500,Automated Phone,Nonpartisan,None,2012,virginia,Romney,46
2012-virginia-president-romney-vs-obama,14375,Rasmussen,2012-07-16,2012-07-17,Likely Voters,500,Automated Phone,Nonpartisan,None,2012,virginia,Other,3
2012-virginia-president-romney-vs-obama,14375,Rasmussen,2012-07-16,2012-07-17,Likely Voters,500,Automated Phone,Nonpartisan,None,2012,virginia,Undecided,3
2012-virginia-president-romney-vs-obama,14383,Quinnipiac,2012-07-11,2012-07-16,Registered Voters,1673,Live Phone,Nonpartisan,None,2012,virginia,Obama,44
2012-virginia-president-romney-vs-obama,14383,Quinnipiac,2012-07-11,2012-07-16,Registered Voters,1673,Live Phone,Nonpartisan,None,2012,virginia,Romney,44
2012-virginia-president-romney-vs-obama,14383,Quinnipiac,2012-07-11,2012-07-16,Registered Voters,1673,Live Phone,Nonpartisan,None,2012,virginia,Other,2
2012-virginia-president-romney-vs-obama,14383,Quinnipiac,2012-07-11,2012-07-16,Registered Voters,1673,Live Phone,Nonpartisan,None,2012,virginia,Undecided,10
2012-virginia-president-romney-vs-obama,14356,Purple Strategies,2012-07-09,2012-07-13,Likely Voters,600,Automated Phone,Nonpartisan,None,2012,virginia,Obama,46
2012-virginia-president-romney-vs-obama,14356,Purple Strategies,2012-07-09,2012-07-13,Likely Voters,600,Automated Phone,Nonpartisan,None,2012,virginia,Romney,44
2012-virginia-president-romney-vs-obama,14356,Purple Strategies,2012-07-09,2012-07-13,Likely Voters,600,Automated Phone,Nonpartisan,None,2012,virginia,Other,NA
2012-virginia-president-romney-vs-obama,14356,Purple Strategies,2012-07-09,2012-07-13,Likely Voters,600,Automated Phone,Nonpartisan,None,2012,virginia,Undecided,10
2012-virginia-president-romney-vs-obama,14286,PPP (D),2012-07-05,2012-07-08,Registered Voters,647,Automated Phone,Pollster,Dem,2012,virginia,Obama,50
2012-virginia-president-romney-vs-obama,14286,PPP (D),2012-07-05,2012-07-08,Registered Voters,647,Automated Phone,Pollster,Dem,2012,virginia,Romney,42
2012-virginia-president-romney-vs-obama,14286,PPP (D),2012-07-05,2012-07-08,Registered Voters,647,Automated Phone,Pollster,Dem,2012,virginia,Other,NA
2012-virginia-president-romney-vs-obama,14286,PPP (D),2012-07-05,2012-07-08,Registered Voters,647,Automated Phone,Pollster,Dem,2012,virginia,Undecided,8
2012-virginia-president-romney-vs-obama,14324,Garin-Hart-Yang (D-Priorities USA),2012-06-25,2012-07-03,Likely Voters,810,Live Phone,Sponsor,Dem,2012,virginia,Obama,46
2012-virginia-president-romney-vs-obama,14324,Garin-Hart-Yang (D-Priorities USA),2012-06-25,2012-07-03,Likely Voters,810,Live Phone,Sponsor,Dem,2012,virginia,Romney,43
2012-virginia-president-romney-vs-obama,14324,Garin-Hart-Yang (D-Priorities USA),2012-06-25,2012-07-03,Likely Voters,810,Live Phone,Sponsor,Dem,2012,virginia,Other,NA
2012-virginia-president-romney-vs-obama,14324,Garin-Hart-Yang (D-Priorities USA),2012-06-25,2012-07-03,Likely Voters,810,Live Phone,Sponsor,Dem,2012,virginia,Undecided,NA
2012-virginia-president-romney-vs-obama,14173,We Ask America,2012-06-25,2012-06-25,Likely Voters,1106,Automated Phone,Nonpartisan,None,2012,virginia,Obama,43
2012-virginia-president-romney-vs-obama,14173,We Ask America,2012-06-25,2012-06-25,Likely Voters,1106,Automated Phone,Nonpartisan,None,2012,virginia,Romney,48
2012-virginia-president-romney-vs-obama,14173,We Ask America,2012-06-25,2012-06-25,Likely Voters,1106,Automated Phone,Nonpartisan,None,2012,virginia,Other,NA
2012-virginia-president-romney-vs-obama,14173,We Ask America,2012-06-25,2012-06-25,Likely Voters,1106,Automated Phone,Nonpartisan,None,2012,virginia,Undecided,9
2012-virginia-president-romney-vs-obama,14194,ODU/Virginian-Pilot,2012-05-16,2012-06-15,Registered Voters,776,Live Phone,Nonpartisan,None,2012,virginia,Obama,49
2012-virginia-president-romney-vs-obama,14194,ODU/Virginian-Pilot,2012-05-16,2012-06-15,Registered Voters,776,Live Phone,Nonpartisan,None,2012,virginia,Romney,42
2012-virginia-president-romney-vs-obama,14194,ODU/Virginian-Pilot,2012-05-16,2012-06-15,Registered Voters,776,Live Phone,Nonpartisan,None,2012,virginia,Other,1
2012-virginia-president-romney-vs-obama,14194,ODU/Virginian-Pilot,2012-05-16,2012-06-15,Registered Voters,776,Live Phone,Nonpartisan,None,2012,virginia,Undecided,8
2012-virginia-president-romney-vs-obama,14035,Purple Strategies,2012-05-31,2012-06-05,Likely Voters,600,Automated Phone,Nonpartisan,None,2012,virginia,Obama,49
2012-virginia-president-romney-vs-obama,14035,Purple Strategies,2012-05-31,2012-06-05,Likely Voters,600,Automated Phone,Nonpartisan,None,2012,virginia,Romney,46
2012-virginia-president-romney-vs-obama,14035,Purple Strategies,2012-05-31,2012-06-05,Likely Voters,600,Automated Phone,Nonpartisan,None,2012,virginia,Other,NA
2012-virginia-president-romney-vs-obama,14035,Purple Strategies,2012-05-31,2012-06-05,Likely Voters,600,Automated Phone,Nonpartisan,None,2012,virginia,Undecided,5
2012-virginia-president-romney-vs-obama,14020,Quinnipiac,2012-05-30,2012-06-04,Registered Voters,1282,Live Phone,Nonpartisan,None,2012,virginia,Obama,47
2012-virginia-president-romney-vs-obama,14020,Quinnipiac,2012-05-30,2012-06-04,Registered Voters,1282,Live Phone,Nonpartisan,None,2012,virginia,Romney,42
2012-virginia-president-romney-vs-obama,14020,Quinnipiac,2012-05-30,2012-06-04,Registered Voters,1282,Live Phone,Nonpartisan,None,2012,virginia,Other,3
2012-virginia-president-romney-vs-obama,14020,Quinnipiac,2012-05-30,2012-06-04,Registered Voters,1282,Live Phone,Nonpartisan,None,2012,virginia,Undecided,8
2012-virginia-president-romney-vs-obama,14001,Rasmussen,2012-06-03,2012-06-03,Likely Voters,500,Automated Phone,Nonpartisan,None,2012,virginia,Obama,47
2012-virginia-president-romney-vs-obama,14001,Rasmussen,2012-06-03,2012-06-03,Likely Voters,500,Automated Phone,Nonpartisan,None,2012,virginia,Romney,47
2012-virginia-president-romney-vs-obama,14001,Rasmussen,2012-06-03,2012-06-03,Likely Voters,500,Automated Phone,Nonpartisan,None,2012,virginia,Other,3
2012-virginia-president-romney-vs-obama,14001,Rasmussen,2012-06-03,2012-06-03,Likely Voters,500,Automated Phone,Nonpartisan,None,2012,virginia,Undecided,3
2012-virginia-president-romney-vs-obama,13893,NBC/Marist,2012-05-17,2012-05-20,Registered Voters,1076,Live Phone,Nonpartisan,None,2012,virginia,Obama,48
2012-virginia-president-romney-vs-obama,13893,NBC/Marist,2012-05-17,2012-05-20,Registered Voters,1076,Live Phone,Nonpartisan,None,2012,virginia,Romney,44
2012-virginia-president-romney-vs-obama,13893,NBC/Marist,2012-05-17,2012-05-20,Registered Voters,1076,Live Phone,Nonpartisan,None,2012,virginia,Other,1
2012-virginia-president-romney-vs-obama,13893,NBC/Marist,2012-05-17,2012-05-20,Registered Voters,1076,Live Phone,Nonpartisan,None,2012,virginia,Undecided,7
2012-virginia-president-romney-vs-obama,13686,Washington Post,2012-04-28,2012-05-02,Registered Voters,964,Live Phone,Nonpartisan,None,2012,virginia,Obama,51
2012-virginia-president-romney-vs-obama,13686,Washington Post,2012-04-28,2012-05-02,Registered Voters,964,Live Phone,Nonpartisan,None,2012,virginia,Romney,44
2012-virginia-president-romney-vs-obama,13686,Washington Post,2012-04-28,2012-05-02,Registered Voters,964,Live Phone,Nonpartisan,None,2012,virginia,Other,3
2012-virginia-president-romney-vs-obama,13686,Washington Post,2012-04-28,2012-05-02,Registered Voters,964,Live Phone,Nonpartisan,None,2012,virginia,Undecided,2
2012-virginia-president-romney-vs-obama,13657,PPP (D),2012-04-26,2012-04-29,Registered Voters,680,Automated Phone,Pollster,Dem,2012,virginia,Obama,51
2012-virginia-president-romney-vs-obama,13657,PPP (D),2012-04-26,2012-04-29,Registered Voters,680,Automated Phone,Pollster,Dem,2012,virginia,Romney,43
2012-virginia-president-romney-vs-obama,13657,PPP (D),2012-04-26,2012-04-29,Registered Voters,680,Automated Phone,Pollster,Dem,2012,virginia,Other,NA
2012-virginia-president-romney-vs-obama,13657,PPP (D),2012-04-26,2012-04-29,Registered Voters,680,Automated Phone,Pollster,Dem,2012,virginia,Undecided,6
2012-virginia-president-romney-vs-obama,13612,Rasmussen,2012-04-23,2012-04-23,Likely Voters,500,Automated Phone,Nonpartisan,None,2012,virginia,Obama,44
2012-virginia-president-romney-vs-obama,13612,Rasmussen,2012-04-23,2012-04-23,Likely Voters,500,Automated Phone,Nonpartisan,None,2012,virginia,Romney,45
2012-virginia-president-romney-vs-obama,13612,Rasmussen,2012-04-23,2012-04-23,Likely Voters,500,Automated Phone,Nonpartisan,None,2012,virginia,Other,6
2012-virginia-president-romney-vs-obama,13612,Rasmussen,2012-04-23,2012-04-23,Likely Voters,500,Automated Phone,Nonpartisan,None,2012,virginia,Undecided,5
2012-virginia-president-romney-vs-obama,13620,Purple Strategies,2012-04-19,2012-04-23,Likely Voters,600,Automated Phone,Nonpartisan,None,2012,virginia,Obama,48
2012-virginia-president-romney-vs-obama,13620,Purple Strategies,2012-04-19,2012-04-23,Likely Voters,600,Automated Phone,Nonpartisan,None,2012,virginia,Romney,46
2012-virginia-president-romney-vs-obama,13620,Purple Strategies,2012-04-19,2012-04-23,Likely Voters,600,Automated Phone,Nonpartisan,None,2012,virginia,Other,NA
2012-virginia-president-romney-vs-obama,13620,Purple Strategies,2012-04-19,2012-04-23,Likely Voters,600,Automated Phone,Nonpartisan,None,2012,virginia,Undecided,6
2012-virginia-president-romney-vs-obama,13494,Roanoke College,2012-03-26,2012-04-05,Registered Voters,537,Live Phone,Nonpartisan,None,2012,virginia,Obama,40
2012-virginia-president-romney-vs-obama,13494,Roanoke College,2012-03-26,2012-04-05,Registered Voters,537,Live Phone,Nonpartisan,None,2012,virginia,Romney,46
2012-virginia-president-romney-vs-obama,13494,Roanoke College,2012-03-26,2012-04-05,Registered Voters,537,Live Phone,Nonpartisan,None,2012,virginia,Other,NA
2012-virginia-president-romney-vs-obama,13494,Roanoke College,2012-03-26,2012-04-05,Registered Voters,537,Live Phone,Nonpartisan,None,2012,virginia,Undecided,NA
2012-virginia-president-romney-vs-obama,13295,Rasmussen,2012-03-20,2012-03-20,Likely Voters,500,Automated Phone,Nonpartisan,None,2012,virginia,Obama,51
2012-virginia-president-romney-vs-obama,13295,Rasmussen,2012-03-20,2012-03-20,Likely Voters,500,Automated Phone,Nonpartisan,None,2012,virginia,Romney,42
2012-virginia-president-romney-vs-obama,13295,Rasmussen,2012-03-20,2012-03-20,Likely Voters,500,Automated Phone,Nonpartisan,None,2012,virginia,Other,4
2012-virginia-president-romney-vs-obama,13295,Rasmussen,2012-03-20,2012-03-20,Likely Voters,500,Automated Phone,Nonpartisan,None,2012,virginia,Undecided,4
2012-virginia-president-romney-vs-obama,13274,Quinnipiac,2012-03-13,2012-03-18,Registered Voters,1034,Live Phone,Nonpartisan,None,2012,virginia,Obama,50
2012-virginia-president-romney-vs-obama,13274,Quinnipiac,2012-03-13,2012-03-18,Registered Voters,1034,Live Phone,Nonpartisan,None,2012,virginia,Romney,42
2012-virginia-president-romney-vs-obama,13274,Quinnipiac,2012-03-13,2012-03-18,Registered Voters,1034,Live Phone,Nonpartisan,None,2012,virginia,Other,1
2012-virginia-president-romney-vs-obama,13274,Quinnipiac,2012-03-13,2012-03-18,Registered Voters,1034,Live Phone,Nonpartisan,None,2012,virginia,Undecided,3
2012-virginia-president-romney-vs-obama,13121,NBC/Marist,2012-02-29,2012-03-02,Registered Voters,1273,Live Phone,Nonpartisan,None,2012,virginia,Obama,52
2012-virginia-president-romney-vs-obama,13121,NBC/Marist,2012-02-29,2012-03-02,Registered Voters,1273,Live Phone,Nonpartisan,None,2012,virginia,Romney,35
2012-virginia-president-romney-vs-obama,13121,NBC/Marist,2012-02-29,2012-03-02,Registered Voters,1273,Live Phone,Nonpartisan,None,2012,virginia,Other,NA
2012-virginia-president-romney-vs-obama,13121,NBC/Marist,2012-02-29,2012-03-02,Registered Voters,1273,Live Phone,Nonpartisan,None,2012,virginia,Undecided,12
2012-virginia-president-romney-vs-obama,13080,Roanoke College,2012-02-13,2012-02-26,Adults,607,Live Phone,Nonpartisan,None,2012,virginia,Obama,42
2012-virginia-president-romney-vs-obama,13080,Roanoke College,2012-02-13,2012-02-26,Adults,607,Live Phone,Nonpartisan,None,2012,virginia,Romney,43
2012-virginia-president-romney-vs-obama,13080,Roanoke College,2012-02-13,2012-02-26,Adults,607,Live Phone,Nonpartisan,None,2012,virginia,Other,NA
2012-virginia-president-romney-vs-obama,13080,Roanoke College,2012-02-13,2012-02-26,Adults,607,Live Phone,Nonpartisan,None,2012,virginia,Undecided,16
2012-virginia-president-romney-vs-obama,13152,Rasmussen,2012-02-21,2012-02-21,Likely Voters,500,Automated Phone,Nonpartisan,None,2012,virginia,Obama,49
2012-virginia-president-romney-vs-obama,13152,Rasmussen,2012-02-21,2012-02-21,Likely Voters,500,Automated Phone,Nonpartisan,None,2012,virginia,Romney,43
2012-virginia-president-romney-vs-obama,13152,Rasmussen,2012-02-21,2012-02-21,Likely Voters,500,Automated Phone,Nonpartisan,None,2012,virginia,Other,5
2012-virginia-president-romney-vs-obama,13152,Rasmussen,2012-02-21,2012-02-21,Likely Voters,500,Automated Phone,Nonpartisan,None,2012,virginia,Undecided,3
2012-virginia-president-romney-vs-obama,13153,Christopher Newport /Times Dispatch,2012-02-04,2012-02-13,Registered Voters,1018,Live Phone,Nonpartisan,None,2012,virginia,Obama,43
2012-virginia-president-romney-vs-obama,13153,Christopher Newport /Times Dispatch,2012-02-04,2012-02-13,Registered Voters,1018,Live Phone,Nonpartisan,None,2012,virginia,Romney,46
2012-virginia-president-romney-vs-obama,13153,Christopher Newport /Times Dispatch,2012-02-04,2012-02-13,Registered Voters,1018,Live Phone,Nonpartisan,None,2012,virginia,Other,7
2012-virginia-president-romney-vs-obama,13153,Christopher Newport /Times Dispatch,2012-02-04,2012-02-13,Registered Voters,1018,Live Phone,Nonpartisan,None,2012,virginia,Undecided,4
2012-virginia-president-romney-vs-obama,12745,Quinnipiac,2012-02-01,2012-02-06,Registered Voters,1544,Live Phone,Nonpartisan,None,2012,virginia,Obama,47
2012-virginia-president-romney-vs-obama,12745,Quinnipiac,2012-02-01,2012-02-06,Registered Voters,1544,Live Phone,Nonpartisan,None,2012,virginia,Romney,43
2012-virginia-president-romney-vs-obama,12745,Quinnipiac,2012-02-01,2012-02-06,Registered Voters,1544,Live Phone,Nonpartisan,None,2012,virginia,Other,1
2012-virginia-president-romney-vs-obama,12745,Quinnipiac,2012-02-01,2012-02-06,Registered Voters,1544,Live Phone,Nonpartisan,None,2012,virginia,Undecided,8
2012-virginia-president-romney-vs-obama,12872,Mason-Dixon,2012-01-16,2012-01-18,Likely Voters,625,Live Phone,Nonpartisan,None,2012,virginia,Obama,45
2012-virginia-president-romney-vs-obama,12872,Mason-Dixon,2012-01-16,2012-01-18,Likely Voters,625,Live Phone,Nonpartisan,None,2012,virginia,Romney,44
2012-virginia-president-romney-vs-obama,12872,Mason-Dixon,2012-01-16,2012-01-18,Likely Voters,625,Live Phone,Nonpartisan,None,2012,virginia,Other,NA
2012-virginia-president-romney-vs-obama,12872,Mason-Dixon,2012-01-16,2012-01-18,Likely Voters,625,Live Phone,Nonpartisan,None,2012,virginia,Undecided,11
2012-pennsylvania-president-romney-vs-obama,16660,Gravis Marketing,2012-11-04,2012-11-04,Likely Voters,1060,Automated Phone,Nonpartisan,None,2012,pennsylvania,Obama,49
2012-pennsylvania-president-romney-vs-obama,16660,Gravis Marketing,2012-11-04,2012-11-04,Likely Voters,1060,Automated Phone,Nonpartisan,None,2012,pennsylvania,Romney,46
2012-pennsylvania-president-romney-vs-obama,16660,Gravis Marketing,2012-11-04,2012-11-04,Likely Voters,1060,Automated Phone,Nonpartisan,None,2012,pennsylvania,Other,NA
2012-pennsylvania-president-romney-vs-obama,16660,Gravis Marketing,2012-11-04,2012-11-04,Likely Voters,1060,Automated Phone,Nonpartisan,None,2012,pennsylvania,Undecided,NA
2012-pennsylvania-president-romney-vs-obama,16628,Angus-Reid,2012-11-02,2012-11-04,Likely Voters,479,Internet,Nonpartisan,None,2012,pennsylvania,Obama,51
2012-pennsylvania-president-romney-vs-obama,16628,Angus-Reid,2012-11-02,2012-11-04,Likely Voters,479,Internet,Nonpartisan,None,2012,pennsylvania,Romney,47
2012-pennsylvania-president-romney-vs-obama,16628,Angus-Reid,2012-11-02,2012-11-04,Likely Voters,479,Internet,Nonpartisan,None,2012,pennsylvania,Other,2
2012-pennsylvania-president-romney-vs-obama,16628,Angus-Reid,2012-11-02,2012-11-04,Likely Voters,479,Internet,Nonpartisan,None,2012,pennsylvania,Undecided,NA
2012-pennsylvania-president-romney-vs-obama,16529,PPP (D),2012-11-02,2012-11-03,Likely Voters,790,Automated Phone,Pollster,Dem,2012,pennsylvania,Obama,52
2012-pennsylvania-president-romney-vs-obama,16529,PPP (D),2012-11-02,2012-11-03,Likely Voters,790,Automated Phone,Pollster,Dem,2012,pennsylvania,Romney,46
2012-pennsylvania-president-romney-vs-obama,16529,PPP (D),2012-11-02,2012-11-03,Likely Voters,790,Automated Phone,Pollster,Dem,2012,pennsylvania,Other,NA
2012-pennsylvania-president-romney-vs-obama,16529,PPP (D),2012-11-02,2012-11-03,Likely Voters,790,Automated Phone,Pollster,Dem,2012,pennsylvania,Undecided,1
2012-pennsylvania-president-romney-vs-obama,16559,Muhlenberg,2012-11-01,2012-11-03,Likely Voters,430,Live Phone,Nonpartisan,None,2012,pennsylvania,Obama,49
2012-pennsylvania-president-romney-vs-obama,16559,Muhlenberg,2012-11-01,2012-11-03,Likely Voters,430,Live Phone,Nonpartisan,None,2012,pennsylvania,Romney,46
2012-pennsylvania-president-romney-vs-obama,16559,Muhlenberg,2012-11-01,2012-11-03,Likely Voters,430,Live Phone,Nonpartisan,None,2012,pennsylvania,Other,2
2012-pennsylvania-president-romney-vs-obama,16559,Muhlenberg,2012-11-01,2012-11-03,Likely Voters,430,Live Phone,Nonpartisan,None,2012,pennsylvania,Undecided,3
2012-pennsylvania-president-romney-vs-obama,16581,YouGov,2012-10-31,2012-11-03,Likely Voters,1273,Internet,Nonpartisan,None,2012,pennsylvania,Obama,52
2012-pennsylvania-president-romney-vs-obama,16581,YouGov,2012-10-31,2012-11-03,Likely Voters,1273,Internet,Nonpartisan,None,2012,pennsylvania,Romney,44
2012-pennsylvania-president-romney-vs-obama,16581,YouGov,2012-10-31,2012-11-03,Likely Voters,1273,Internet,Nonpartisan,None,2012,pennsylvania,Other,1
2012-pennsylvania-president-romney-vs-obama,16581,YouGov,2012-10-31,2012-11-03,Likely Voters,1273,Internet,Nonpartisan,None,2012,pennsylvania,Undecided,3
2012-pennsylvania-president-romney-vs-obama,16537,Susquehanna (R)/Pittsburgh Tribune-Review,2012-10-29,2012-10-31,Likely Voters,800,Automated Phone,Pollster,Rep,2012,pennsylvania,Obama,47
2012-pennsylvania-president-romney-vs-obama,16537,Susquehanna (R)/Pittsburgh Tribune-Review,2012-10-29,2012-10-31,Likely Voters,800,Automated Phone,Pollster,Rep,2012,pennsylvania,Romney,47
2012-pennsylvania-president-romney-vs-obama,16537,Susquehanna (R)/Pittsburgh Tribune-Review,2012-10-29,2012-10-31,Likely Voters,800,Automated Phone,Pollster,Rep,2012,pennsylvania,Other,NA
2012-pennsylvania-president-romney-vs-obama,16537,Susquehanna (R)/Pittsburgh Tribune-Review,2012-10-29,2012-10-31,Likely Voters,800,Automated Phone,Pollster,Rep,2012,pennsylvania,Undecided,NA
2012-pennsylvania-president-romney-vs-obama,16604,Pulse Opinion Research/Let Freedom Ring (R),2012-10-30,2012-10-30,Likely Voters,1000,Automated Phone,Sponsor,Rep,2012,pennsylvania,Obama,49
2012-pennsylvania-president-romney-vs-obama,16604,Pulse Opinion Research/Let Freedom Ring (R),2012-10-30,2012-10-30,Likely Voters,1000,Automated Phone,Sponsor,Rep,2012,pennsylvania,Romney,46
2012-pennsylvania-president-romney-vs-obama,16604,Pulse Opinion Research/Let Freedom Ring (R),2012-10-30,2012-10-30,Likely Voters,1000,Automated Phone,Sponsor,Rep,2012,pennsylvania,Other,2
2012-pennsylvania-president-romney-vs-obama,16604,Pulse Opinion Research/Let Freedom Ring (R),2012-10-30,2012-10-30,Likely Voters,1000,Automated Phone,Sponsor,Rep,2012,pennsylvania,Undecided,3
2012-pennsylvania-president-romney-vs-obama,16348,Franklin and Marshall College,2012-10-23,2012-10-28,Likely Voters,547,Live Phone,Nonpartisan,None,2012,pennsylvania,Obama,49
2012-pennsylvania-president-romney-vs-obama,16348,Franklin and Marshall College,2012-10-23,2012-10-28,Likely Voters,547,Live Phone,Nonpartisan,None,2012,pennsylvania,Romney,45
2012-pennsylvania-president-romney-vs-obama,16348,Franklin and Marshall College,2012-10-23,2012-10-28,Likely Voters,547,Live Phone,Nonpartisan,None,2012,pennsylvania,Other,2
2012-pennsylvania-president-romney-vs-obama,16348,Franklin and Marshall College,2012-10-23,2012-10-28,Likely Voters,547,Live Phone,Nonpartisan,None,2012,pennsylvania,Undecided,4
2012-pennsylvania-president-romney-vs-obama,16212,Philadelphia Inquirer/National Research (R)/GSG (D),2012-10-23,2012-10-25,Likely Voters,600,Live Phone,Nonpartisan,None,2012,pennsylvania,Obama,49
2012-pennsylvania-president-romney-vs-obama,16212,Philadelphia Inquirer/National Research (R)/GSG (D),2012-10-23,2012-10-25,Likely Voters,600,Live Phone,Nonpartisan,None,2012,pennsylvania,Romney,43
2012-pennsylvania-president-romney-vs-obama,16212,Philadelphia Inquirer/National Research (R)/GSG (D),2012-10-23,2012-10-25,Likely Voters,600,Live Phone,Nonpartisan,None,2012,pennsylvania,Other,NA
2012-pennsylvania-president-romney-vs-obama,16212,Philadelphia Inquirer/National Research (R)/GSG (D),2012-10-23,2012-10-25,Likely Voters,600,Live Phone,Nonpartisan,None,2012,pennsylvania,Undecided,7
2012-pennsylvania-president-romney-vs-obama,16155,Rasmussen,2012-10-24,2012-10-24,Likely Voters,500,Automated Phone,Nonpartisan,None,2012,pennsylvania,Obama,51
2012-pennsylvania-president-romney-vs-obama,16155,Rasmussen,2012-10-24,2012-10-24,Likely Voters,500,Automated Phone,Nonpartisan,None,2012,pennsylvania,Romney,46
2012-pennsylvania-president-romney-vs-obama,16155,Rasmussen,2012-10-24,2012-10-24,Likely Voters,500,Automated Phone,Nonpartisan,None,2012,pennsylvania,Other,1
2012-pennsylvania-president-romney-vs-obama,16155,Rasmussen,2012-10-24,2012-10-24,Likely Voters,500,Automated Phone,Nonpartisan,None,2012,pennsylvania,Undecided,2
2012-pennsylvania-president-romney-vs-obama,16045,Gravis Marketing,2012-10-21,2012-10-21,Likely Voters,887,Automated Phone,Nonpartisan,None,2012,pennsylvania,Obama,48
2012-pennsylvania-president-romney-vs-obama,16045,Gravis Marketing,2012-10-21,2012-10-21,Likely Voters,887,Automated Phone,Nonpartisan,None,2012,pennsylvania,Romney,45
2012-pennsylvania-president-romney-vs-obama,16045,Gravis Marketing,2012-10-21,2012-10-21,Likely Voters,887,Automated Phone,Nonpartisan,None,2012,pennsylvania,Other,NA
2012-pennsylvania-president-romney-vs-obama,16045,Gravis Marketing,2012-10-21,2012-10-21,Likely Voters,887,Automated Phone,Nonpartisan,None,2012,pennsylvania,Undecided,6
2012-pennsylvania-president-romney-vs-obama,16252,Pharos Research Group,2012-10-19,2012-10-21,Likely Voters,760,Live Phone,Nonpartisan,None,2012,pennsylvania,Obama,49
2012-pennsylvania-president-romney-vs-obama,16252,Pharos Research Group,2012-10-19,2012-10-21,Likely Voters,760,Live Phone,Nonpartisan,None,2012,pennsylvania,Romney,46
2012-pennsylvania-president-romney-vs-obama,16252,Pharos Research Group,2012-10-19,2012-10-21,Likely Voters,760,Live Phone,Nonpartisan,None,2012,pennsylvania,Other,NA
2012-pennsylvania-president-romney-vs-obama,16252,Pharos Research Group,2012-10-19,2012-10-21,Likely Voters,760,Live Phone,Nonpartisan,None,2012,pennsylvania,Undecided,NA
2012-pennsylvania-president-romney-vs-obama,16015,Muhlenberg,2012-10-17,2012-10-21,Likely Voters,444,Live Phone,Nonpartisan,None,2012,pennsylvania,Obama,50
2012-pennsylvania-president-romney-vs-obama,16015,Muhlenberg,2012-10-17,2012-10-21,Likely Voters,444,Live Phone,Nonpartisan,None,2012,pennsylvania,Romney,45
2012-pennsylvania-president-romney-vs-obama,16015,Muhlenberg,2012-10-17,2012-10-21,Likely Voters,444,Live Phone,Nonpartisan,None,2012,pennsylvania,Other,2
2012-pennsylvania-president-romney-vs-obama,16015,Muhlenberg,2012-10-17,2012-10-21,Likely Voters,444,Live Phone,Nonpartisan,None,2012,pennsylvania,Undecided,3
2012-pennsylvania-president-romney-vs-obama,16018,Angus-Reid,2012-10-18,2012-10-20,Likely Voters,511,Internet,Nonpartisan,None,2012,pennsylvania,Obama,52
2012-pennsylvania-president-romney-vs-obama,16018,Angus-Reid,2012-10-18,2012-10-20,Likely Voters,511,Internet,Nonpartisan,None,2012,pennsylvania,Romney,42
2012-pennsylvania-president-romney-vs-obama,16018,Angus-Reid,2012-10-18,2012-10-20,Likely Voters,511,Internet,Nonpartisan,None,2012,pennsylvania,Other,6
2012-pennsylvania-president-romney-vs-obama,16018,Angus-Reid,2012-10-18,2012-10-20,Likely Voters,511,Internet,Nonpartisan,None,2012,pennsylvania,Undecided,NA
2012-pennsylvania-president-romney-vs-obama,16029,Pulse Opinion Research/Let Freedom Ring (R),2012-10-15,2012-10-15,Likely Voters,1000,Automated Phone,Sponsor,Rep,2012,pennsylvania,Obama,48
2012-pennsylvania-president-romney-vs-obama,16029,Pulse Opinion Research/Let Freedom Ring (R),2012-10-15,2012-10-15,Likely Voters,1000,Automated Phone,Sponsor,Rep,2012,pennsylvania,Romney,44
2012-pennsylvania-president-romney-vs-obama,16029,Pulse Opinion Research/Let Freedom Ring (R),2012-10-15,2012-10-15,Likely Voters,1000,Automated Phone,Sponsor,Rep,2012,pennsylvania,Other,3
2012-pennsylvania-president-romney-vs-obama,16029,Pulse Opinion Research/Let Freedom Ring (R),2012-10-15,2012-10-15,Likely Voters,1000,Automated Phone,Sponsor,Rep,2012,pennsylvania,Undecided,5
2012-pennsylvania-president-romney-vs-obama,15818,Quinnipiac,2012-10-12,2012-10-14,Likely Voters,1519,Live Phone,Nonpartisan,None,2012,pennsylvania,Obama,50
2012-pennsylvania-president-romney-vs-obama,15818,Quinnipiac,2012-10-12,2012-10-14,Likely Voters,1519,Live Phone,Nonpartisan,None,2012,pennsylvania,Romney,46
2012-pennsylvania-president-romney-vs-obama,15818,Quinnipiac,2012-10-12,2012-10-14,Likely Voters,1519,Live Phone,Nonpartisan,None,2012,pennsylvania,Other,1
2012-pennsylvania-president-romney-vs-obama,15818,Quinnipiac,2012-10-12,2012-10-14,Likely Voters,1519,Live Phone,Nonpartisan,None,2012,pennsylvania,Undecided,3
2012-pennsylvania-president-romney-vs-obama,15801,PPP (D),2012-10-12,2012-10-14,Likely Voters,500,Automated Phone,Pollster,Dem,2012,pennsylvania,Obama,51
2012-pennsylvania-president-romney-vs-obama,15801,PPP (D),2012-10-12,2012-10-14,Likely Voters,500,Automated Phone,Pollster,Dem,2012,pennsylvania,Romney,44
2012-pennsylvania-president-romney-vs-obama,15801,PPP (D),2012-10-12,2012-10-14,Likely Voters,500,Automated Phone,Pollster,Dem,2012,pennsylvania,Other,NA
2012-pennsylvania-president-romney-vs-obama,15801,PPP (D),2012-10-12,2012-10-14,Likely Voters,500,Automated Phone,Pollster,Dem,2012,pennsylvania,Undecided,6
2012-pennsylvania-president-romney-vs-obama,15800,Muhlenberg,2012-10-10,2012-10-14,Likely Voters,438,Live Phone,Nonpartisan,None,2012,pennsylvania,Obama,49
2012-pennsylvania-president-romney-vs-obama,15800,Muhlenberg,2012-10-10,2012-10-14,Likely Voters,438,Live Phone,Nonpartisan,None,2012,pennsylvania,Romney,45
2012-pennsylvania-president-romney-vs-obama,15800,Muhlenberg,2012-10-10,2012-10-14,Likely Voters,438,Live Phone,Nonpartisan,None,2012,pennsylvania,Other,3
2012-pennsylvania-president-romney-vs-obama,15800,Muhlenberg,2012-10-10,2012-10-14,Likely Voters,438,Live Phone,Nonpartisan,None,2012,pennsylvania,Undecided,3
2012-pennsylvania-president-romney-vs-obama,15940,Susquehanna (R - Republican State Committee of Pennsylvania),2012-10-11,2012-10-13,Likely Voters,1376,Automated Phone,Sponsor,Rep,2012,pennsylvania,Obama,45
2012-pennsylvania-president-romney-vs-obama,15940,Susquehanna (R - Republican State Committee of Pennsylvania),2012-10-11,2012-10-13,Likely Voters,1376,Automated Phone,Sponsor,Rep,2012,pennsylvania,Romney,49
2012-pennsylvania-president-romney-vs-obama,15940,Susquehanna (R - Republican State Committee of Pennsylvania),2012-10-11,2012-10-13,Likely Voters,1376,Automated Phone,Sponsor,Rep,2012,pennsylvania,Other,3
2012-pennsylvania-president-romney-vs-obama,15940,Susquehanna (R - Republican State Committee of Pennsylvania),2012-10-11,2012-10-13,Likely Voters,1376,Automated Phone,Sponsor,Rep,2012,pennsylvania,Undecided,2
2012-pennsylvania-president-romney-vs-obama,15858,YouGov,2012-10-04,2012-10-11,Likely Voters,966,Internet,Nonpartisan,None,2012,pennsylvania,Obama,51
2012-pennsylvania-president-romney-vs-obama,15858,YouGov,2012-10-04,2012-10-11,Likely Voters,966,Internet,Nonpartisan,None,2012,pennsylvania,Romney,44
2012-pennsylvania-president-romney-vs-obama,15858,YouGov,2012-10-04,2012-10-11,Likely Voters,966,Internet,Nonpartisan,None,2012,pennsylvania,Other,1
2012-pennsylvania-president-romney-vs-obama,15858,YouGov,2012-10-04,2012-10-11,Likely Voters,966,Internet,Nonpartisan,None,2012,pennsylvania,Undecided,4
2012-pennsylvania-president-romney-vs-obama,15654,Rasmussen,2012-10-09,2012-10-09,Likely Voters,500,Automated Phone,Nonpartisan,None,2012,pennsylvania,Obama,51
2012-pennsylvania-president-romney-vs-obama,15654,Rasmussen,2012-10-09,2012-10-09,Likely Voters,500,Automated Phone,Nonpartisan,None,2012,pennsylvania,Romney,46
2012-pennsylvania-president-romney-vs-obama,15654,Rasmussen,2012-10-09,2012-10-09,Likely Voters,500,Automated Phone,Nonpartisan,None,2012,pennsylvania,Other,1
2012-pennsylvania-president-romney-vs-obama,15654,Rasmussen,2012-10-09,2012-10-09,Likely Voters,500,Automated Phone,Nonpartisan,None,2012,pennsylvania,Undecided,1
2012-pennsylvania-president-romney-vs-obama,15703,Pulse Opinion Research/Let Freedom Ring (R),2012-10-08,2012-10-08,Likely Voters,1000,Automated Phone,Sponsor,Rep,2012,pennsylvania,Obama,47
2012-pennsylvania-president-romney-vs-obama,15703,Pulse Opinion Research/Let Freedom Ring (R),2012-10-08,2012-10-08,Likely Voters,1000,Automated Phone,Sponsor,Rep,2012,pennsylvania,Romney,45
2012-pennsylvania-president-romney-vs-obama,15703,Pulse Opinion Research/Let Freedom Ring (R),2012-10-08,2012-10-08,Likely Voters,1000,Automated Phone,Sponsor,Rep,2012,pennsylvania,Other,NA
2012-pennsylvania-president-romney-vs-obama,15703,Pulse Opinion Research/Let Freedom Ring (R),2012-10-08,2012-10-08,Likely Voters,1000,Automated Phone,Sponsor,Rep,2012,pennsylvania,Undecided,NA
2012-pennsylvania-president-romney-vs-obama,15692,Philadelphia Inquirer/National Research (R)/GSG (D),2012-10-04,2012-10-08,Likely Voters,600,Live Phone,Nonpartisan,None,2012,pennsylvania,Obama,50
2012-pennsylvania-president-romney-vs-obama,15692,Philadelphia Inquirer/National Research (R)/GSG (D),2012-10-04,2012-10-08,Likely Voters,600,Live Phone,Nonpartisan,None,2012,pennsylvania,Romney,42
2012-pennsylvania-president-romney-vs-obama,15692,Philadelphia Inquirer/National Research (R)/GSG (D),2012-10-04,2012-10-08,Likely Voters,600,Live Phone,Nonpartisan,None,2012,pennsylvania,Other,NA
2012-pennsylvania-president-romney-vs-obama,15692,Philadelphia Inquirer/National Research (R)/GSG (D),2012-10-04,2012-10-08,Likely Voters,600,Live Phone,Nonpartisan,None,2012,pennsylvania,Undecided,8
2012-pennsylvania-president-romney-vs-obama,15599,Susquehanna (R),2012-10-04,2012-10-06,Likely Voters,725,Live Phone,Pollster,Rep,2012,pennsylvania,Obama,47
2012-pennsylvania-president-romney-vs-obama,15599,Susquehanna (R),2012-10-04,2012-10-06,Likely Voters,725,Live Phone,Pollster,Rep,2012,pennsylvania,Romney,45
2012-pennsylvania-president-romney-vs-obama,15599,Susquehanna (R),2012-10-04,2012-10-06,Likely Voters,725,Live Phone,Pollster,Rep,2012,pennsylvania,Other,3
2012-pennsylvania-president-romney-vs-obama,15599,Susquehanna (R),2012-10-04,2012-10-06,Likely Voters,725,Live Phone,Pollster,Rep,2012,pennsylvania,Undecided,4
2012-pennsylvania-president-romney-vs-obama,15617,Siena,2012-10-01,2012-10-05,Likely Voters,545,Live Phone,Nonpartisan,None,2012,pennsylvania,Obama,43
2012-pennsylvania-president-romney-vs-obama,15617,Siena,2012-10-01,2012-10-05,Likely Voters,545,Live Phone,Nonpartisan,None,2012,pennsylvania,Romney,40
2012-pennsylvania-president-romney-vs-obama,15617,Siena,2012-10-01,2012-10-05,Likely Voters,545,Live Phone,Nonpartisan,None,2012,pennsylvania,Other,NA
2012-pennsylvania-president-romney-vs-obama,15617,Siena,2012-10-01,2012-10-05,Likely Voters,545,Live Phone,Nonpartisan,None,2012,pennsylvania,Undecided,12
2012-pennsylvania-president-romney-vs-obama,15384,Muhlenberg,2012-09-22,2012-09-26,Likely Voters,427,Live Phone,Nonpartisan,None,2012,pennsylvania,Obama,49
2012-pennsylvania-president-romney-vs-obama,15384,Muhlenberg,2012-09-22,2012-09-26,Likely Voters,427,Live Phone,Nonpartisan,None,2012,pennsylvania,Romney,42
2012-pennsylvania-president-romney-vs-obama,15384,Muhlenberg,2012-09-22,2012-09-26,Likely Voters,427,Live Phone,Nonpartisan,None,2012,pennsylvania,Other,4
2012-pennsylvania-president-romney-vs-obama,15384,Muhlenberg,2012-09-22,2012-09-26,Likely Voters,427,Live Phone,Nonpartisan,None,2012,pennsylvania,Undecided,5
2012-pennsylvania-president-romney-vs-obama,15315,Quinnipiac/NYT/CBS,2012-09-18,2012-09-24,Likely Voters,1180,Live Phone,Nonpartisan,None,2012,pennsylvania,Obama,54
2012-pennsylvania-president-romney-vs-obama,15315,Quinnipiac/NYT/CBS,2012-09-18,2012-09-24,Likely Voters,1180,Live Phone,Nonpartisan,None,2012,pennsylvania,Romney,42
2012-pennsylvania-president-romney-vs-obama,15315,Quinnipiac/NYT/CBS,2012-09-18,2012-09-24,Likely Voters,1180,Live Phone,Nonpartisan,None,2012,pennsylvania,Other,1
2012-pennsylvania-president-romney-vs-obama,15315,Quinnipiac/NYT/CBS,2012-09-18,2012-09-24,Likely Voters,1180,Live Phone,Nonpartisan,None,2012,pennsylvania,Undecided,2
2012-pennsylvania-president-romney-vs-obama,15323,Franklin and Marshall College,2012-09-18,2012-09-23,Likely Voters,392,Live Phone,Nonpartisan,None,2012,pennsylvania,Obama,52
2012-pennsylvania-president-romney-vs-obama,15323,Franklin and Marshall College,2012-09-18,2012-09-23,Likely Voters,392,Live Phone,Nonpartisan,None,2012,pennsylvania,Romney,43
2012-pennsylvania-president-romney-vs-obama,15323,Franklin and Marshall College,2012-09-18,2012-09-23,Likely Voters,392,Live Phone,Nonpartisan,None,2012,pennsylvania,Other,NA
2012-pennsylvania-president-romney-vs-obama,15323,Franklin and Marshall College,2012-09-18,2012-09-23,Likely Voters,392,Live Phone,Nonpartisan,None,2012,pennsylvania,Undecided,3
2012-pennsylvania-president-romney-vs-obama,15276,Susquehanna (R)/Tribune-Review,2012-09-18,2012-09-20,Likely Voters,800,Live Phone,Pollster,Rep,2012,pennsylvania,Obama,47
2012-pennsylvania-president-romney-vs-obama,15276,Susquehanna (R)/Tribune-Review,2012-09-18,2012-09-20,Likely Voters,800,Live Phone,Pollster,Rep,2012,pennsylvania,Romney,45
2012-pennsylvania-president-romney-vs-obama,15276,Susquehanna (R)/Tribune-Review,2012-09-18,2012-09-20,Likely Voters,800,Live Phone,Pollster,Rep,2012,pennsylvania,Other,NA
2012-pennsylvania-president-romney-vs-obama,15276,Susquehanna (R)/Tribune-Review,2012-09-18,2012-09-20,Likely Voters,800,Live Phone,Pollster,Rep,2012,pennsylvania,Undecided,6
2012-pennsylvania-president-romney-vs-obama,15264,Mercyhurst University,2012-09-12,2012-09-20,Likely Voters,522,Live Phone,Nonpartisan,None,2012,pennsylvania,Obama,48
2012-pennsylvania-president-romney-vs-obama,15264,Mercyhurst University,2012-09-12,2012-09-20,Likely Voters,522,Live Phone,Nonpartisan,None,2012,pennsylvania,Romney,40
2012-pennsylvania-president-romney-vs-obama,15264,Mercyhurst University,2012-09-12,2012-09-20,Likely Voters,522,Live Phone,Nonpartisan,None,2012,pennsylvania,Other,5
2012-pennsylvania-president-romney-vs-obama,15264,Mercyhurst University,2012-09-12,2012-09-20,Likely Voters,522,Live Phone,Nonpartisan,None,2012,pennsylvania,Undecided,6
2012-pennsylvania-president-romney-vs-obama,15232,Rasmussen,2012-09-19,2012-09-19,Likely Voters,500,Automated Phone,Nonpartisan,None,2012,pennsylvania,Obama,51
2012-pennsylvania-president-romney-vs-obama,15232,Rasmussen,2012-09-19,2012-09-19,Likely Voters,500,Automated Phone,Nonpartisan,None,2012,pennsylvania,Romney,39
2012-pennsylvania-president-romney-vs-obama,15232,Rasmussen,2012-09-19,2012-09-19,Likely Voters,500,Automated Phone,Nonpartisan,None,2012,pennsylvania,Other,3
2012-pennsylvania-president-romney-vs-obama,15232,Rasmussen,2012-09-19,2012-09-19,Likely Voters,500,Automated Phone,Nonpartisan,None,2012,pennsylvania,Undecided,7
2012-pennsylvania-president-romney-vs-obama,15157,We Ask America,2012-09-18,2012-09-18,Likely Voters,1214,Automated Phone,Nonpartisan,None,2012,pennsylvania,Obama,48
2012-pennsylvania-president-romney-vs-obama,15157,We Ask America,2012-09-18,2012-09-18,Likely Voters,1214,Automated Phone,Nonpartisan,None,2012,pennsylvania,Romney,42
2012-pennsylvania-president-romney-vs-obama,15157,We Ask America,2012-09-18,2012-09-18,Likely Voters,1214,Automated Phone,Nonpartisan,None,2012,pennsylvania,Other,1
2012-pennsylvania-president-romney-vs-obama,15157,We Ask America,2012-09-18,2012-09-18,Likely Voters,1214,Automated Phone,Nonpartisan,None,2012,pennsylvania,Undecided,9
2012-pennsylvania-president-romney-vs-obama,15398,PPP (D)/NRDC,2012-09-17,2012-09-18,Likely Voters,2051,Automated Phone,Pollster,Dem,2012,pennsylvania,Obama,52
2012-pennsylvania-president-romney-vs-obama,15398,PPP (D)/NRDC,2012-09-17,2012-09-18,Likely Voters,2051,Automated Phone,Pollster,Dem,2012,pennsylvania,Romney,40
2012-pennsylvania-president-romney-vs-obama,15398,PPP (D)/NRDC,2012-09-17,2012-09-18,Likely Voters,2051,Automated Phone,Pollster,Dem,2012,pennsylvania,Other,NA
2012-pennsylvania-president-romney-vs-obama,15398,PPP (D)/NRDC,2012-09-17,2012-09-18,Likely Voters,2051,Automated Phone,Pollster,Dem,2012,pennsylvania,Undecided,8
2012-pennsylvania-president-romney-vs-obama,15203,Susquehanna (R-Republican State Committee of Pennsylvania),2012-09-15,2012-09-17,Likely Voters,800,Live Phone,Pollster,Rep,2012,pennsylvania,Obama,48
2012-pennsylvania-president-romney-vs-obama,15203,Susquehanna (R-Republican State Committee of Pennsylvania),2012-09-15,2012-09-17,Likely Voters,800,Live Phone,Pollster,Rep,2012,pennsylvania,Romney,47
2012-pennsylvania-president-romney-vs-obama,15203,Susquehanna (R-Republican State Committee of Pennsylvania),2012-09-15,2012-09-17,Likely Voters,800,Live Phone,Pollster,Rep,2012,pennsylvania,Other,1
2012-pennsylvania-president-romney-vs-obama,15203,Susquehanna (R-Republican State Committee of Pennsylvania),2012-09-15,2012-09-17,Likely Voters,800,Live Phone,Pollster,Rep,2012,pennsylvania,Undecided,3
2012-pennsylvania-president-romney-vs-obama,15114,Muhlenberg,2012-09-10,2012-09-16,Likely Voters,640,Live Phone,Nonpartisan,None,2012,pennsylvania,Obama,50
2012-pennsylvania-president-romney-vs-obama,15114,Muhlenberg,2012-09-10,2012-09-16,Likely Voters,640,Live Phone,Nonpartisan,None,2012,pennsylvania,Romney,41
2012-pennsylvania-president-romney-vs-obama,15114,Muhlenberg,2012-09-10,2012-09-16,Likely Voters,640,Live Phone,Nonpartisan,None,2012,pennsylvania,Other,5
2012-pennsylvania-president-romney-vs-obama,15114,Muhlenberg,2012-09-10,2012-09-16,Likely Voters,640,Live Phone,Nonpartisan,None,2012,pennsylvania,Undecided,4
2012-pennsylvania-president-romney-vs-obama,15180,YouGov,2012-09-07,2012-09-14,Likely Voters,1139,Internet,Nonpartisan,None,2012,pennsylvania,Obama,52
2012-pennsylvania-president-romney-vs-obama,15180,YouGov,2012-09-07,2012-09-14,Likely Voters,1139,Internet,Nonpartisan,None,2012,pennsylvania,Romney,43
2012-pennsylvania-president-romney-vs-obama,15180,YouGov,2012-09-07,2012-09-14,Likely Voters,1139,Internet,Nonpartisan,None,2012,pennsylvania,Other,2
2012-pennsylvania-president-romney-vs-obama,15180,YouGov,2012-09-07,2012-09-14,Likely Voters,1139,Internet,Nonpartisan,None,2012,pennsylvania,Undecided,2
2012-pennsylvania-president-romney-vs-obama,15076,Philadelphia Inquirer/National Research (R)/GSG (D),2012-09-09,2012-09-12,Likely Voters,600,Live Phone,Nonpartisan,None,2012,pennsylvania,Obama,50
2012-pennsylvania-president-romney-vs-obama,15076,Philadelphia Inquirer/National Research (R)/GSG (D),2012-09-09,2012-09-12,Likely Voters,600,Live Phone,Nonpartisan,None,2012,pennsylvania,Romney,39
2012-pennsylvania-president-romney-vs-obama,15076,Philadelphia Inquirer/National Research (R)/GSG (D),2012-09-09,2012-09-12,Likely Voters,600,Live Phone,Nonpartisan,None,2012,pennsylvania,Other,NA
2012-pennsylvania-president-romney-vs-obama,15076,Philadelphia Inquirer/National Research (R)/GSG (D),2012-09-09,2012-09-12,Likely Voters,600,Live Phone,Nonpartisan,None,2012,pennsylvania,Undecided,11
2012-pennsylvania-president-romney-vs-obama,14787,Philadelphia Inquirer,2012-08-21,2012-08-23,Likely Voters,601,Live Phone,Nonpartisan,None,2012,pennsylvania,Obama,51
2012-pennsylvania-president-romney-vs-obama,14787,Philadelphia Inquirer,2012-08-21,2012-08-23,Likely Voters,601,Live Phone,Nonpartisan,None,2012,pennsylvania,Romney,42
2012-pennsylvania-president-romney-vs-obama,14787,Philadelphia Inquirer,2012-08-21,2012-08-23,Likely Voters,601,Live Phone,Nonpartisan,None,2012,pennsylvania,Other,NA
2012-pennsylvania-president-romney-vs-obama,14787,Philadelphia Inquirer,2012-08-21,2012-08-23,Likely Voters,601,Live Phone,Nonpartisan,None,2012,pennsylvania,Undecided,7
2012-pennsylvania-president-romney-vs-obama,14748,Muhlenberg,2012-08-20,2012-08-22,Likely Voters,422,Live Phone,Nonpartisan,None,2012,pennsylvania,Obama,49
2012-pennsylvania-president-romney-vs-obama,14748,Muhlenberg,2012-08-20,2012-08-22,Likely Voters,422,Live Phone,Nonpartisan,None,2012,pennsylvania,Romney,40
2012-pennsylvania-president-romney-vs-obama,14748,Muhlenberg,2012-08-20,2012-08-22,Likely Voters,422,Live Phone,Nonpartisan,None,2012,pennsylvania,Other,NA
2012-pennsylvania-president-romney-vs-obama,14748,Muhlenberg,2012-08-20,2012-08-22,Likely Voters,422,Live Phone,Nonpartisan,None,2012,pennsylvania,Undecided,NA
2012-pennsylvania-president-romney-vs-obama,14673,Franklin and Marshall College,2012-08-07,2012-08-12,Registered Voters,681,Live Phone,Nonpartisan,None,2012,pennsylvania,Obama,47
2012-pennsylvania-president-romney-vs-obama,14673,Franklin and Marshall College,2012-08-07,2012-08-12,Registered Voters,681,Live Phone,Nonpartisan,None,2012,pennsylvania,Romney,42
2012-pennsylvania-president-romney-vs-obama,14673,Franklin and Marshall College,2012-08-07,2012-08-12,Registered Voters,681,Live Phone,Nonpartisan,None,2012,pennsylvania,Other,NA
2012-pennsylvania-president-romney-vs-obama,14673,Franklin and Marshall College,2012-08-07,2012-08-12,Registered Voters,681,Live Phone,Nonpartisan,None,2012,pennsylvania,Undecided,7
2012-pennsylvania-president-romney-vs-obama,14521,Quinnipiac/NYT/CBS,2012-07-24,2012-07-30,Likely Voters,1168,Live Phone,Nonpartisan,None,2012,pennsylvania,Obama,53
2012-pennsylvania-president-romney-vs-obama,14521,Quinnipiac/NYT/CBS,2012-07-24,2012-07-30,Likely Voters,1168,Live Phone,Nonpartisan,None,2012,pennsylvania,Romney,42
2012-pennsylvania-president-romney-vs-obama,14521,Quinnipiac/NYT/CBS,2012-07-24,2012-07-30,Likely Voters,1168,Live Phone,Nonpartisan,None,2012,pennsylvania,Other,1
2012-pennsylvania-president-romney-vs-obama,14521,Quinnipiac/NYT/CBS,2012-07-24,2012-07-30,Likely Voters,1168,Live Phone,Nonpartisan,None,2012,pennsylvania,Undecided,4
2012-pennsylvania-president-romney-vs-obama,14444,PPP (D),2012-07-21,2012-07-23,Likely Voters,758,Automated Phone,Pollster,Dem,2012,pennsylvania,Obama,49
2012-pennsylvania-president-romney-vs-obama,14444,PPP (D),2012-07-21,2012-07-23,Likely Voters,758,Automated Phone,Pollster,Dem,2012,pennsylvania,Romney,43
2012-pennsylvania-president-romney-vs-obama,14444,PPP (D),2012-07-21,2012-07-23,Likely Voters,758,Automated Phone,Pollster,Dem,2012,pennsylvania,Other,NA
2012-pennsylvania-president-romney-vs-obama,14444,PPP (D),2012-07-21,2012-07-23,Likely Voters,758,Automated Phone,Pollster,Dem,2012,pennsylvania,Undecided,8
2012-pennsylvania-president-romney-vs-obama,14494,Susquehanna (R),2012-07-19,2012-07-23,Likely Voters,800,Automated Phone,Pollster,Rep,2012,pennsylvania,Obama,46
2012-pennsylvania-president-romney-vs-obama,14494,Susquehanna (R),2012-07-19,2012-07-23,Likely Voters,800,Automated Phone,Pollster,Rep,2012,pennsylvania,Romney,43
2012-pennsylvania-president-romney-vs-obama,14494,Susquehanna (R),2012-07-19,2012-07-23,Likely Voters,800,Automated Phone,Pollster,Rep,2012,pennsylvania,Other,NA
2012-pennsylvania-president-romney-vs-obama,14494,Susquehanna (R),2012-07-19,2012-07-23,Likely Voters,800,Automated Phone,Pollster,Rep,2012,pennsylvania,Undecided,NA
2012-pennsylvania-president-romney-vs-obama,14401,Rasmussen,2012-07-18,2012-07-18,Likely Voters,500,Automated Phone,Nonpartisan,None,2012,pennsylvania,Obama,48
2012-pennsylvania-president-romney-vs-obama,14401,Rasmussen,2012-07-18,2012-07-18,Likely Voters,500,Automated Phone,Nonpartisan,None,2012,pennsylvania,Romney,44
2012-pennsylvania-president-romney-vs-obama,14401,Rasmussen,2012-07-18,2012-07-18,Likely Voters,500,Automated Phone,Nonpartisan,None,2012,pennsylvania,Other,4
2012-pennsylvania-president-romney-vs-obama,14401,Rasmussen,2012-07-18,2012-07-18,Likely Voters,500,Automated Phone,Nonpartisan,None,2012,pennsylvania,Undecided,5
2012-pennsylvania-president-romney-vs-obama,14295,We Ask America,2012-07-09,2012-07-10,Likely Voters,1227,Automated Phone,Nonpartisan,None,2012,pennsylvania,Obama,47
2012-pennsylvania-president-romney-vs-obama,14295,We Ask America,2012-07-09,2012-07-10,Likely Voters,1227,Automated Phone,Nonpartisan,None,2012,pennsylvania,Romney,40
2012-pennsylvania-president-romney-vs-obama,14295,We Ask America,2012-07-09,2012-07-10,Likely Voters,1227,Automated Phone,Nonpartisan,None,2012,pennsylvania,Other,NA
2012-pennsylvania-president-romney-vs-obama,14295,We Ask America,2012-07-09,2012-07-10,Likely Voters,1227,Automated Phone,Nonpartisan,None,2012,pennsylvania,Undecided,13
2012-pennsylvania-president-romney-vs-obama,14323,Garin-Hart-Yang (D-Priorities USA),2012-06-25,2012-07-03,Likely Voters,816,Live Phone,Sponsor,Dem,2012,pennsylvania,Obama,49
2012-pennsylvania-president-romney-vs-obama,14323,Garin-Hart-Yang (D-Priorities USA),2012-06-25,2012-07-03,Likely Voters,816,Live Phone,Sponsor,Dem,2012,pennsylvania,Romney,40
2012-pennsylvania-president-romney-vs-obama,14323,Garin-Hart-Yang (D-Priorities USA),2012-06-25,2012-07-03,Likely Voters,816,Live Phone,Sponsor,Dem,2012,pennsylvania,Other,NA
2012-pennsylvania-president-romney-vs-obama,14323,Garin-Hart-Yang (D-Priorities USA),2012-06-25,2012-07-03,Likely Voters,816,Live Phone,Sponsor,Dem,2012,pennsylvania,Undecided,NA
2012-pennsylvania-president-romney-vs-obama,14189,Quinnipiac,2012-06-19,2012-06-25,Registered Voters,1252,Live Phone,Nonpartisan,None,2012,pennsylvania,Obama,45
2012-pennsylvania-president-romney-vs-obama,14189,Quinnipiac,2012-06-19,2012-06-25,Registered Voters,1252,Live Phone,Nonpartisan,None,2012,pennsylvania,Romney,39
2012-pennsylvania-president-romney-vs-obama,14189,Quinnipiac,2012-06-19,2012-06-25,Registered Voters,1252,Live Phone,Nonpartisan,None,2012,pennsylvania,Other,4
2012-pennsylvania-president-romney-vs-obama,14189,Quinnipiac,2012-06-19,2012-06-25,Registered Voters,1252,Live Phone,Nonpartisan,None,2012,pennsylvania,Undecided,13
2012-pennsylvania-president-romney-vs-obama,14067,Quinnipiac,2012-06-05,2012-06-10,Registered Voters,997,Live Phone,Nonpartisan,None,2012,pennsylvania,Obama,46
2012-pennsylvania-president-romney-vs-obama,14067,Quinnipiac,2012-06-05,2012-06-10,Registered Voters,997,Live Phone,Nonpartisan,None,2012,pennsylvania,Romney,40
2012-pennsylvania-president-romney-vs-obama,14067,Quinnipiac,2012-06-05,2012-06-10,Registered Voters,997,Live Phone,Nonpartisan,None,2012,pennsylvania,Other,2
2012-pennsylvania-president-romney-vs-obama,14067,Quinnipiac,2012-06-05,2012-06-10,Registered Voters,997,Live Phone,Nonpartisan,None,2012,pennsylvania,Undecided,12
2012-pennsylvania-president-romney-vs-obama,14014,Franklin and Marshall College,2012-05-29,2012-06-04,Registered Voters,412,Live Phone,Nonpartisan,None,2012,pennsylvania,Obama,48
2012-pennsylvania-president-romney-vs-obama,14014,Franklin and Marshall College,2012-05-29,2012-06-04,Registered Voters,412,Live Phone,Nonpartisan,None,2012,pennsylvania,Romney,36
2012-pennsylvania-president-romney-vs-obama,14014,Franklin and Marshall College,2012-05-29,2012-06-04,Registered Voters,412,Live Phone,Nonpartisan,None,2012,pennsylvania,Other,5
2012-pennsylvania-president-romney-vs-obama,14014,Franklin and Marshall College,2012-05-29,2012-06-04,Registered Voters,412,Live Phone,Nonpartisan,None,2012,pennsylvania,Undecided,12
2012-pennsylvania-president-romney-vs-obama,13876,Rasmussen,2012-05-21,2012-05-21,Likely Voters,500,Automated Phone,Nonpartisan,None,2012,pennsylvania,Obama,47
2012-pennsylvania-president-romney-vs-obama,13876,Rasmussen,2012-05-21,2012-05-21,Likely Voters,500,Automated Phone,Nonpartisan,None,2012,pennsylvania,Romney,41
2012-pennsylvania-president-romney-vs-obama,13876,Rasmussen,2012-05-21,2012-05-21,Likely Voters,500,Automated Phone,Nonpartisan,None,2012,pennsylvania,Other,7
2012-pennsylvania-president-romney-vs-obama,13876,Rasmussen,2012-05-21,2012-05-21,Likely Voters,500,Automated Phone,Nonpartisan,None,2012,pennsylvania,Undecided,5
2012-pennsylvania-president-romney-vs-obama,13866,PPP (D),2012-05-17,2012-05-20,Likely Voters,671,Automated Phone,Pollster,Dem,2012,pennsylvania,Obama,50
2012-pennsylvania-president-romney-vs-obama,13866,PPP (D),2012-05-17,2012-05-20,Likely Voters,671,Automated Phone,Pollster,Dem,2012,pennsylvania,Romney,42
2012-pennsylvania-president-romney-vs-obama,13866,PPP (D),2012-05-17,2012-05-20,Likely Voters,671,Automated Phone,Pollster,Dem,2012,pennsylvania,Other,NA
2012-pennsylvania-president-romney-vs-obama,13866,PPP (D),2012-05-17,2012-05-20,Likely Voters,671,Automated Phone,Pollster,Dem,2012,pennsylvania,Undecided,8
2012-pennsylvania-president-romney-vs-obama,13678,Quinnipiac,2012-04-25,2012-05-01,Registered Voters,1167,Live Phone,Nonpartisan,None,2012,pennsylvania,Obama,47
2012-pennsylvania-president-romney-vs-obama,13678,Quinnipiac,2012-04-25,2012-05-01,Registered Voters,1167,Live Phone,Nonpartisan,None,2012,pennsylvania,Romney,39
2012-pennsylvania-president-romney-vs-obama,13678,Quinnipiac,2012-04-25,2012-05-01,Registered Voters,1167,Live Phone,Nonpartisan,None,2012,pennsylvania,Other,2
2012-pennsylvania-president-romney-vs-obama,13678,Quinnipiac,2012-04-25,2012-05-01,Registered Voters,1167,Live Phone,Nonpartisan,None,2012,pennsylvania,Undecided,8
2012-pennsylvania-president-romney-vs-obama,13591,Muhlenberg,2012-03-23,2012-04-01,Registered Voters,492,Live Phone,Nonpartisan,None,2012,pennsylvania,Obama,45
2012-pennsylvania-president-romney-vs-obama,13591,Muhlenberg,2012-03-23,2012-04-01,Registered Voters,492,Live Phone,Nonpartisan,None,2012,pennsylvania,Romney,40
2012-pennsylvania-president-romney-vs-obama,13591,Muhlenberg,2012-03-23,2012-04-01,Registered Voters,492,Live Phone,Nonpartisan,None,2012,pennsylvania,Other,11
2012-pennsylvania-president-romney-vs-obama,13591,Muhlenberg,2012-03-23,2012-04-01,Registered Voters,492,Live Phone,Nonpartisan,None,2012,pennsylvania,Undecided,4
2012-pennsylvania-president-romney-vs-obama,13370,Quinnipiac,2012-03-20,2012-03-26,Registered Voters,1232,Live Phone,Nonpartisan,None,2012,pennsylvania,Obama,45
2012-pennsylvania-president-romney-vs-obama,13370,Quinnipiac,2012-03-20,2012-03-26,Registered Voters,1232,Live Phone,Nonpartisan,None,2012,pennsylvania,Romney,42
2012-pennsylvania-president-romney-vs-obama,13370,Quinnipiac,2012-03-20,2012-03-26,Registered Voters,1232,Live Phone,Nonpartisan,None,2012,pennsylvania,Other,2
2012-pennsylvania-president-romney-vs-obama,13370,Quinnipiac,2012-03-20,2012-03-26,Registered Voters,1232,Live Phone,Nonpartisan,None,2012,pennsylvania,Undecided,7
2012-pennsylvania-president-romney-vs-obama,13251,Quinnipiac,2012-03-07,2012-03-12,Registered Voters,1256,Live Phone,Nonpartisan,None,2012,pennsylvania,Obama,46
2012-pennsylvania-president-romney-vs-obama,13251,Quinnipiac,2012-03-07,2012-03-12,Registered Voters,1256,Live Phone,Nonpartisan,None,2012,pennsylvania,Romney,40
2012-pennsylvania-president-romney-vs-obama,13251,Quinnipiac,2012-03-07,2012-03-12,Registered Voters,1256,Live Phone,Nonpartisan,None,2012,pennsylvania,Other,2
2012-pennsylvania-president-romney-vs-obama,13251,Quinnipiac,2012-03-07,2012-03-12,Registered Voters,1256,Live Phone,Nonpartisan,None,2012,pennsylvania,Undecided,8
2012-pennsylvania-president-romney-vs-obama,13252,PPP (D),2012-03-08,2012-03-11,Likely Voters,689,Automated Phone,Pollster,Dem,2012,pennsylvania,Obama,49
2012-pennsylvania-president-romney-vs-obama,13252,PPP (D),2012-03-08,2012-03-11,Likely Voters,689,Automated Phone,Pollster,Dem,2012,pennsylvania,Romney,42
2012-pennsylvania-president-romney-vs-obama,13252,PPP (D),2012-03-08,2012-03-11,Likely Voters,689,Automated Phone,Pollster,Dem,2012,pennsylvania,Other,NA
2012-pennsylvania-president-romney-vs-obama,13252,PPP (D),2012-03-08,2012-03-11,Likely Voters,689,Automated Phone,Pollster,Dem,2012,pennsylvania,Undecided,9
2012-pennsylvania-president-romney-vs-obama,13151,Rasmussen,2012-02-08,2012-02-23,Likely Voters,438,Automated Phone,Nonpartisan,None,2012,pennsylvania,Obama,45
2012-pennsylvania-president-romney-vs-obama,13151,Rasmussen,2012-02-08,2012-02-23,Likely Voters,438,Automated Phone,Nonpartisan,None,2012,pennsylvania,Romney,44
2012-pennsylvania-president-romney-vs-obama,13151,Rasmussen,2012-02-08,2012-02-23,Likely Voters,438,Automated Phone,Nonpartisan,None,2012,pennsylvania,Other,8
2012-pennsylvania-president-romney-vs-obama,13151,Rasmussen,2012-02-08,2012-02-23,Likely Voters,438,Automated Phone,Nonpartisan,None,2012,pennsylvania,Undecided,3
2012-pennsylvania-president-romney-vs-obama,13149,Muhlenberg,2012-02-15,2012-02-21,Registered Voters,625,Live Phone,Nonpartisan,None,2012,pennsylvania,Obama,48
2012-pennsylvania-president-romney-vs-obama,13149,Muhlenberg,2012-02-15,2012-02-21,Registered Voters,625,Live Phone,Nonpartisan,None,2012,pennsylvania,Romney,37
2012-pennsylvania-president-romney-vs-obama,13149,Muhlenberg,2012-02-15,2012-02-21,Registered Voters,625,Live Phone,Nonpartisan,None,2012,pennsylvania,Other,9
2012-pennsylvania-president-romney-vs-obama,13149,Muhlenberg,2012-02-15,2012-02-21,Registered Voters,625,Live Phone,Nonpartisan,None,2012,pennsylvania,Undecided,6
2012-pennsylvania-president-romney-vs-obama,13150,Franklin and Marshall College,2012-02-14,2012-02-20,Registered Voters,592,Live Phone,Nonpartisan,None,2012,pennsylvania,Obama,41
2012-pennsylvania-president-romney-vs-obama,13150,Franklin and Marshall College,2012-02-14,2012-02-20,Registered Voters,592,Live Phone,Nonpartisan,None,2012,pennsylvania,Romney,33
2012-pennsylvania-president-romney-vs-obama,13150,Franklin and Marshall College,2012-02-14,2012-02-20,Registered Voters,592,Live Phone,Nonpartisan,None,2012,pennsylvania,Other,8
2012-pennsylvania-president-romney-vs-obama,13150,Franklin and Marshall College,2012-02-14,2012-02-20,Registered Voters,592,Live Phone,Nonpartisan,None,2012,pennsylvania,Undecided,18
2012-pennsylvania-president-romney-vs-obama,12835,Susquehanna (R),2012-02-02,2012-02-06,Registered Voters,800,Automated Phone,Pollster,Rep,2012,pennsylvania,Obama,43
2012-pennsylvania-president-romney-vs-obama,12835,Susquehanna (R),2012-02-02,2012-02-06,Registered Voters,800,Automated Phone,Pollster,Rep,2012,pennsylvania,Romney,45
2012-pennsylvania-president-romney-vs-obama,12835,Susquehanna (R),2012-02-02,2012-02-06,Registered Voters,800,Automated Phone,Pollster,Rep,2012,pennsylvania,Other,NA
2012-pennsylvania-president-romney-vs-obama,12835,Susquehanna (R),2012-02-02,2012-02-06,Registered Voters,800,Automated Phone,Pollster,Rep,2012,pennsylvania,Undecided,NA
2012-pennsylvania-president-romney-vs-obama,13432,Franklin and Marshall College,2012-01-17,2012-01-22,Registered Voters,614,Live Phone,Nonpartisan,None,2012,pennsylvania,Obama,41
2012-pennsylvania-president-romney-vs-obama,13432,Franklin and Marshall College,2012-01-17,2012-01-22,Registered Voters,614,Live Phone,Nonpartisan,None,2012,pennsylvania,Romney,30
2012-pennsylvania-president-romney-vs-obama,13432,Franklin and Marshall College,2012-01-17,2012-01-22,Registered Voters,614,Live Phone,Nonpartisan,None,2012,pennsylvania,Other,6
2012-pennsylvania-president-romney-vs-obama,13432,Franklin and Marshall College,2012-01-17,2012-01-22,Registered Voters,614,Live Phone,Nonpartisan,None,2012,pennsylvania,Undecided,24
2012-ohio-president-romney-vs-obama,16657,Gravis Marketing,2012-11-04,2012-11-05,Likely Voters,1316,Automated Phone,Nonpartisan,None,2012,ohio,Obama,49
2012-ohio-president-romney-vs-obama,16657,Gravis Marketing,2012-11-04,2012-11-05,Likely Voters,1316,Automated Phone,Nonpartisan,None,2012,ohio,Romney,48
2012-ohio-president-romney-vs-obama,16657,Gravis Marketing,2012-11-04,2012-11-05,Likely Voters,1316,Automated Phone,Nonpartisan,None,2012,ohio,Other,NA
2012-ohio-president-romney-vs-obama,16657,Gravis Marketing,2012-11-04,2012-11-05,Likely Voters,1316,Automated Phone,Nonpartisan,None,2012,ohio,Undecided,NA
2012-ohio-president-romney-vs-obama,16672,JZ Analytics/Newsmax,2012-11-03,2012-11-05,Likely Voters,832,Internet,Sponsor,Rep,2012,ohio,Obama,51
2012-ohio-president-romney-vs-obama,16672,JZ Analytics/Newsmax,2012-11-03,2012-11-05,Likely Voters,832,Internet,Sponsor,Rep,2012,ohio,Romney,44
2012-ohio-president-romney-vs-obama,16672,JZ Analytics/Newsmax,2012-11-03,2012-11-05,Likely Voters,832,Internet,Sponsor,Rep,2012,ohio,Other,NA
2012-ohio-president-romney-vs-obama,16672,JZ Analytics/Newsmax,2012-11-03,2012-11-05,Likely Voters,832,Internet,Sponsor,Rep,2012,ohio,Undecided,6
2012-ohio-president-romney-vs-obama,16665,Ipsos/Reuters (Web),2012-11-03,2012-11-05,Likely Voters,680,Internet,Nonpartisan,None,2012,ohio,Obama,50
2012-ohio-president-romney-vs-obama,16665,Ipsos/Reuters (Web),2012-11-03,2012-11-05,Likely Voters,680,Internet,Nonpartisan,None,2012,ohio,Romney,46
2012-ohio-president-romney-vs-obama,16665,Ipsos/Reuters (Web),2012-11-03,2012-11-05,Likely Voters,680,Internet,Nonpartisan,None,2012,ohio,Other,1
2012-ohio-president-romney-vs-obama,16665,Ipsos/Reuters (Web),2012-11-03,2012-11-05,Likely Voters,680,Internet,Nonpartisan,None,2012,ohio,Undecided,2
2012-ohio-president-romney-vs-obama,16632,Rasmussen,2012-11-04,2012-11-04,Likely Voters,750,Automated Phone,Nonpartisan,None,2012,ohio,Obama,49
2012-ohio-president-romney-vs-obama,16632,Rasmussen,2012-11-04,2012-11-04,Likely Voters,750,Automated Phone,Nonpartisan,None,2012,ohio,Romney,49
2012-ohio-president-romney-vs-obama,16632,Rasmussen,2012-11-04,2012-11-04,Likely Voters,750,Automated Phone,Nonpartisan,None,2012,ohio,Other,1
2012-ohio-president-romney-vs-obama,16632,Rasmussen,2012-11-04,2012-11-04,Likely Voters,750,Automated Phone,Nonpartisan,None,2012,ohio,Undecided,1
2012-ohio-president-romney-vs-obama,16607,PPP (D),2012-11-03,2012-11-04,Likely Voters,1000,Automated Phone,Pollster,Dem,2012,ohio,Obama,52
2012-ohio-president-romney-vs-obama,16607,PPP (D),2012-11-03,2012-11-04,Likely Voters,1000,Automated Phone,Pollster,Dem,2012,ohio,Romney,47
2012-ohio-president-romney-vs-obama,16607,PPP (D),2012-11-03,2012-11-04,Likely Voters,1000,Automated Phone,Pollster,Dem,2012,ohio,Other,NA
2012-ohio-president-romney-vs-obama,16607,PPP (D),2012-11-03,2012-11-04,Likely Voters,1000,Automated Phone,Pollster,Dem,2012,ohio,Undecided,2
2012-ohio-president-romney-vs-obama,16675,Angus-Reid,2012-11-02,2012-11-04,Likely Voters,572,Internet,Nonpartisan,None,2012,ohio,Obama,51
2012-ohio-president-romney-vs-obama,16675,Angus-Reid,2012-11-02,2012-11-04,Likely Voters,572,Internet,Nonpartisan,None,2012,ohio,Romney,48
2012-ohio-president-romney-vs-obama,16675,Angus-Reid,2012-11-02,2012-11-04,Likely Voters,572,Internet,Nonpartisan,None,2012,ohio,Other,1
2012-ohio-president-romney-vs-obama,16675,Angus-Reid,2012-11-02,2012-11-04,Likely Voters,572,Internet,Nonpartisan,None,2012,ohio,Undecided,NA
2012-ohio-president-romney-vs-obama,16639,SurveyUSA,2012-11-01,2012-11-04,Likely Voters,803,IVR/Online,Nonpartisan,None,2012,ohio,Obama,49
2012-ohio-president-romney-vs-obama,16639,SurveyUSA,2012-11-01,2012-11-04,Likely Voters,803,IVR/Online,Nonpartisan,None,2012,ohio,Romney,44
2012-ohio-president-romney-vs-obama,16639,SurveyUSA,2012-11-01,2012-11-04,Likely Voters,803,IVR/Online,Nonpartisan,None,2012,ohio,Other,3
2012-ohio-president-romney-vs-obama,16639,SurveyUSA,2012-11-01,2012-11-04,Likely Voters,803,IVR/Online,Nonpartisan,None,2012,ohio,Undecided,4
2012-ohio-president-romney-vs-obama,16627,The Ohio Poll/University of Cincinnati,2012-10-31,2012-11-04,Likely Voters,889,Live Phone,Nonpartisan,None,2012,ohio,Obama,50
2012-ohio-president-romney-vs-obama,16627,The Ohio Poll/University of Cincinnati,2012-10-31,2012-11-04,Likely Voters,889,Live Phone,Nonpartisan,None,2012,ohio,Romney,49
2012-ohio-president-romney-vs-obama,16627,The Ohio Poll/University of Cincinnati,2012-10-31,2012-11-04,Likely Voters,889,Live Phone,Nonpartisan,None,2012,ohio,Other,NA
2012-ohio-president-romney-vs-obama,16627,The Ohio Poll/University of Cincinnati,2012-10-31,2012-11-04,Likely Voters,889,Live Phone,Nonpartisan,None,2012,ohio,Undecided,NA
2012-ohio-president-romney-vs-obama,16591,YouGov,2012-10-31,2012-11-03,Likely Voters,1620,Internet,Nonpartisan,None,2012,ohio,Obama,49
2012-ohio-president-romney-vs-obama,16591,YouGov,2012-10-31,2012-11-03,Likely Voters,1620,Internet,Nonpartisan,None,2012,ohio,Romney,46
2012-ohio-president-romney-vs-obama,16591,YouGov,2012-10-31,2012-11-03,Likely Voters,1620,Internet,Nonpartisan,None,2012,ohio,Other,2
2012-ohio-president-romney-vs-obama,16591,YouGov,2012-10-31,2012-11-03,Likely Voters,1620,Internet,Nonpartisan,None,2012,ohio,Undecided,3
2012-ohio-president-romney-vs-obama,16536,Columbus Dispatch,2012-10-24,2012-11-03,Likely Voters,1501,Mail,Nonpartisan,None,2012,ohio,Obama,50
2012-ohio-president-romney-vs-obama,16536,Columbus Dispatch,2012-10-24,2012-11-03,Likely Voters,1501,Mail,Nonpartisan,None,2012,ohio,Romney,48
2012-ohio-president-romney-vs-obama,16536,Columbus Dispatch,2012-10-24,2012-11-03,Likely Voters,1501,Mail,Nonpartisan,None,2012,ohio,Other,NA
2012-ohio-president-romney-vs-obama,16536,Columbus Dispatch,2012-10-24,2012-11-03,Likely Voters,1501,Mail,Nonpartisan,None,2012,ohio,Undecided,NA
2012-ohio-president-romney-vs-obama,16505,Grove Insight (D-Project New America/USAction),2012-11-01,2012-11-02,Likely Voters,500,Live Phone,Sponsor,Dem,2012,ohio,Obama,49
2012-ohio-president-romney-vs-obama,16505,Grove Insight (D-Project New America/USAction),2012-11-01,2012-11-02,Likely Voters,500,Live Phone,Sponsor,Dem,2012,ohio,Romney,45
2012-ohio-president-romney-vs-obama,16505,Grove Insight (D-Project New America/USAction),2012-11-01,2012-11-02,Likely Voters,500,Live Phone,Sponsor,Dem,2012,ohio,Other,1
2012-ohio-president-romney-vs-obama,16505,Grove Insight (D-Project New America/USAction),2012-11-01,2012-11-02,Likely Voters,500,Live Phone,Sponsor,Dem,2012,ohio,Undecided,4
2012-ohio-president-romney-vs-obama,16480,Ipsos/Reuters (Web),2012-10-31,2012-11-02,Likely Voters,1012,Internet,Nonpartisan,None,2012,ohio,Obama,47
2012-ohio-president-romney-vs-obama,16480,Ipsos/Reuters (Web),2012-10-31,2012-11-02,Likely Voters,1012,Internet,Nonpartisan,None,2012,ohio,Romney,45
2012-ohio-president-romney-vs-obama,16480,Ipsos/Reuters (Web),2012-10-31,2012-11-02,Likely Voters,1012,Internet,Nonpartisan,None,2012,ohio,Other,3
2012-ohio-president-romney-vs-obama,16480,Ipsos/Reuters (Web),2012-10-31,2012-11-02,Likely Voters,1012,Internet,Nonpartisan,None,2012,ohio,Undecided,4
2012-ohio-president-romney-vs-obama,16469,Rasmussen,2012-11-01,2012-11-01,Likely Voters,750,Automated Phone,Nonpartisan,None,2012,ohio,Obama,49
2012-ohio-president-romney-vs-obama,16469,Rasmussen,2012-11-01,2012-11-01,Likely Voters,750,Automated Phone,Nonpartisan,None,2012,ohio,Romney,49
2012-ohio-president-romney-vs-obama,16469,Rasmussen,2012-11-01,2012-11-01,Likely Voters,750,Automated Phone,Nonpartisan,None,2012,ohio,Other,2
2012-ohio-president-romney-vs-obama,16469,Rasmussen,2012-11-01,2012-11-01,Likely Voters,750,Automated Phone,Nonpartisan,None,2012,ohio,Undecided,1
2012-ohio-president-romney-vs-obama,16489,NBC/WSJ/Marist,2012-10-31,2012-11-01,Likely Voters,971,Live Phone,Nonpartisan,None,2012,ohio,Obama,51
2012-ohio-president-romney-vs-obama,16489,NBC/WSJ/Marist,2012-10-31,2012-11-01,Likely Voters,971,Live Phone,Nonpartisan,None,2012,ohio,Romney,45
2012-ohio-president-romney-vs-obama,16489,NBC/WSJ/Marist,2012-10-31,2012-11-01,Likely Voters,971,Live Phone,Nonpartisan,None,2012,ohio,Other,1
2012-ohio-president-romney-vs-obama,16489,NBC/WSJ/Marist,2012-10-31,2012-11-01,Likely Voters,971,Live Phone,Nonpartisan,None,2012,ohio,Undecided,3
2012-ohio-president-romney-vs-obama,16476,CNN,2012-10-30,2012-11-01,Likely Voters,796,Live Phone,Nonpartisan,None,2012,ohio,Obama,50
2012-ohio-president-romney-vs-obama,16476,CNN,2012-10-30,2012-11-01,Likely Voters,796,Live Phone,Nonpartisan,None,2012,ohio,Romney,47
2012-ohio-president-romney-vs-obama,16476,CNN,2012-10-30,2012-11-01,Likely Voters,796,Live Phone,Nonpartisan,None,2012,ohio,Other,1
2012-ohio-president-romney-vs-obama,16476,CNN,2012-10-30,2012-11-01,Likely Voters,796,Live Phone,Nonpartisan,None,2012,ohio,Undecided,3
2012-ohio-president-romney-vs-obama,16475,We Ask America,2012-10-30,2012-11-01,Likely Voters,1649,Automated Phone,Nonpartisan,None,2012,ohio,Obama,50
2012-ohio-president-romney-vs-obama,16475,We Ask America,2012-10-30,2012-11-01,Likely Voters,1649,Automated Phone,Nonpartisan,None,2012,ohio,Romney,46
2012-ohio-president-romney-vs-obama,16475,We Ask America,2012-10-30,2012-11-01,Likely Voters,1649,Automated Phone,Nonpartisan,None,2012,ohio,Other,4
2012-ohio-president-romney-vs-obama,16475,We Ask America,2012-10-30,2012-11-01,Likely Voters,1649,Automated Phone,Nonpartisan,None,2012,ohio,Undecided,NA
2012-ohio-president-romney-vs-obama,16430,Wenzel Strategies (R-Citizens United),2012-10-30,2012-10-31,Likely Voters,1281,Live Phone,Sponsor,Rep,2012,ohio,Obama,46
2012-ohio-president-romney-vs-obama,16430,Wenzel Strategies (R-Citizens United),2012-10-30,2012-10-31,Likely Voters,1281,Live Phone,Sponsor,Rep,2012,ohio,Romney,49
2012-ohio-president-romney-vs-obama,16430,Wenzel Strategies (R-Citizens United),2012-10-30,2012-10-31,Likely Voters,1281,Live Phone,Sponsor,Rep,2012,ohio,Other,NA
2012-ohio-president-romney-vs-obama,16430,Wenzel Strategies (R-Citizens United),2012-10-30,2012-10-31,Likely Voters,1281,Live Phone,Sponsor,Rep,2012,ohio,Undecided,NA
2012-ohio-president-romney-vs-obama,16368,PPP (D-Health Care for America Now),2012-10-29,2012-10-30,Likely Voters,600,Automated Phone,Sponsor,Dem,2012,ohio,Obama,50
2012-ohio-president-romney-vs-obama,16368,PPP (D-Health Care for America Now),2012-10-29,2012-10-30,Likely Voters,600,Automated Phone,Sponsor,Dem,2012,ohio,Romney,45
2012-ohio-president-romney-vs-obama,16368,PPP (D-Health Care for America Now),2012-10-29,2012-10-30,Likely Voters,600,Automated Phone,Sponsor,Dem,2012,ohio,Other,NA
2012-ohio-president-romney-vs-obama,16368,PPP (D-Health Care for America Now),2012-10-29,2012-10-30,Likely Voters,600,Automated Phone,Sponsor,Dem,2012,ohio,Undecided,4
2012-ohio-president-romney-vs-obama,16402,JZ Analytics/Newsmax,2012-10-28,2012-10-30,Likely Voters,826,Internet,Sponsor,Rep,2012,ohio,Obama,50
2012-ohio-president-romney-vs-obama,16402,JZ Analytics/Newsmax,2012-10-28,2012-10-30,Likely Voters,826,Internet,Sponsor,Rep,2012,ohio,Romney,44
2012-ohio-president-romney-vs-obama,16402,JZ Analytics/Newsmax,2012-10-28,2012-10-30,Likely Voters,826,Internet,Sponsor,Rep,2012,ohio,Other,NA
2012-ohio-president-romney-vs-obama,16402,JZ Analytics/Newsmax,2012-10-28,2012-10-30,Likely Voters,826,Internet,Sponsor,Rep,2012,ohio,Undecided,5
2012-ohio-president-romney-vs-obama,16373,The Ohio Poll/University of Cincinnati,2012-10-25,2012-10-30,Likely Voters,1141,Live Phone,Nonpartisan,None,2012,ohio,Obama,48
2012-ohio-president-romney-vs-obama,16373,The Ohio Poll/University of Cincinnati,2012-10-25,2012-10-30,Likely Voters,1141,Live Phone,Nonpartisan,None,2012,ohio,Romney,46
2012-ohio-president-romney-vs-obama,16373,The Ohio Poll/University of Cincinnati,2012-10-25,2012-10-30,Likely Voters,1141,Live Phone,Nonpartisan,None,2012,ohio,Other,4
2012-ohio-president-romney-vs-obama,16373,The Ohio Poll/University of Cincinnati,2012-10-25,2012-10-30,Likely Voters,1141,Live Phone,Nonpartisan,None,2012,ohio,Undecided,2
2012-ohio-president-romney-vs-obama,16602,Pulse Opinion Research/Let Freedom Ring (R),2012-10-29,2012-10-29,Likely Voters,1000,Automated Phone,Sponsor,Rep,2012,ohio,Obama,48
2012-ohio-president-romney-vs-obama,16602,Pulse Opinion Research/Let Freedom Ring (R),2012-10-29,2012-10-29,Likely Voters,1000,Automated Phone,Sponsor,Rep,2012,ohio,Romney,46
2012-ohio-president-romney-vs-obama,16602,Pulse Opinion Research/Let Freedom Ring (R),2012-10-29,2012-10-29,Likely Voters,1000,Automated Phone,Sponsor,Rep,2012,ohio,Other,3
2012-ohio-president-romney-vs-obama,16602,Pulse Opinion Research/Let Freedom Ring (R),2012-10-29,2012-10-29,Likely Voters,1000,Automated Phone,Sponsor,Rep,2012,ohio,Undecided,3
2012-ohio-president-romney-vs-obama,16338,Grove Insight (D-Project New America/USAction),2012-10-28,2012-10-29,Likely Voters,500,Live Phone,Sponsor,Dem,2012,ohio,Obama,48
2012-ohio-president-romney-vs-obama,16338,Grove Insight (D-Project New America/USAction),2012-10-28,2012-10-29,Likely Voters,500,Live Phone,Sponsor,Dem,2012,ohio,Romney,45
2012-ohio-president-romney-vs-obama,16338,Grove Insight (D-Project New America/USAction),2012-10-28,2012-10-29,Likely Voters,500,Live Phone,Sponsor,Dem,2012,ohio,Other,NA
2012-ohio-president-romney-vs-obama,16338,Grove Insight (D-Project New America/USAction),2012-10-28,2012-10-29,Likely Voters,500,Live Phone,Sponsor,Dem,2012,ohio,Undecided,NA
2012-ohio-president-romney-vs-obama,16347,SurveyUSA,2012-10-26,2012-10-29,Likely Voters,603,IVR/Online,Nonpartisan,None,2012,ohio,Obama,48
2012-ohio-president-romney-vs-obama,16347,SurveyUSA,2012-10-26,2012-10-29,Likely Voters,603,IVR/Online,Nonpartisan,None,2012,ohio,Romney,45
2012-ohio-president-romney-vs-obama,16347,SurveyUSA,2012-10-26,2012-10-29,Likely Voters,603,IVR/Online,Nonpartisan,None,2012,ohio,Other,2
2012-ohio-president-romney-vs-obama,16347,SurveyUSA,2012-10-26,2012-10-29,Likely Voters,603,IVR/Online,Nonpartisan,None,2012,ohio,Undecided,6
2012-ohio-president-romney-vs-obama,16262,Rasmussen,2012-10-28,2012-10-28,Likely Voters,750,Automated Phone,Nonpartisan,None,2012,ohio,Obama,48
2012-ohio-president-romney-vs-obama,16262,Rasmussen,2012-10-28,2012-10-28,Likely Voters,750,Automated Phone,Nonpartisan,None,2012,ohio,Romney,50
2012-ohio-president-romney-vs-obama,16262,Rasmussen,2012-10-28,2012-10-28,Likely Voters,750,Automated Phone,Nonpartisan,None,2012,ohio,Other,1
2012-ohio-president-romney-vs-obama,16262,Rasmussen,2012-10-28,2012-10-28,Likely Voters,750,Automated Phone,Nonpartisan,None,2012,ohio,Undecided,1
2012-ohio-president-romney-vs-obama,16327,Pharos Research Group,2012-10-26,2012-10-28,Likely Voters,765,Live Phone,Nonpartisan,None,2012,ohio,Obama,49
2012-ohio-president-romney-vs-obama,16327,Pharos Research Group,2012-10-26,2012-10-28,Likely Voters,765,Live Phone,Nonpartisan,None,2012,ohio,Romney,46
2012-ohio-president-romney-vs-obama,16327,Pharos Research Group,2012-10-26,2012-10-28,Likely Voters,765,Live Phone,Nonpartisan,None,2012,ohio,Other,NA
2012-ohio-president-romney-vs-obama,16327,Pharos Research Group,2012-10-26,2012-10-28,Likely Voters,765,Live Phone,Nonpartisan,None,2012,ohio,Undecided,5
2012-ohio-president-romney-vs-obama,16253,PPP (D),2012-10-26,2012-10-28,Likely Voters,718,Automated Phone,Pollster,Dem,2012,ohio,Obama,51
2012-ohio-president-romney-vs-obama,16253,PPP (D),2012-10-26,2012-10-28,Likely Voters,718,Automated Phone,Pollster,Dem,2012,ohio,Romney,47
2012-ohio-president-romney-vs-obama,16253,PPP (D),2012-10-26,2012-10-28,Likely Voters,718,Automated Phone,Pollster,Dem,2012,ohio,Other,NA
2012-ohio-president-romney-vs-obama,16253,PPP (D),2012-10-26,2012-10-28,Likely Voters,718,Automated Phone,Pollster,Dem,2012,ohio,Undecided,2
2012-ohio-president-romney-vs-obama,16349,Quinnipiac/NYT/CBS,2012-10-23,2012-10-28,Likely Voters,1100,Live Phone,Nonpartisan,None,2012,ohio,Obama,50
2012-ohio-president-romney-vs-obama,16349,Quinnipiac/NYT/CBS,2012-10-23,2012-10-28,Likely Voters,1100,Live Phone,Nonpartisan,None,2012,ohio,Romney,45
2012-ohio-president-romney-vs-obama,16349,Quinnipiac/NYT/CBS,2012-10-23,2012-10-28,Likely Voters,1100,Live Phone,Nonpartisan,None,2012,ohio,Other,1
2012-ohio-president-romney-vs-obama,16349,Quinnipiac/NYT/CBS,2012-10-23,2012-10-28,Likely Voters,1100,Live Phone,Nonpartisan,None,2012,ohio,Undecided,4
2012-ohio-president-romney-vs-obama,16254,Gravis Marketing,2012-10-27,2012-10-27,Likely Voters,730,Automated Phone,Nonpartisan,None,2012,ohio,Obama,50
2012-ohio-president-romney-vs-obama,16254,Gravis Marketing,2012-10-27,2012-10-27,Likely Voters,730,Automated Phone,Nonpartisan,None,2012,ohio,Romney,49
2012-ohio-president-romney-vs-obama,16254,Gravis Marketing,2012-10-27,2012-10-27,Likely Voters,730,Automated Phone,Nonpartisan,None,2012,ohio,Other,NA
2012-ohio-president-romney-vs-obama,16254,Gravis Marketing,2012-10-27,2012-10-27,Likely Voters,730,Automated Phone,Nonpartisan,None,2012,ohio,Undecided,2
2012-ohio-president-romney-vs-obama,16313,Mellman (D-Americans United for Change),2012-10-23,2012-10-25,Likely Voters,600,Live Phone,Sponsor,Dem,2012,ohio,Obama,49
2012-ohio-president-romney-vs-obama,16313,Mellman (D-Americans United for Change),2012-10-23,2012-10-25,Likely Voters,600,Live Phone,Sponsor,Dem,2012,ohio,Romney,44
2012-ohio-president-romney-vs-obama,16313,Mellman (D-Americans United for Change),2012-10-23,2012-10-25,Likely Voters,600,Live Phone,Sponsor,Dem,2012,ohio,Other,NA
2012-ohio-president-romney-vs-obama,16313,Mellman (D-Americans United for Change),2012-10-23,2012-10-25,Likely Voters,600,Live Phone,Sponsor,Dem,2012,ohio,Undecided,7
2012-ohio-president-romney-vs-obama,16211,CNN,2012-10-23,2012-10-25,Likely Voters,741,Live Phone,Nonpartisan,None,2012,ohio,Obama,50
2012-ohio-president-romney-vs-obama,16211,CNN,2012-10-23,2012-10-25,Likely Voters,741,Live Phone,Nonpartisan,None,2012,ohio,Romney,46
2012-ohio-president-romney-vs-obama,16211,CNN,2012-10-23,2012-10-25,Likely Voters,741,Live Phone,Nonpartisan,None,2012,ohio,Other,1
2012-ohio-president-romney-vs-obama,16211,CNN,2012-10-23,2012-10-25,Likely Voters,741,Live Phone,Nonpartisan,None,2012,ohio,Undecided,4
2012-ohio-president-romney-vs-obama,16208,Purple Strategies,2012-10-23,2012-10-25,Likely Voters,600,IVR/Online,Nonpartisan,None,2012,ohio,Obama,46
2012-ohio-president-romney-vs-obama,16208,Purple Strategies,2012-10-23,2012-10-25,Likely Voters,600,IVR/Online,Nonpartisan,None,2012,ohio,Romney,44
2012-ohio-president-romney-vs-obama,16208,Purple Strategies,2012-10-23,2012-10-25,Likely Voters,600,IVR/Online,Nonpartisan,None,2012,ohio,Other,1
2012-ohio-president-romney-vs-obama,16208,Purple Strategies,2012-10-23,2012-10-25,Likely Voters,600,IVR/Online,Nonpartisan,None,2012,ohio,Undecided,8
2012-ohio-president-romney-vs-obama,16190,ARG,2012-10-23,2012-10-25,Likely Voters,600,Live Phone,Nonpartisan,None,2012,ohio,Obama,49
2012-ohio-president-romney-vs-obama,16190,ARG,2012-10-23,2012-10-25,Likely Voters,600,Live Phone,Nonpartisan,None,2012,ohio,Romney,47
2012-ohio-president-romney-vs-obama,16190,ARG,2012-10-23,2012-10-25,Likely Voters,600,Live Phone,Nonpartisan,None,2012,ohio,Other,1
2012-ohio-president-romney-vs-obama,16190,ARG,2012-10-23,2012-10-25,Likely Voters,600,Live Phone,Nonpartisan,None,2012,ohio,Undecided,3
2012-ohio-president-romney-vs-obama,16100,Rasmussen,2012-10-23,2012-10-23,Likely Voters,750,Automated Phone,Nonpartisan,None,2012,ohio,Obama,48
2012-ohio-president-romney-vs-obama,16100,Rasmussen,2012-10-23,2012-10-23,Likely Voters,750,Automated Phone,Nonpartisan,None,2012,ohio,Romney,48
2012-ohio-president-romney-vs-obama,16100,Rasmussen,2012-10-23,2012-10-23,Likely Voters,750,Automated Phone,Nonpartisan,None,2012,ohio,Other,2
2012-ohio-president-romney-vs-obama,16100,Rasmussen,2012-10-23,2012-10-23,Likely Voters,750,Automated Phone,Nonpartisan,None,2012,ohio,Undecided,3
2012-ohio-president-romney-vs-obama,16122,Time,2012-10-22,2012-10-23,Likely Voters,742,Live Phone,Nonpartisan,None,2012,ohio,Obama,49
2012-ohio-president-romney-vs-obama,16122,Time,2012-10-22,2012-10-23,Likely Voters,742,Live Phone,Nonpartisan,None,2012,ohio,Romney,44
2012-ohio-president-romney-vs-obama,16122,Time,2012-10-22,2012-10-23,Likely Voters,742,Live Phone,Nonpartisan,None,2012,ohio,Other,1
2012-ohio-president-romney-vs-obama,16122,Time,2012-10-22,2012-10-23,Likely Voters,742,Live Phone,Nonpartisan,None,2012,ohio,Undecided,6
2012-ohio-president-romney-vs-obama,16121,Lake Research (D-USAction),2012-10-20,2012-10-23,Likely Voters,600,Live Phone,Sponsor,Dem,2012,ohio,Obama,46
2012-ohio-president-romney-vs-obama,16121,Lake Research (D-USAction),2012-10-20,2012-10-23,Likely Voters,600,Live Phone,Sponsor,Dem,2012,ohio,Romney,44
2012-ohio-president-romney-vs-obama,16121,Lake Research (D-USAction),2012-10-20,2012-10-23,Likely Voters,600,Live Phone,Sponsor,Dem,2012,ohio,Other,NA
2012-ohio-president-romney-vs-obama,16121,Lake Research (D-USAction),2012-10-20,2012-10-23,Likely Voters,600,Live Phone,Sponsor,Dem,2012,ohio,Undecided,9
2012-ohio-president-romney-vs-obama,16234,Ohio Newspaper Organization/University of Cincinnati,2012-10-18,2012-10-23,Likely Voters,1015,Live Phone,Nonpartisan,None,2012,ohio,Obama,49
2012-ohio-president-romney-vs-obama,16234,Ohio Newspaper Organization/University of Cincinnati,2012-10-18,2012-10-23,Likely Voters,1015,Live Phone,Nonpartisan,None,2012,ohio,Romney,49
2012-ohio-president-romney-vs-obama,16234,Ohio Newspaper Organization/University of Cincinnati,2012-10-18,2012-10-23,Likely Voters,1015,Live Phone,Nonpartisan,None,2012,ohio,Other,1
2012-ohio-president-romney-vs-obama,16234,Ohio Newspaper Organization/University of Cincinnati,2012-10-18,2012-10-23,Likely Voters,1015,Live Phone,Nonpartisan,None,2012,ohio,Undecided,1
2012-ohio-president-romney-vs-obama,16098,SurveyUSA,2012-10-20,2012-10-22,Likely Voters,609,IVR/Online,Nonpartisan,None,2012,ohio,Obama,47
2012-ohio-president-romney-vs-obama,16098,SurveyUSA,2012-10-20,2012-10-22,Likely Voters,609,IVR/Online,Nonpartisan,None,2012,ohio,Romney,44
2012-ohio-president-romney-vs-obama,16098,SurveyUSA,2012-10-20,2012-10-22,Likely Voters,609,IVR/Online,Nonpartisan,None,2012,ohio,Other,2
2012-ohio-president-romney-vs-obama,16098,SurveyUSA,2012-10-20,2012-10-22,Likely Voters,609,IVR/Online,Nonpartisan,None,2012,ohio,Undecided,6
2012-ohio-president-romney-vs-obama,16251,Pharos Research Group,2012-10-19,2012-10-21,Likely Voters,810,Live Phone,Nonpartisan,None,2012,ohio,Obama,50
2012-ohio-president-romney-vs-obama,16251,Pharos Research Group,2012-10-19,2012-10-21,Likely Voters,810,Live Phone,Nonpartisan,None,2012,ohio,Romney,45
2012-ohio-president-romney-vs-obama,16251,Pharos Research Group,2012-10-19,2012-10-21,Likely Voters,810,Live Phone,Nonpartisan,None,2012,ohio,Other,NA
2012-ohio-president-romney-vs-obama,16251,Pharos Research Group,2012-10-19,2012-10-21,Likely Voters,810,Live Phone,Nonpartisan,None,2012,ohio,Undecided,NA
2012-ohio-president-romney-vs-obama,16035,Suffolk,2012-10-18,2012-10-21,Likely Voters,600,Live Phone,Nonpartisan,None,2012,ohio,Obama,47
2012-ohio-president-romney-vs-obama,16035,Suffolk,2012-10-18,2012-10-21,Likely Voters,600,Live Phone,Nonpartisan,None,2012,ohio,Romney,47
2012-ohio-president-romney-vs-obama,16035,Suffolk,2012-10-18,2012-10-21,Likely Voters,600,Live Phone,Nonpartisan,None,2012,ohio,Other,3
2012-ohio-president-romney-vs-obama,16035,Suffolk,2012-10-18,2012-10-21,Likely Voters,600,Live Phone,Nonpartisan,None,2012,ohio,Undecided,5
2012-ohio-president-romney-vs-obama,16008,Angus-Reid,2012-10-18,2012-10-20,Likely Voters,502,Internet,Nonpartisan,None,2012,ohio,Obama,48
2012-ohio-president-romney-vs-obama,16008,Angus-Reid,2012-10-18,2012-10-20,Likely Voters,502,Internet,Nonpartisan,None,2012,ohio,Romney,48
2012-ohio-president-romney-vs-obama,16008,Angus-Reid,2012-10-18,2012-10-20,Likely Voters,502,Internet,Nonpartisan,None,2012,ohio,Other,4
2012-ohio-president-romney-vs-obama,16008,Angus-Reid,2012-10-18,2012-10-20,Likely Voters,502,Internet,Nonpartisan,None,2012,ohio,Undecided,NA
2012-ohio-president-romney-vs-obama,15993,PPP (D),2012-10-18,2012-10-20,Likely Voters,523,Automated Phone,Pollster,Dem,2012,ohio,Obama,49
2012-ohio-president-romney-vs-obama,15993,PPP (D),2012-10-18,2012-10-20,Likely Voters,523,Automated Phone,Pollster,Dem,2012,ohio,Romney,48
2012-ohio-president-romney-vs-obama,15993,PPP (D),2012-10-18,2012-10-20,Likely Voters,523,Automated Phone,Pollster,Dem,2012,ohio,Other,NA
2012-ohio-president-romney-vs-obama,15993,PPP (D),2012-10-18,2012-10-20,Likely Voters,523,Automated Phone,Pollster,Dem,2012,ohio,Undecided,3
2012-ohio-president-romney-vs-obama,16014,Quinnipiac/CBS,2012-10-17,2012-10-20,Likely Voters,1548,Live Phone,Nonpartisan,None,2012,ohio,Obama,50
2012-ohio-president-romney-vs-obama,16014,Quinnipiac/CBS,2012-10-17,2012-10-20,Likely Voters,1548,Live Phone,Nonpartisan,None,2012,ohio,Romney,45
2012-ohio-president-romney-vs-obama,16014,Quinnipiac/CBS,2012-10-17,2012-10-20,Likely Voters,1548,Live Phone,Nonpartisan,None,2012,ohio,Other,1
2012-ohio-president-romney-vs-obama,16014,Quinnipiac/CBS,2012-10-17,2012-10-20,Likely Voters,1548,Live Phone,Nonpartisan,None,2012,ohio,Undecided,3
2012-ohio-president-romney-vs-obama,15981,Gravis Marketing,2012-10-18,2012-10-19,Likely Voters,1943,Automated Phone,Nonpartisan,None,2012,ohio,Obama,47
2012-ohio-president-romney-vs-obama,15981,Gravis Marketing,2012-10-18,2012-10-19,Likely Voters,1943,Automated Phone,Nonpartisan,None,2012,ohio,Romney,47
2012-ohio-president-romney-vs-obama,15981,Gravis Marketing,2012-10-18,2012-10-19,Likely Voters,1943,Automated Phone,Nonpartisan,None,2012,ohio,Other,NA
2012-ohio-president-romney-vs-obama,15981,Gravis Marketing,2012-10-18,2012-10-19,Likely Voters,1943,Automated Phone,Nonpartisan,None,2012,ohio,Undecided,6
2012-ohio-president-romney-vs-obama,15970,FOX,2012-10-17,2012-10-18,Likely Voters,1131,Live Phone,Nonpartisan,None,2012,ohio,Obama,46
2012-ohio-president-romney-vs-obama,15970,FOX,2012-10-17,2012-10-18,Likely Voters,1131,Live Phone,Nonpartisan,None,2012,ohio,Romney,43
2012-ohio-president-romney-vs-obama,15970,FOX,2012-10-17,2012-10-18,Likely Voters,1131,Live Phone,Nonpartisan,None,2012,ohio,Other,1
2012-ohio-president-romney-vs-obama,15970,FOX,2012-10-17,2012-10-18,Likely Voters,1131,Live Phone,Nonpartisan,None,2012,ohio,Undecided,10
2012-ohio-president-romney-vs-obama,15908,Rasmussen,2012-10-17,2012-10-17,Likely Voters,750,Automated Phone,Nonpartisan,None,2012,ohio,Obama,49
2012-ohio-president-romney-vs-obama,15908,Rasmussen,2012-10-17,2012-10-17,Likely Voters,750,Automated Phone,Nonpartisan,None,2012,ohio,Romney,48
2012-ohio-president-romney-vs-obama,15908,Rasmussen,2012-10-17,2012-10-17,Likely Voters,750,Automated Phone,Nonpartisan,None,2012,ohio,Other,1
2012-ohio-president-romney-vs-obama,15908,Rasmussen,2012-10-17,2012-10-17,Likely Voters,750,Automated Phone,Nonpartisan,None,2012,ohio,Undecided,2
2012-ohio-president-romney-vs-obama,16033,Pulse Opinion Research/Let Freedom Ring (R),2012-10-15,2012-10-15,Likely Voters,1000,Automated Phone,Sponsor,Rep,2012,ohio,Obama,46
2012-ohio-president-romney-vs-obama,16033,Pulse Opinion Research/Let Freedom Ring (R),2012-10-15,2012-10-15,Likely Voters,1000,Automated Phone,Sponsor,Rep,2012,ohio,Romney,47
2012-ohio-president-romney-vs-obama,16033,Pulse Opinion Research/Let Freedom Ring (R),2012-10-15,2012-10-15,Likely Voters,1000,Automated Phone,Sponsor,Rep,2012,ohio,Other,3
2012-ohio-president-romney-vs-obama,16033,Pulse Opinion Research/Let Freedom Ring (R),2012-10-15,2012-10-15,Likely Voters,1000,Automated Phone,Sponsor,Rep,2012,ohio,Undecided,4
2012-ohio-president-romney-vs-obama,15905,SurveyUSA,2012-10-12,2012-10-15,Likely Voters,613,IVR/Online,Nonpartisan,None,2012,ohio,Obama,45
2012-ohio-president-romney-vs-obama,15905,SurveyUSA,2012-10-12,2012-10-15,Likely Voters,613,IVR/Online,Nonpartisan,None,2012,ohio,Romney,42
2012-ohio-president-romney-vs-obama,15905,SurveyUSA,2012-10-12,2012-10-15,Likely Voters,613,IVR/Online,Nonpartisan,None,2012,ohio,Other,3
2012-ohio-president-romney-vs-obama,15905,SurveyUSA,2012-10-12,2012-10-15,Likely Voters,613,IVR/Online,Nonpartisan,None,2012,ohio,Undecided,9
2012-ohio-president-romney-vs-obama,15762,PPP (D),2012-10-12,2012-10-13,Likely Voters,880,Automated Phone,Pollster,Dem,2012,ohio,Obama,51
2012-ohio-president-romney-vs-obama,15762,PPP (D),2012-10-12,2012-10-13,Likely Voters,880,Automated Phone,Pollster,Dem,2012,ohio,Romney,46
2012-ohio-president-romney-vs-obama,15762,PPP (D),2012-10-12,2012-10-13,Likely Voters,880,Automated Phone,Pollster,Dem,2012,ohio,Other,NA
2012-ohio-president-romney-vs-obama,15762,PPP (D),2012-10-12,2012-10-13,Likely Voters,880,Automated Phone,Pollster,Dem,2012,ohio,Undecided,3
2012-ohio-president-romney-vs-obama,15855,YouGov,2012-10-04,2012-10-11,Likely Voters,851,Internet,Nonpartisan,None,2012,ohio,Obama,50
2012-ohio-president-romney-vs-obama,15855,YouGov,2012-10-04,2012-10-11,Likely Voters,851,Internet,Nonpartisan,None,2012,ohio,Romney,46
2012-ohio-president-romney-vs-obama,15855,YouGov,2012-10-04,2012-10-11,Likely Voters,851,Internet,Nonpartisan,None,2012,ohio,Other,2
2012-ohio-president-romney-vs-obama,15855,YouGov,2012-10-04,2012-10-11,Likely Voters,851,Internet,Nonpartisan,None,2012,ohio,Undecided,2
2012-ohio-president-romney-vs-obama,15697,Rasmussen,2012-10-10,2012-10-10,Likely Voters,750,Automated Phone,Nonpartisan,None,2012,ohio,Obama,48
2012-ohio-president-romney-vs-obama,15697,Rasmussen,2012-10-10,2012-10-10,Likely Voters,750,Automated Phone,Nonpartisan,None,2012,ohio,Romney,47
2012-ohio-president-romney-vs-obama,15697,Rasmussen,2012-10-10,2012-10-10,Likely Voters,750,Automated Phone,Nonpartisan,None,2012,ohio,Other,2
2012-ohio-president-romney-vs-obama,15697,Rasmussen,2012-10-10,2012-10-10,Likely Voters,750,Automated Phone,Nonpartisan,None,2012,ohio,Undecided,3
2012-ohio-president-romney-vs-obama,15698,Gravis Marketing,2012-10-06,2012-10-10,Likely Voters,1313,Automated Phone,Nonpartisan,None,2012,ohio,Obama,45
2012-ohio-president-romney-vs-obama,15698,Gravis Marketing,2012-10-06,2012-10-10,Likely Voters,1313,Automated Phone,Nonpartisan,None,2012,ohio,Romney,46
2012-ohio-president-romney-vs-obama,15698,Gravis Marketing,2012-10-06,2012-10-10,Likely Voters,1313,Automated Phone,Nonpartisan,None,2012,ohio,Other,NA
2012-ohio-president-romney-vs-obama,15698,Gravis Marketing,2012-10-06,2012-10-10,Likely Voters,1313,Automated Phone,Nonpartisan,None,2012,ohio,Undecided,9
2012-ohio-president-romney-vs-obama,15678,NBC/WSJ/Marist,2012-10-07,2012-10-09,Likely Voters,994,Live Phone,Nonpartisan,None,2012,ohio,Obama,51
2012-ohio-president-romney-vs-obama,15678,NBC/WSJ/Marist,2012-10-07,2012-10-09,Likely Voters,994,Live Phone,Nonpartisan,None,2012,ohio,Romney,45
2012-ohio-president-romney-vs-obama,15678,NBC/WSJ/Marist,2012-10-07,2012-10-09,Likely Voters,994,Live Phone,Nonpartisan,None,2012,ohio,Other,1
2012-ohio-president-romney-vs-obama,15678,NBC/WSJ/Marist,2012-10-07,2012-10-09,Likely Voters,994,Live Phone,Nonpartisan,None,2012,ohio,Undecided,4
2012-ohio-president-romney-vs-obama,15723,Pulse Opinion Research/Let Freedom Ring (R),2012-10-08,2012-10-08,Likely Voters,1000,Automated Phone,Sponsor,Rep,2012,ohio,Obama,47
2012-ohio-president-romney-vs-obama,15723,Pulse Opinion Research/Let Freedom Ring (R),2012-10-08,2012-10-08,Likely Voters,1000,Automated Phone,Sponsor,Rep,2012,ohio,Romney,46
2012-ohio-president-romney-vs-obama,15723,Pulse Opinion Research/Let Freedom Ring (R),2012-10-08,2012-10-08,Likely Voters,1000,Automated Phone,Sponsor,Rep,2012,ohio,Other,3
2012-ohio-president-romney-vs-obama,15723,Pulse Opinion Research/Let Freedom Ring (R),2012-10-08,2012-10-08,Likely Voters,1000,Automated Phone,Sponsor,Rep,2012,ohio,Undecided,4
2012-ohio-president-romney-vs-obama,15642,SurveyUSA,2012-10-05,2012-10-08,Likely Voters,808,IVR/Online,Nonpartisan,None,2012,ohio,Obama,45
2012-ohio-president-romney-vs-obama,15642,SurveyUSA,2012-10-05,2012-10-08,Likely Voters,808,IVR/Online,Nonpartisan,None,2012,ohio,Romney,44
2012-ohio-president-romney-vs-obama,15642,SurveyUSA,2012-10-05,2012-10-08,Likely Voters,808,IVR/Online,Nonpartisan,None,2012,ohio,Other,3
2012-ohio-president-romney-vs-obama,15642,SurveyUSA,2012-10-05,2012-10-08,Likely Voters,808,IVR/Online,Nonpartisan,None,2012,ohio,Undecided,8
2012-ohio-president-romney-vs-obama,15640,CNN,2012-10-05,2012-10-08,Likely Voters,722,Live Phone,Nonpartisan,None,2012,ohio,Obama,51
2012-ohio-president-romney-vs-obama,15640,CNN,2012-10-05,2012-10-08,Likely Voters,722,Live Phone,Nonpartisan,None,2012,ohio,Romney,47
2012-ohio-president-romney-vs-obama,15640,CNN,2012-10-05,2012-10-08,Likely Voters,722,Live Phone,Nonpartisan,None,2012,ohio,Other,NA
2012-ohio-president-romney-vs-obama,15640,CNN,2012-10-05,2012-10-08,Likely Voters,722,Live Phone,Nonpartisan,None,2012,ohio,Undecided,2
2012-ohio-president-romney-vs-obama,15627,ARG,2012-10-05,2012-10-08,Likely Voters,600,Live Phone,Nonpartisan,None,2012,ohio,Obama,47
2012-ohio-president-romney-vs-obama,15627,ARG,2012-10-05,2012-10-08,Likely Voters,600,Live Phone,Nonpartisan,None,2012,ohio,Romney,48
2012-ohio-president-romney-vs-obama,15627,ARG,2012-10-05,2012-10-08,Likely Voters,600,Live Phone,Nonpartisan,None,2012,ohio,Other,1
2012-ohio-president-romney-vs-obama,15627,ARG,2012-10-05,2012-10-08,Likely Voters,600,Live Phone,Nonpartisan,None,2012,ohio,Undecided,4
2012-ohio-president-romney-vs-obama,15588,Wenzel Strategies (R-Citizens United),2012-10-04,2012-10-05,Likely Voters,1072,Live Phone,Sponsor,Rep,2012,ohio,Obama,47
2012-ohio-president-romney-vs-obama,15588,Wenzel Strategies (R-Citizens United),2012-10-04,2012-10-05,Likely Voters,1072,Live Phone,Sponsor,Rep,2012,ohio,Romney,48
2012-ohio-president-romney-vs-obama,15588,Wenzel Strategies (R-Citizens United),2012-10-04,2012-10-05,Likely Voters,1072,Live Phone,Sponsor,Rep,2012,ohio,Other,NA
2012-ohio-president-romney-vs-obama,15588,Wenzel Strategies (R-Citizens United),2012-10-04,2012-10-05,Likely Voters,1072,Live Phone,Sponsor,Rep,2012,ohio,Undecided,5
2012-ohio-president-romney-vs-obama,15542,Rasmussen,2012-10-04,2012-10-04,Likely Voters,500,Automated Phone,Nonpartisan,None,2012,ohio,Obama,50
2012-ohio-president-romney-vs-obama,15542,Rasmussen,2012-10-04,2012-10-04,Likely Voters,500,Automated Phone,Nonpartisan,None,2012,ohio,Romney,49
2012-ohio-president-romney-vs-obama,15542,Rasmussen,2012-10-04,2012-10-04,Likely Voters,500,Automated Phone,Nonpartisan,None,2012,ohio,Other,1
2012-ohio-president-romney-vs-obama,15542,Rasmussen,2012-10-04,2012-10-04,Likely Voters,500,Automated Phone,Nonpartisan,None,2012,ohio,Undecided,1
2012-ohio-president-romney-vs-obama,15536,We Ask America,2012-10-04,2012-10-04,Likely Voters,1200,Automated Phone,Nonpartisan,None,2012,ohio,Obama,46
2012-ohio-president-romney-vs-obama,15536,We Ask America,2012-10-04,2012-10-04,Likely Voters,1200,Automated Phone,Nonpartisan,None,2012,ohio,Romney,47
2012-ohio-president-romney-vs-obama,15536,We Ask America,2012-10-04,2012-10-04,Likely Voters,1200,Automated Phone,Nonpartisan,None,2012,ohio,Other,1
2012-ohio-president-romney-vs-obama,15536,We Ask America,2012-10-04,2012-10-04,Likely Voters,1200,Automated Phone,Nonpartisan,None,2012,ohio,Undecided,6
2012-ohio-president-romney-vs-obama,15726,Pulse Opinion Research/Let Freedom Ring (R),2012-10-01,2012-10-01,Likely Voters,1000,Automated Phone,Sponsor,Rep,2012,ohio,Obama,50
2012-ohio-president-romney-vs-obama,15726,Pulse Opinion Research/Let Freedom Ring (R),2012-10-01,2012-10-01,Likely Voters,1000,Automated Phone,Sponsor,Rep,2012,ohio,Romney,43
2012-ohio-president-romney-vs-obama,15726,Pulse Opinion Research/Let Freedom Ring (R),2012-10-01,2012-10-01,Likely Voters,1000,Automated Phone,Sponsor,Rep,2012,ohio,Other,3
2012-ohio-president-romney-vs-obama,15726,Pulse Opinion Research/Let Freedom Ring (R),2012-10-01,2012-10-01,Likely Voters,1000,Automated Phone,Sponsor,Rep,2012,ohio,Undecided,4
2012-ohio-president-romney-vs-obama,15482,NBC/WSJ/Marist,2012-09-30,2012-10-01,Likely Voters,931,Live Phone,Nonpartisan,None,2012,ohio,Obama,51
2012-ohio-president-romney-vs-obama,15482,NBC/WSJ/Marist,2012-09-30,2012-10-01,Likely Voters,931,Live Phone,Nonpartisan,None,2012,ohio,Romney,43
2012-ohio-president-romney-vs-obama,15482,NBC/WSJ/Marist,2012-09-30,2012-10-01,Likely Voters,931,Live Phone,Nonpartisan,None,2012,ohio,Other,1
2012-ohio-president-romney-vs-obama,15482,NBC/WSJ/Marist,2012-09-30,2012-10-01,Likely Voters,931,Live Phone,Nonpartisan,None,2012,ohio,Undecided,4
2012-ohio-president-romney-vs-obama,15417,PPP (D),2012-09-27,2012-09-30,Likely Voters,897,Automated Phone,Pollster,Dem,2012,ohio,Obama,49
2012-ohio-president-romney-vs-obama,15417,PPP (D),2012-09-27,2012-09-30,Likely Voters,897,Automated Phone,Pollster,Dem,2012,ohio,Romney,45
2012-ohio-president-romney-vs-obama,15417,PPP (D),2012-09-27,2012-09-30,Likely Voters,897,Automated Phone,Pollster,Dem,2012,ohio,Other,NA
2012-ohio-president-romney-vs-obama,15417,PPP (D),2012-09-27,2012-09-30,Likely Voters,897,Automated Phone,Pollster,Dem,2012,ohio,Undecided,7
2012-ohio-president-romney-vs-obama,15418,Columbus Dispatch,2012-09-19,2012-09-29,Likely Voters,1662,Mail,Nonpartisan,None,2012,ohio,Obama,51
2012-ohio-president-romney-vs-obama,15418,Columbus Dispatch,2012-09-19,2012-09-29,Likely Voters,1662,Mail,Nonpartisan,None,2012,ohio,Romney,42
2012-ohio-president-romney-vs-obama,15418,Columbus Dispatch,2012-09-19,2012-09-29,Likely Voters,1662,Mail,Nonpartisan,None,2012,ohio,Other,NA
2012-ohio-president-romney-vs-obama,15418,Columbus Dispatch,2012-09-19,2012-09-29,Likely Voters,1662,Mail,Nonpartisan,None,2012,ohio,Undecided,NA
2012-ohio-president-romney-vs-obama,15314,Quinnipiac/NYT/CBS,2012-09-18,2012-09-24,Likely Voters,1162,Live Phone,Nonpartisan,None,2012,ohio,Obama,53
2012-ohio-president-romney-vs-obama,15314,Quinnipiac/NYT/CBS,2012-09-18,2012-09-24,Likely Voters,1162,Live Phone,Nonpartisan,None,2012,ohio,Romney,43
2012-ohio-president-romney-vs-obama,15314,Quinnipiac/NYT/CBS,2012-09-18,2012-09-24,Likely Voters,1162,Live Phone,Nonpartisan,None,2012,ohio,Other,1
2012-ohio-president-romney-vs-obama,15314,Quinnipiac/NYT/CBS,2012-09-18,2012-09-24,Likely Voters,1162,Live Phone,Nonpartisan,None,2012,ohio,Undecided,3
2012-ohio-president-romney-vs-obama,15288,Washington Post,2012-09-19,2012-09-23,Likely Voters,759,Live Phone,Nonpartisan,None,2012,ohio,Obama,52
2012-ohio-president-romney-vs-obama,15288,Washington Post,2012-09-19,2012-09-23,Likely Voters,759,Live Phone,Nonpartisan,None,2012,ohio,Romney,44
2012-ohio-president-romney-vs-obama,15288,Washington Post,2012-09-19,2012-09-23,Likely Voters,759,Live Phone,Nonpartisan,None,2012,ohio,Other,2
2012-ohio-president-romney-vs-obama,15288,Washington Post,2012-09-19,2012-09-23,Likely Voters,759,Live Phone,Nonpartisan,None,2012,ohio,Undecided,2
2012-ohio-president-romney-vs-obama,15298,Gravis Marketing,2012-09-21,2012-09-22,Likely Voters,594,Automated Phone,Nonpartisan,None,2012,ohio,Obama,45
2012-ohio-president-romney-vs-obama,15298,Gravis Marketing,2012-09-21,2012-09-22,Likely Voters,594,Automated Phone,Nonpartisan,None,2012,ohio,Romney,44
2012-ohio-president-romney-vs-obama,15298,Gravis Marketing,2012-09-21,2012-09-22,Likely Voters,594,Automated Phone,Nonpartisan,None,2012,ohio,Other,NA
2012-ohio-president-romney-vs-obama,15298,Gravis Marketing,2012-09-21,2012-09-22,Likely Voters,594,Automated Phone,Nonpartisan,None,2012,ohio,Undecided,10
2012-ohio-president-romney-vs-obama,15201,Purple Strategies,2012-09-15,2012-09-19,Likely Voters,600,IVR/Online,Nonpartisan,None,2012,ohio,Obama,48
2012-ohio-president-romney-vs-obama,15201,Purple Strategies,2012-09-15,2012-09-19,Likely Voters,600,IVR/Online,Nonpartisan,None,2012,ohio,Romney,44
2012-ohio-president-romney-vs-obama,15201,Purple Strategies,2012-09-15,2012-09-19,Likely Voters,600,IVR/Online,Nonpartisan,None,2012,ohio,Other,NA
2012-ohio-president-romney-vs-obama,15201,Purple Strategies,2012-09-15,2012-09-19,Likely Voters,600,IVR/Online,Nonpartisan,None,2012,ohio,Undecided,8
2012-ohio-president-romney-vs-obama,15147,FOX,2012-09-16,2012-09-18,Likely Voters,1009,Live Phone,Nonpartisan,None,2012,ohio,Obama,49
2012-ohio-president-romney-vs-obama,15147,FOX,2012-09-16,2012-09-18,Likely Voters,1009,Live Phone,Nonpartisan,None,2012,ohio,Romney,42
2012-ohio-president-romney-vs-obama,15147,FOX,2012-09-16,2012-09-18,Likely Voters,1009,Live Phone,Nonpartisan,None,2012,ohio,Other,3
2012-ohio-president-romney-vs-obama,15147,FOX,2012-09-16,2012-09-18,Likely Voters,1009,Live Phone,Nonpartisan,None,2012,ohio,Undecided,7
2012-ohio-president-romney-vs-obama,15395,PPP (D)/NRDC,2012-09-14,2012-09-18,Likely Voters,2890,Automated Phone,Pollster,Dem,2012,ohio,Obama,50
2012-ohio-president-romney-vs-obama,15395,PPP (D)/NRDC,2012-09-14,2012-09-18,Likely Voters,2890,Automated Phone,Pollster,Dem,2012,ohio,Romney,44
2012-ohio-president-romney-vs-obama,15395,PPP (D)/NRDC,2012-09-14,2012-09-18,Likely Voters,2890,Automated Phone,Pollster,Dem,2012,ohio,Other,NA
2012-ohio-president-romney-vs-obama,15395,PPP (D)/NRDC,2012-09-14,2012-09-18,Likely Voters,2890,Automated Phone,Pollster,Dem,2012,ohio,Undecided,6
2012-ohio-president-romney-vs-obama,15247,Ohio Newspaper Organization/University of Cincinnati,2012-09-13,2012-09-18,Likely Voters,861,Live Phone,Nonpartisan,None,2012,ohio,Obama,51
2012-ohio-president-romney-vs-obama,15247,Ohio Newspaper Organization/University of Cincinnati,2012-09-13,2012-09-18,Likely Voters,861,Live Phone,Nonpartisan,None,2012,ohio,Romney,46
2012-ohio-president-romney-vs-obama,15247,Ohio Newspaper Organization/University of Cincinnati,2012-09-13,2012-09-18,Likely Voters,861,Live Phone,Nonpartisan,None,2012,ohio,Other,1
2012-ohio-president-romney-vs-obama,15247,Ohio Newspaper Organization/University of Cincinnati,2012-09-13,2012-09-18,Likely Voters,861,Live Phone,Nonpartisan,None,2012,ohio,Undecided,2
2012-ohio-president-romney-vs-obama,15174,Caddell/McLaughlin (R)/Secure America Now,2012-09-13,2012-09-15,Likely Voters,600,Live Phone,Pollster,Rep,2012,ohio,Obama,47
2012-ohio-president-romney-vs-obama,15174,Caddell/McLaughlin (R)/Secure America Now,2012-09-13,2012-09-15,Likely Voters,600,Live Phone,Pollster,Rep,2012,ohio,Romney,44
2012-ohio-president-romney-vs-obama,15174,Caddell/McLaughlin (R)/Secure America Now,2012-09-13,2012-09-15,Likely Voters,600,Live Phone,Pollster,Rep,2012,ohio,Other,NA
2012-ohio-president-romney-vs-obama,15174,Caddell/McLaughlin (R)/Secure America Now,2012-09-13,2012-09-15,Likely Voters,600,Live Phone,Pollster,Rep,2012,ohio,Undecided,9
2012-ohio-president-romney-vs-obama,15179,YouGov,2012-09-07,2012-09-14,Likely Voters,1036,Internet,Nonpartisan,None,2012,ohio,Obama,47
2012-ohio-president-romney-vs-obama,15179,YouGov,2012-09-07,2012-09-14,Likely Voters,1036,Internet,Nonpartisan,None,2012,ohio,Romney,44
2012-ohio-president-romney-vs-obama,15179,YouGov,2012-09-07,2012-09-14,Likely Voters,1036,Internet,Nonpartisan,None,2012,ohio,Other,6
2012-ohio-president-romney-vs-obama,15179,YouGov,2012-09-07,2012-09-14,Likely Voters,1036,Internet,Nonpartisan,None,2012,ohio,Undecided,2
2012-ohio-president-romney-vs-obama,15017,Rasmussen,2012-09-12,2012-09-12,Likely Voters,500,Automated Phone,Nonpartisan,None,2012,ohio,Obama,47
2012-ohio-president-romney-vs-obama,15017,Rasmussen,2012-09-12,2012-09-12,Likely Voters,500,Automated Phone,Nonpartisan,None,2012,ohio,Romney,46
2012-ohio-president-romney-vs-obama,15017,Rasmussen,2012-09-12,2012-09-12,Likely Voters,500,Automated Phone,Nonpartisan,None,2012,ohio,Other,3
2012-ohio-president-romney-vs-obama,15017,Rasmussen,2012-09-12,2012-09-12,Likely Voters,500,Automated Phone,Nonpartisan,None,2012,ohio,Undecided,3
2012-ohio-president-romney-vs-obama,15009,ARG,2012-09-10,2012-09-12,Likely Voters,600,Live Phone,Nonpartisan,None,2012,ohio,Obama,48
2012-ohio-president-romney-vs-obama,15009,ARG,2012-09-10,2012-09-12,Likely Voters,600,Live Phone,Nonpartisan,None,2012,ohio,Romney,47
2012-ohio-president-romney-vs-obama,15009,ARG,2012-09-10,2012-09-12,Likely Voters,600,Live Phone,Nonpartisan,None,2012,ohio,Other,1
2012-ohio-president-romney-vs-obama,15009,ARG,2012-09-10,2012-09-12,Likely Voters,600,Live Phone,Nonpartisan,None,2012,ohio,Undecided,4
2012-ohio-president-romney-vs-obama,15030,NBC/WSJ/Marist,2012-09-09,2012-09-11,Likely Voters,979,Live Phone,Nonpartisan,None,2012,ohio,Obama,50
2012-ohio-president-romney-vs-obama,15030,NBC/WSJ/Marist,2012-09-09,2012-09-11,Likely Voters,979,Live Phone,Nonpartisan,None,2012,ohio,Romney,43
2012-ohio-president-romney-vs-obama,15030,NBC/WSJ/Marist,2012-09-09,2012-09-11,Likely Voters,979,Live Phone,Nonpartisan,None,2012,ohio,Other,1
2012-ohio-president-romney-vs-obama,15030,NBC/WSJ/Marist,2012-09-09,2012-09-11,Likely Voters,979,Live Phone,Nonpartisan,None,2012,ohio,Undecided,6
2012-ohio-president-romney-vs-obama,14939,PPP (D),2012-09-07,2012-09-09,Likely Voters,1072,Automated Phone,Pollster,Dem,2012,ohio,Obama,50
2012-ohio-president-romney-vs-obama,14939,PPP (D),2012-09-07,2012-09-09,Likely Voters,1072,Automated Phone,Pollster,Dem,2012,ohio,Romney,45
2012-ohio-president-romney-vs-obama,14939,PPP (D),2012-09-07,2012-09-09,Likely Voters,1072,Automated Phone,Pollster,Dem,2012,ohio,Other,NA
2012-ohio-president-romney-vs-obama,14939,PPP (D),2012-09-07,2012-09-09,Likely Voters,1072,Automated Phone,Pollster,Dem,2012,ohio,Undecided,5
2012-ohio-president-romney-vs-obama,14964,Gravis Marketing,2012-09-07,2012-09-08,Likely Voters,1548,Automated Phone,Nonpartisan,None,2012,ohio,Obama,47
2012-ohio-president-romney-vs-obama,14964,Gravis Marketing,2012-09-07,2012-09-08,Likely Voters,1548,Automated Phone,Nonpartisan,None,2012,ohio,Romney,43
2012-ohio-president-romney-vs-obama,14964,Gravis Marketing,2012-09-07,2012-09-08,Likely Voters,1548,Automated Phone,Nonpartisan,None,2012,ohio,Other,NA
2012-ohio-president-romney-vs-obama,14964,Gravis Marketing,2012-09-07,2012-09-08,Likely Voters,1548,Automated Phone,Nonpartisan,None,2012,ohio,Undecided,10
2012-ohio-president-romney-vs-obama,14894,Gravis Marketing,2012-09-02,2012-09-02,Registered Voters,1381,Automated Phone,Nonpartisan,None,2012,ohio,Obama,44
2012-ohio-president-romney-vs-obama,14894,Gravis Marketing,2012-09-02,2012-09-02,Registered Voters,1381,Automated Phone,Nonpartisan,None,2012,ohio,Romney,47
2012-ohio-president-romney-vs-obama,14894,Gravis Marketing,2012-09-02,2012-09-02,Registered Voters,1381,Automated Phone,Nonpartisan,None,2012,ohio,Other,NA
2012-ohio-president-romney-vs-obama,14894,Gravis Marketing,2012-09-02,2012-09-02,Registered Voters,1381,Automated Phone,Nonpartisan,None,2012,ohio,Undecided,10
2012-ohio-president-romney-vs-obama,14834,Gravis Marketing,2012-08-27,2012-08-27,Likely Voters,1397,Automated Phone,Nonpartisan,None,2012,ohio,Obama,45
2012-ohio-president-romney-vs-obama,14834,Gravis Marketing,2012-08-27,2012-08-27,Likely Voters,1397,Automated Phone,Nonpartisan,None,2012,ohio,Romney,44
2012-ohio-president-romney-vs-obama,14834,Gravis Marketing,2012-08-27,2012-08-27,Likely Voters,1397,Automated Phone,Nonpartisan,None,2012,ohio,Other,NA
2012-ohio-president-romney-vs-obama,14834,Gravis Marketing,2012-08-27,2012-08-27,Likely Voters,1397,Automated Phone,Nonpartisan,None,2012,ohio,Undecided,10
2012-ohio-president-romney-vs-obama,14785,Columbus Dispatch,2012-08-15,2012-08-25,Likely Voters,1758,Mail,Nonpartisan,None,2012,ohio,Obama,45
2012-ohio-president-romney-vs-obama,14785,Columbus Dispatch,2012-08-15,2012-08-25,Likely Voters,1758,Mail,Nonpartisan,None,2012,ohio,Romney,45
2012-ohio-president-romney-vs-obama,14785,Columbus Dispatch,2012-08-15,2012-08-25,Likely Voters,1758,Mail,Nonpartisan,None,2012,ohio,Other,NA
2012-ohio-president-romney-vs-obama,14785,Columbus Dispatch,2012-08-15,2012-08-25,Likely Voters,1758,Mail,Nonpartisan,None,2012,ohio,Undecided,NA
2012-ohio-president-romney-vs-obama,14741,Quinnipiac/NYT/CBS,2012-08-21,2012-08-21,Likely Voters,1253,Live Phone,Nonpartisan,None,2012,ohio,Obama,50
2012-ohio-president-romney-vs-obama,14741,Quinnipiac/NYT/CBS,2012-08-21,2012-08-21,Likely Voters,1253,Live Phone,Nonpartisan,None,2012,ohio,Romney,44
2012-ohio-president-romney-vs-obama,14741,Quinnipiac/NYT/CBS,2012-08-21,2012-08-21,Likely Voters,1253,Live Phone,Nonpartisan,None,2012,ohio,Other,2
2012-ohio-president-romney-vs-obama,14741,Quinnipiac/NYT/CBS,2012-08-21,2012-08-21,Likely Voters,1253,Live Phone,Nonpartisan,None,2012,ohio,Undecided,4
2012-ohio-president-romney-vs-obama,14742,The Ohio Poll/University of Cincinnati,2012-08-16,2012-08-21,Likely Voters,808,Live Phone,Nonpartisan,None,2012,ohio,Obama,49
2012-ohio-president-romney-vs-obama,14742,The Ohio Poll/University of Cincinnati,2012-08-16,2012-08-21,Likely Voters,808,Live Phone,Nonpartisan,None,2012,ohio,Romney,46
2012-ohio-president-romney-vs-obama,14742,The Ohio Poll/University of Cincinnati,2012-08-16,2012-08-21,Likely Voters,808,Live Phone,Nonpartisan,None,2012,ohio,Other,2
2012-ohio-president-romney-vs-obama,14742,The Ohio Poll/University of Cincinnati,2012-08-16,2012-08-21,Likely Voters,808,Live Phone,Nonpartisan,None,2012,ohio,Undecided,2
2012-ohio-president-romney-vs-obama,14667,Purple Strategies,2012-08-13,2012-08-14,Likely Voters,600,Automated Phone,Nonpartisan,None,2012,ohio,Obama,44
2012-ohio-president-romney-vs-obama,14667,Purple Strategies,2012-08-13,2012-08-14,Likely Voters,600,Automated Phone,Nonpartisan,None,2012,ohio,Romney,46
2012-ohio-president-romney-vs-obama,14667,Purple Strategies,2012-08-13,2012-08-14,Likely Voters,600,Automated Phone,Nonpartisan,None,2012,ohio,Other,NA
2012-ohio-president-romney-vs-obama,14667,Purple Strategies,2012-08-13,2012-08-14,Likely Voters,600,Automated Phone,Nonpartisan,None,2012,ohio,Undecided,10
2012-ohio-president-romney-vs-obama,14648,Rasmussen,2012-08-13,2012-08-13,Likely Voters,500,Automated Phone,Nonpartisan,None,2012,ohio,Obama,45
2012-ohio-president-romney-vs-obama,14648,Rasmussen,2012-08-13,2012-08-13,Likely Voters,500,Automated Phone,Nonpartisan,None,2012,ohio,Romney,45
2012-ohio-president-romney-vs-obama,14648,Rasmussen,2012-08-13,2012-08-13,Likely Voters,500,Automated Phone,Nonpartisan,None,2012,ohio,Other,6
2012-ohio-president-romney-vs-obama,14648,Rasmussen,2012-08-13,2012-08-13,Likely Voters,500,Automated Phone,Nonpartisan,None,2012,ohio,Undecided,4
2012-ohio-president-romney-vs-obama,14651,PPP (D),2012-08-09,2012-08-12,Likely Voters,961,Automated Phone,Pollster,Dem,2012,ohio,Obama,48
2012-ohio-president-romney-vs-obama,14651,PPP (D),2012-08-09,2012-08-12,Likely Voters,961,Automated Phone,Pollster,Dem,2012,ohio,Romney,45
2012-ohio-president-romney-vs-obama,14651,PPP (D),2012-08-09,2012-08-12,Likely Voters,961,Automated Phone,Pollster,Dem,2012,ohio,Other,NA
2012-ohio-president-romney-vs-obama,14651,PPP (D),2012-08-09,2012-08-12,Likely Voters,961,Automated Phone,Pollster,Dem,2012,ohio,Undecided,6
2012-ohio-president-romney-vs-obama,14520,Quinnipiac/NYT/CBS,2012-07-24,2012-07-30,Likely Voters,1193,Live Phone,Nonpartisan,None,2012,ohio,Obama,50
2012-ohio-president-romney-vs-obama,14520,Quinnipiac/NYT/CBS,2012-07-24,2012-07-30,Likely Voters,1193,Live Phone,Nonpartisan,None,2012,ohio,Romney,44
2012-ohio-president-romney-vs-obama,14520,Quinnipiac/NYT/CBS,2012-07-24,2012-07-30,Likely Voters,1193,Live Phone,Nonpartisan,None,2012,ohio,Other,1
2012-ohio-president-romney-vs-obama,14520,Quinnipiac/NYT/CBS,2012-07-24,2012-07-30,Likely Voters,1193,Live Phone,Nonpartisan,None,2012,ohio,Undecided,4
2012-ohio-president-romney-vs-obama,14470,We Ask America,2012-07-24,2012-07-24,Likely Voters,1115,Automated Phone,Nonpartisan,None,2012,ohio,Obama,48
2012-ohio-president-romney-vs-obama,14470,We Ask America,2012-07-24,2012-07-24,Likely Voters,1115,Automated Phone,Nonpartisan,None,2012,ohio,Romney,40
2012-ohio-president-romney-vs-obama,14470,We Ask America,2012-07-24,2012-07-24,Likely Voters,1115,Automated Phone,Nonpartisan,None,2012,ohio,Other,2
2012-ohio-president-romney-vs-obama,14470,We Ask America,2012-07-24,2012-07-24,Likely Voters,1115,Automated Phone,Nonpartisan,None,2012,ohio,Undecided,10
2012-ohio-president-romney-vs-obama,14492,Magellan (R-Opportunity Ohio),2012-07-23,2012-07-24,Likely Voters,597,Automated Phone,Pollster,Rep,2012,ohio,Obama,45
2012-ohio-president-romney-vs-obama,14492,Magellan (R-Opportunity Ohio),2012-07-23,2012-07-24,Likely Voters,597,Automated Phone,Pollster,Rep,2012,ohio,Romney,43
2012-ohio-president-romney-vs-obama,14492,Magellan (R-Opportunity Ohio),2012-07-23,2012-07-24,Likely Voters,597,Automated Phone,Pollster,Rep,2012,ohio,Other,9
2012-ohio-president-romney-vs-obama,14492,Magellan (R-Opportunity Ohio),2012-07-23,2012-07-24,Likely Voters,597,Automated Phone,Pollster,Rep,2012,ohio,Undecided,3
2012-ohio-president-romney-vs-obama,14394,Rasmussen,2012-07-18,2012-07-18,Likely Voters,500,Automated Phone,Nonpartisan,None,2012,ohio,Obama,47
2012-ohio-president-romney-vs-obama,14394,Rasmussen,2012-07-18,2012-07-18,Likely Voters,500,Automated Phone,Nonpartisan,None,2012,ohio,Romney,45
2012-ohio-president-romney-vs-obama,14394,Rasmussen,2012-07-18,2012-07-18,Likely Voters,500,Automated Phone,Nonpartisan,None,2012,ohio,Other,5
2012-ohio-president-romney-vs-obama,14394,Rasmussen,2012-07-18,2012-07-18,Likely Voters,500,Automated Phone,Nonpartisan,None,2012,ohio,Undecided,4
2012-ohio-president-romney-vs-obama,14357,Purple Strategies,2012-07-09,2012-07-13,Likely Voters,600,Automated Phone,Nonpartisan,None,2012,ohio,Obama,48
2012-ohio-president-romney-vs-obama,14357,Purple Strategies,2012-07-09,2012-07-13,Likely Voters,600,Automated Phone,Nonpartisan,None,2012,ohio,Romney,45
2012-ohio-president-romney-vs-obama,14357,Purple Strategies,2012-07-09,2012-07-13,Likely Voters,600,Automated Phone,Nonpartisan,None,2012,ohio,Other,NA
2012-ohio-president-romney-vs-obama,14357,Purple Strategies,2012-07-09,2012-07-13,Likely Voters,600,Automated Phone,Nonpartisan,None,2012,ohio,Undecided,7
2012-ohio-president-romney-vs-obama,14322,Garin-Hart-Yang (D-Priorities USA),2012-06-25,2012-07-03,Likely Voters,805,Live Phone,Sponsor,Dem,2012,ohio,Obama,48
2012-ohio-president-romney-vs-obama,14322,Garin-Hart-Yang (D-Priorities USA),2012-06-25,2012-07-03,Likely Voters,805,Live Phone,Sponsor,Dem,2012,ohio,Romney,41
2012-ohio-president-romney-vs-obama,14322,Garin-Hart-Yang (D-Priorities USA),2012-06-25,2012-07-03,Likely Voters,805,Live Phone,Sponsor,Dem,2012,ohio,Other,NA
2012-ohio-president-romney-vs-obama,14322,Garin-Hart-Yang (D-Priorities USA),2012-06-25,2012-07-03,Likely Voters,805,Live Phone,Sponsor,Dem,2012,ohio,Undecided,NA
2012-ohio-president-romney-vs-obama,14188,Quinnipiac,2012-06-19,2012-06-25,Registered Voters,1237,Live Phone,Nonpartisan,None,2012,ohio,Obama,47
2012-ohio-president-romney-vs-obama,14188,Quinnipiac,2012-06-19,2012-06-25,Registered Voters,1237,Live Phone,Nonpartisan,None,2012,ohio,Romney,38
2012-ohio-president-romney-vs-obama,14188,Quinnipiac,2012-06-19,2012-06-25,Registered Voters,1237,Live Phone,Nonpartisan,None,2012,ohio,Other,3
2012-ohio-president-romney-vs-obama,14188,Quinnipiac,2012-06-19,2012-06-25,Registered Voters,1237,Live Phone,Nonpartisan,None,2012,ohio,Undecided,12
2012-ohio-president-romney-vs-obama,14177,PPP (D),2012-06-21,2012-06-24,Likely Voters,673,Automated Phone,Pollster,Dem,2012,ohio,Obama,47
2012-ohio-president-romney-vs-obama,14177,PPP (D),2012-06-21,2012-06-24,Likely Voters,673,Automated Phone,Pollster,Dem,2012,ohio,Romney,44
2012-ohio-president-romney-vs-obama,14177,PPP (D),2012-06-21,2012-06-24,Likely Voters,673,Automated Phone,Pollster,Dem,2012,ohio,Other,NA
2012-ohio-president-romney-vs-obama,14177,PPP (D),2012-06-21,2012-06-24,Likely Voters,673,Automated Phone,Pollster,Dem,2012,ohio,Undecided,9
2012-ohio-president-romney-vs-obama,14036,Purple Strategies,2012-05-31,2012-06-05,Likely Voters,600,Automated Phone,Nonpartisan,None,2012,ohio,Obama,45
2012-ohio-president-romney-vs-obama,14036,Purple Strategies,2012-05-31,2012-06-05,Likely Voters,600,Automated Phone,Nonpartisan,None,2012,ohio,Romney,48
2012-ohio-president-romney-vs-obama,14036,Purple Strategies,2012-05-31,2012-06-05,Likely Voters,600,Automated Phone,Nonpartisan,None,2012,ohio,Other,NA
2012-ohio-president-romney-vs-obama,14036,Purple Strategies,2012-05-31,2012-06-05,Likely Voters,600,Automated Phone,Nonpartisan,None,2012,ohio,Undecided,8
2012-ohio-president-romney-vs-obama,13965,Rasmussen,2012-05-29,2012-05-29,Likely Voters,500,Automated Phone,Nonpartisan,None,2012,ohio,Obama,44
2012-ohio-president-romney-vs-obama,13965,Rasmussen,2012-05-29,2012-05-29,Likely Voters,500,Automated Phone,Nonpartisan,None,2012,ohio,Romney,46
2012-ohio-president-romney-vs-obama,13965,Rasmussen,2012-05-29,2012-05-29,Likely Voters,500,Automated Phone,Nonpartisan,None,2012,ohio,Other,6
2012-ohio-president-romney-vs-obama,13965,Rasmussen,2012-05-29,2012-05-29,Likely Voters,500,Automated Phone,Nonpartisan,None,2012,ohio,Undecided,5
2012-ohio-president-romney-vs-obama,13892,NBC/Marist,2012-05-17,2012-05-20,Registered Voters,1103,Live Phone,Nonpartisan,None,2012,ohio,Obama,48
2012-ohio-president-romney-vs-obama,13892,NBC/Marist,2012-05-17,2012-05-20,Registered Voters,1103,Live Phone,Nonpartisan,None,2012,ohio,Romney,42
2012-ohio-president-romney-vs-obama,13892,NBC/Marist,2012-05-17,2012-05-20,Registered Voters,1103,Live Phone,Nonpartisan,None,2012,ohio,Other,2
2012-ohio-president-romney-vs-obama,13892,NBC/Marist,2012-05-17,2012-05-20,Registered Voters,1103,Live Phone,Nonpartisan,None,2012,ohio,Undecided,8
2012-ohio-president-romney-vs-obama,13724,Quinnipiac,2012-05-02,2012-05-07,Registered Voters,1069,Live Phone,Nonpartisan,None,2012,ohio,Obama,45
2012-ohio-president-romney-vs-obama,13724,Quinnipiac,2012-05-02,2012-05-07,Registered Voters,1069,Live Phone,Nonpartisan,None,2012,ohio,Romney,44
2012-ohio-president-romney-vs-obama,13724,Quinnipiac,2012-05-02,2012-05-07,Registered Voters,1069,Live Phone,Nonpartisan,None,2012,ohio,Other,2
2012-ohio-president-romney-vs-obama,13724,Quinnipiac,2012-05-02,2012-05-07,Registered Voters,1069,Live Phone,Nonpartisan,None,2012,ohio,Undecided,10
2012-ohio-president-romney-vs-obama,13708,PPP (D),2012-04-28,2012-05-06,Likely Voters,875,Automated Phone,Pollster,Dem,2012,ohio,Obama,50
2012-ohio-president-romney-vs-obama,13708,PPP (D),2012-04-28,2012-05-06,Likely Voters,875,Automated Phone,Pollster,Dem,2012,ohio,Romney,43
2012-ohio-president-romney-vs-obama,13708,PPP (D),2012-04-28,2012-05-06,Likely Voters,875,Automated Phone,Pollster,Dem,2012,ohio,Other,NA
2012-ohio-president-romney-vs-obama,13708,PPP (D),2012-04-28,2012-05-06,Likely Voters,875,Automated Phone,Pollster,Dem,2012,ohio,Undecided,8
2012-ohio-president-romney-vs-obama,13676,Quinnipiac,2012-04-25,2012-05-01,Registered Voters,1130,Live Phone,Nonpartisan,None,2012,ohio,Obama,44
2012-ohio-president-romney-vs-obama,13676,Quinnipiac,2012-04-25,2012-05-01,Registered Voters,1130,Live Phone,Nonpartisan,None,2012,ohio,Romney,42
2012-ohio-president-romney-vs-obama,13676,Quinnipiac,2012-04-25,2012-05-01,Registered Voters,1130,Live Phone,Nonpartisan,None,2012,ohio,Other,3
2012-ohio-president-romney-vs-obama,13676,Quinnipiac,2012-04-25,2012-05-01,Registered Voters,1130,Live Phone,Nonpartisan,None,2012,ohio,Undecided,11
2012-ohio-president-romney-vs-obama,13619,Purple Strategies,2012-04-19,2012-04-23,Likely Voters,600,Automated Phone,Nonpartisan,None,2012,ohio,Obama,49
2012-ohio-president-romney-vs-obama,13619,Purple Strategies,2012-04-19,2012-04-23,Likely Voters,600,Automated Phone,Nonpartisan,None,2012,ohio,Romney,44
2012-ohio-president-romney-vs-obama,13619,Purple Strategies,2012-04-19,2012-04-23,Likely Voters,600,Automated Phone,Nonpartisan,None,2012,ohio,Other,NA
2012-ohio-president-romney-vs-obama,13619,Purple Strategies,2012-04-19,2012-04-23,Likely Voters,600,Automated Phone,Nonpartisan,None,2012,ohio,Undecided,7
2012-ohio-president-romney-vs-obama,13578,Rasmussen,2012-04-18,2012-04-18,Likely Voters,500,Automated Phone,Nonpartisan,None,2012,ohio,Obama,46
2012-ohio-president-romney-vs-obama,13578,Rasmussen,2012-04-18,2012-04-18,Likely Voters,500,Automated Phone,Nonpartisan,None,2012,ohio,Romney,42
2012-ohio-president-romney-vs-obama,13578,Rasmussen,2012-04-18,2012-04-18,Likely Voters,500,Automated Phone,Nonpartisan,None,2012,ohio,Other,NA
2012-ohio-president-romney-vs-obama,13578,Rasmussen,2012-04-18,2012-04-18,Likely Voters,500,Automated Phone,Nonpartisan,None,2012,ohio,Undecided,NA
2012-ohio-president-romney-vs-obama,13571,FOX,2012-04-15,2012-04-17,Registered Voters,606,Live Phone,Nonpartisan,None,2012,ohio,Obama,45
2012-ohio-president-romney-vs-obama,13571,FOX,2012-04-15,2012-04-17,Registered Voters,606,Live Phone,Nonpartisan,None,2012,ohio,Romney,39
2012-ohio-president-romney-vs-obama,13571,FOX,2012-04-15,2012-04-17,Registered Voters,606,Live Phone,Nonpartisan,None,2012,ohio,Other,3
2012-ohio-president-romney-vs-obama,13571,FOX,2012-04-15,2012-04-17,Registered Voters,606,Live Phone,Nonpartisan,None,2012,ohio,Undecided,12
2012-ohio-president-romney-vs-obama,13371,Rasmussen,2012-03-26,2012-03-26,Likely Voters,500,Automated Phone,Nonpartisan,None,2012,ohio,Obama,48
2012-ohio-president-romney-vs-obama,13371,Rasmussen,2012-03-26,2012-03-26,Likely Voters,500,Automated Phone,Nonpartisan,None,2012,ohio,Romney,40
2012-ohio-president-romney-vs-obama,13371,Rasmussen,2012-03-26,2012-03-26,Likely Voters,500,Automated Phone,Nonpartisan,None,2012,ohio,Other,8
2012-ohio-president-romney-vs-obama,13371,Rasmussen,2012-03-26,2012-03-26,Likely Voters,500,Automated Phone,Nonpartisan,None,2012,ohio,Undecided,3
2012-ohio-president-romney-vs-obama,13369,Quinnipiac,2012-03-20,2012-03-26,Registered Voters,1246,Live Phone,Nonpartisan,None,2012,ohio,Obama,47
2012-ohio-president-romney-vs-obama,13369,Quinnipiac,2012-03-20,2012-03-26,Registered Voters,1246,Live Phone,Nonpartisan,None,2012,ohio,Romney,41
2012-ohio-president-romney-vs-obama,13369,Quinnipiac,2012-03-20,2012-03-26,Registered Voters,1246,Live Phone,Nonpartisan,None,2012,ohio,Other,2
2012-ohio-president-romney-vs-obama,13369,Quinnipiac,2012-03-20,2012-03-26,Registered Voters,1246,Live Phone,Nonpartisan,None,2012,ohio,Undecided,7
2012-ohio-president-romney-vs-obama,13107,NBC/Marist,2012-02-29,2012-03-02,Registered Voters,1573,Live Phone,Nonpartisan,None,2012,ohio,Obama,50
2012-ohio-president-romney-vs-obama,13107,NBC/Marist,2012-02-29,2012-03-02,Registered Voters,1573,Live Phone,Nonpartisan,None,2012,ohio,Romney,38
2012-ohio-president-romney-vs-obama,13107,NBC/Marist,2012-02-29,2012-03-02,Registered Voters,1573,Live Phone,Nonpartisan,None,2012,ohio,Other,NA
2012-ohio-president-romney-vs-obama,13107,NBC/Marist,2012-02-29,2012-03-02,Registered Voters,1573,Live Phone,Nonpartisan,None,2012,ohio,Undecided,12
2012-ohio-president-romney-vs-obama,13147,FOX,2012-02-11,2012-02-13,Likely Voters,505,Automated Phone,Nonpartisan,None,2012,ohio,Obama,38
2012-ohio-president-romney-vs-obama,13147,FOX,2012-02-11,2012-02-13,Likely Voters,505,Automated Phone,Nonpartisan,None,2012,ohio,Romney,44
2012-ohio-president-romney-vs-obama,13147,FOX,2012-02-11,2012-02-13,Likely Voters,505,Automated Phone,Nonpartisan,None,2012,ohio,Other,2
2012-ohio-president-romney-vs-obama,13147,FOX,2012-02-11,2012-02-13,Likely Voters,505,Automated Phone,Nonpartisan,None,2012,ohio,Undecided,9
2012-ohio-president-romney-vs-obama,13148,Quinnipiac,2012-02-07,2012-02-12,Registered Voters,1421,Live Phone,Nonpartisan,None,2012,ohio,Obama,46
2012-ohio-president-romney-vs-obama,13148,Quinnipiac,2012-02-07,2012-02-12,Registered Voters,1421,Live Phone,Nonpartisan,None,2012,ohio,Romney,44
2012-ohio-president-romney-vs-obama,13148,Quinnipiac,2012-02-07,2012-02-12,Registered Voters,1421,Live Phone,Nonpartisan,None,2012,ohio,Other,1
2012-ohio-president-romney-vs-obama,13148,Quinnipiac,2012-02-07,2012-02-12,Registered Voters,1421,Live Phone,Nonpartisan,None,2012,ohio,Undecided,7
2012-ohio-president-romney-vs-obama,12834,Rasmussen,2012-02-08,2012-02-08,Likely Voters,500,Automated Phone,Nonpartisan,None,2012,ohio,Obama,45
2012-ohio-president-romney-vs-obama,12834,Rasmussen,2012-02-08,2012-02-08,Likely Voters,500,Automated Phone,Nonpartisan,None,2012,ohio,Romney,41
2012-ohio-president-romney-vs-obama,12834,Rasmussen,2012-02-08,2012-02-08,Likely Voters,500,Automated Phone,Nonpartisan,None,2012,ohio,Other,10
2012-ohio-president-romney-vs-obama,12834,Rasmussen,2012-02-08,2012-02-08,Likely Voters,500,Automated Phone,Nonpartisan,None,2012,ohio,Undecided,4
2012-ohio-president-romney-vs-obama,12696,PPP (D),2012-01-28,2012-01-29,Likely Voters,820,Automated Phone,Pollster,Dem,2012,ohio,Obama,49
2012-ohio-president-romney-vs-obama,12696,PPP (D),2012-01-28,2012-01-29,Likely Voters,820,Automated Phone,Pollster,Dem,2012,ohio,Romney,42
2012-ohio-president-romney-vs-obama,12696,PPP (D),2012-01-28,2012-01-29,Likely Voters,820,Automated Phone,Pollster,Dem,2012,ohio,Other,NA
2012-ohio-president-romney-vs-obama,12696,PPP (D),2012-01-28,2012-01-29,Likely Voters,820,Automated Phone,Pollster,Dem,2012,ohio,Undecided,9
2012-ohio-president-romney-vs-obama,12500,Quinnipiac,2012-01-09,2012-01-16,Registered Voters,1610,Live Phone,Nonpartisan,None,2012,ohio,Obama,44
2012-ohio-president-romney-vs-obama,12500,Quinnipiac,2012-01-09,2012-01-16,Registered Voters,1610,Live Phone,Nonpartisan,None,2012,ohio,Romney,42
2012-ohio-president-romney-vs-obama,12500,Quinnipiac,2012-01-09,2012-01-16,Registered Voters,1610,Live Phone,Nonpartisan,None,2012,ohio,Other,3
2012-ohio-president-romney-vs-obama,12500,Quinnipiac,2012-01-09,2012-01-16,Registered Voters,1610,Live Phone,Nonpartisan,None,2012,ohio,Undecided,8
2012-north-carolina-president-romney-vs-obama,16621,Gravis Marketing,2012-11-04,2012-11-04,Likely Voters,1130,Automated Phone,Nonpartisan,None,2012,north-carolina,Obama,46
2012-north-carolina-president-romney-vs-obama,16621,Gravis Marketing,2012-11-04,2012-11-04,Likely Voters,1130,Automated Phone,Nonpartisan,None,2012,north-carolina,Romney,50
2012-north-carolina-president-romney-vs-obama,16621,Gravis Marketing,2012-11-04,2012-11-04,Likely Voters,1130,Automated Phone,Nonpartisan,None,2012,north-carolina,Other,NA
2012-north-carolina-president-romney-vs-obama,16621,Gravis Marketing,2012-11-04,2012-11-04,Likely Voters,1130,Automated Phone,Nonpartisan,None,2012,north-carolina,Undecided,4
2012-north-carolina-president-romney-vs-obama,16613,PPP (D),2012-11-03,2012-11-04,Likely Voters,926,Automated Phone,Pollster,Dem,2012,north-carolina,Obama,49
2012-north-carolina-president-romney-vs-obama,16613,PPP (D),2012-11-03,2012-11-04,Likely Voters,926,Automated Phone,Pollster,Dem,2012,north-carolina,Romney,49
2012-north-carolina-president-romney-vs-obama,16613,PPP (D),2012-11-03,2012-11-04,Likely Voters,926,Automated Phone,Pollster,Dem,2012,north-carolina,Other,NA
2012-north-carolina-president-romney-vs-obama,16613,PPP (D),2012-11-03,2012-11-04,Likely Voters,926,Automated Phone,Pollster,Dem,2012,north-carolina,Undecided,1
2012-north-carolina-president-romney-vs-obama,16572,YouGov,2012-10-31,2012-11-03,Likely Voters,1500,Internet,Nonpartisan,None,2012,north-carolina,Obama,47
2012-north-carolina-president-romney-vs-obama,16572,YouGov,2012-10-31,2012-11-03,Likely Voters,1500,Internet,Nonpartisan,None,2012,north-carolina,Romney,49
2012-north-carolina-president-romney-vs-obama,16572,YouGov,2012-10-31,2012-11-03,Likely Voters,1500,Internet,Nonpartisan,None,2012,north-carolina,Other,1
2012-north-carolina-president-romney-vs-obama,16572,YouGov,2012-10-31,2012-11-03,Likely Voters,1500,Internet,Nonpartisan,None,2012,north-carolina,Undecided,3
2012-north-carolina-president-romney-vs-obama,16377,PPP (D),2012-10-29,2012-10-31,Likely Voters,730,Automated Phone,Pollster,Dem,2012,north-carolina,Obama,49
2012-north-carolina-president-romney-vs-obama,16377,PPP (D),2012-10-29,2012-10-31,Likely Voters,730,Automated Phone,Pollster,Dem,2012,north-carolina,Romney,49
2012-north-carolina-president-romney-vs-obama,16377,PPP (D),2012-10-29,2012-10-31,Likely Voters,730,Automated Phone,Pollster,Dem,2012,north-carolina,Other,NA
2012-north-carolina-president-romney-vs-obama,16377,PPP (D),2012-10-29,2012-10-31,Likely Voters,730,Automated Phone,Pollster,Dem,2012,north-carolina,Undecided,1
2012-north-carolina-president-romney-vs-obama,16426,High Point University,2012-10-22,2012-10-30,Registered Voters,403,Live Phone,Nonpartisan,None,2012,north-carolina,Obama,45
2012-north-carolina-president-romney-vs-obama,16426,High Point University,2012-10-22,2012-10-30,Registered Voters,403,Live Phone,Nonpartisan,None,2012,north-carolina,Romney,46
2012-north-carolina-president-romney-vs-obama,16426,High Point University,2012-10-22,2012-10-30,Registered Voters,403,Live Phone,Nonpartisan,None,2012,north-carolina,Other,NA
2012-north-carolina-president-romney-vs-obama,16426,High Point University,2012-10-22,2012-10-30,Registered Voters,403,Live Phone,Nonpartisan,None,2012,north-carolina,Undecided,9
2012-north-carolina-president-romney-vs-obama,16356,SurveyUSA,2012-10-27,2012-10-29,Likely Voters,682,IVR/Online,Nonpartisan,None,2012,north-carolina,Obama,45
2012-north-carolina-president-romney-vs-obama,16356,SurveyUSA,2012-10-27,2012-10-29,Likely Voters,682,IVR/Online,Nonpartisan,None,2012,north-carolina,Romney,50
2012-north-carolina-president-romney-vs-obama,16356,SurveyUSA,2012-10-27,2012-10-29,Likely Voters,682,IVR/Online,Nonpartisan,None,2012,north-carolina,Other,2
2012-north-carolina-president-romney-vs-obama,16356,SurveyUSA,2012-10-27,2012-10-29,Likely Voters,682,IVR/Online,Nonpartisan,None,2012,north-carolina,Undecided,3
2012-north-carolina-president-romney-vs-obama,16267,Elon,2012-10-21,2012-10-26,Likely Voters,1238,Live Phone,Nonpartisan,None,2012,north-carolina,Obama,45
2012-north-carolina-president-romney-vs-obama,16267,Elon,2012-10-21,2012-10-26,Likely Voters,1238,Live Phone,Nonpartisan,None,2012,north-carolina,Romney,45
2012-north-carolina-president-romney-vs-obama,16267,Elon,2012-10-21,2012-10-26,Likely Voters,1238,Live Phone,Nonpartisan,None,2012,north-carolina,Other,NA
2012-north-carolina-president-romney-vs-obama,16267,Elon,2012-10-21,2012-10-26,Likely Voters,1238,Live Phone,Nonpartisan,None,2012,north-carolina,Undecided,9
2012-north-carolina-president-romney-vs-obama,16217,Rasmussen,2012-10-25,2012-10-25,Likely Voters,500,Automated Phone,Nonpartisan,None,2012,north-carolina,Obama,46
2012-north-carolina-president-romney-vs-obama,16217,Rasmussen,2012-10-25,2012-10-25,Likely Voters,500,Automated Phone,Nonpartisan,None,2012,north-carolina,Romney,52
2012-north-carolina-president-romney-vs-obama,16217,Rasmussen,2012-10-25,2012-10-25,Likely Voters,500,Automated Phone,Nonpartisan,None,2012,north-carolina,Other,1
2012-north-carolina-president-romney-vs-obama,16217,Rasmussen,2012-10-25,2012-10-25,Likely Voters,500,Automated Phone,Nonpartisan,None,2012,north-carolina,Undecided,1
2012-north-carolina-president-romney-vs-obama,16162,PPP (D),2012-10-23,2012-10-25,Likely Voters,880,Automated Phone,Pollster,Dem,2012,north-carolina,Obama,48
2012-north-carolina-president-romney-vs-obama,16162,PPP (D),2012-10-23,2012-10-25,Likely Voters,880,Automated Phone,Pollster,Dem,2012,north-carolina,Romney,48
2012-north-carolina-president-romney-vs-obama,16162,PPP (D),2012-10-23,2012-10-25,Likely Voters,880,Automated Phone,Pollster,Dem,2012,north-carolina,Other,NA
2012-north-carolina-president-romney-vs-obama,16162,PPP (D),2012-10-23,2012-10-25,Likely Voters,880,Automated Phone,Pollster,Dem,2012,north-carolina,Undecided,4
2012-north-carolina-president-romney-vs-obama,16198,Gravis Marketing,2012-10-24,2012-10-24,Likely Voters,1723,Automated Phone,Nonpartisan,None,2012,north-carolina,Obama,45
2012-north-carolina-president-romney-vs-obama,16198,Gravis Marketing,2012-10-24,2012-10-24,Likely Voters,1723,Automated Phone,Nonpartisan,None,2012,north-carolina,Romney,53
2012-north-carolina-president-romney-vs-obama,16198,Gravis Marketing,2012-10-24,2012-10-24,Likely Voters,1723,Automated Phone,Nonpartisan,None,2012,north-carolina,Other,NA
2012-north-carolina-president-romney-vs-obama,16198,Gravis Marketing,2012-10-24,2012-10-24,Likely Voters,1723,Automated Phone,Nonpartisan,None,2012,north-carolina,Undecided,3
2012-north-carolina-president-romney-vs-obama,16232,Grove Insight (D-Project New America),2012-10-23,2012-10-24,Likely Voters,500,Live Phone,Pollster,Dem,2012,north-carolina,Obama,47
2012-north-carolina-president-romney-vs-obama,16232,Grove Insight (D-Project New America),2012-10-23,2012-10-24,Likely Voters,500,Live Phone,Pollster,Dem,2012,north-carolina,Romney,44
2012-north-carolina-president-romney-vs-obama,16232,Grove Insight (D-Project New America),2012-10-23,2012-10-24,Likely Voters,500,Live Phone,Pollster,Dem,2012,north-carolina,Other,2
2012-north-carolina-president-romney-vs-obama,16232,Grove Insight (D-Project New America),2012-10-23,2012-10-24,Likely Voters,500,Live Phone,Pollster,Dem,2012,north-carolina,Undecided,7
2012-north-carolina-president-romney-vs-obama,16195,Civitas (R) / National Research (R),2012-10-20,2012-10-21,Likely Voters,600,Live Phone,Pollster,Rep,2012,north-carolina,Obama,47
2012-north-carolina-president-romney-vs-obama,16195,Civitas (R) / National Research (R),2012-10-20,2012-10-21,Likely Voters,600,Live Phone,Pollster,Rep,2012,north-carolina,Romney,48
2012-north-carolina-president-romney-vs-obama,16195,Civitas (R) / National Research (R),2012-10-20,2012-10-21,Likely Voters,600,Live Phone,Pollster,Rep,2012,north-carolina,Other,NA
2012-north-carolina-president-romney-vs-obama,16195,Civitas (R) / National Research (R),2012-10-20,2012-10-21,Likely Voters,600,Live Phone,Pollster,Rep,2012,north-carolina,Undecided,5
2012-north-carolina-president-romney-vs-obama,15957,Grove Insight (D-Project New America),2012-10-17,2012-10-18,Likely Voters,500,Live Phone,Pollster,Dem,2012,north-carolina,Obama,47
2012-north-carolina-president-romney-vs-obama,15957,Grove Insight (D-Project New America),2012-10-17,2012-10-18,Likely Voters,500,Live Phone,Pollster,Dem,2012,north-carolina,Romney,44
2012-north-carolina-president-romney-vs-obama,15957,Grove Insight (D-Project New America),2012-10-17,2012-10-18,Likely Voters,500,Live Phone,Pollster,Dem,2012,north-carolina,Other,NA
2012-north-carolina-president-romney-vs-obama,15957,Grove Insight (D-Project New America),2012-10-17,2012-10-18,Likely Voters,500,Live Phone,Pollster,Dem,2012,north-carolina,Undecided,NA
2012-north-carolina-president-romney-vs-obama,15918,Rasmussen,2012-10-17,2012-10-17,Likely Voters,500,Automated Phone,Nonpartisan,None,2012,north-carolina,Obama,46
2012-north-carolina-president-romney-vs-obama,15918,Rasmussen,2012-10-17,2012-10-17,Likely Voters,500,Automated Phone,Nonpartisan,None,2012,north-carolina,Romney,52
2012-north-carolina-president-romney-vs-obama,15918,Rasmussen,2012-10-17,2012-10-17,Likely Voters,500,Automated Phone,Nonpartisan,None,2012,north-carolina,Other,NA
2012-north-carolina-president-romney-vs-obama,15918,Rasmussen,2012-10-17,2012-10-17,Likely Voters,500,Automated Phone,Nonpartisan,None,2012,north-carolina,Undecided,1
2012-north-carolina-president-romney-vs-obama,15775,PPP (D),2012-10-12,2012-10-14,Likely Voters,1084,Automated Phone,Pollster,Dem,2012,north-carolina,Obama,47
2012-north-carolina-president-romney-vs-obama,15775,PPP (D),2012-10-12,2012-10-14,Likely Voters,1084,Automated Phone,Pollster,Dem,2012,north-carolina,Romney,49
2012-north-carolina-president-romney-vs-obama,15775,PPP (D),2012-10-12,2012-10-14,Likely Voters,1084,Automated Phone,Pollster,Dem,2012,north-carolina,Other,NA
2012-north-carolina-president-romney-vs-obama,15775,PPP (D),2012-10-12,2012-10-14,Likely Voters,1084,Automated Phone,Pollster,Dem,2012,north-carolina,Undecided,4
2012-north-carolina-president-romney-vs-obama,15986,Tel Opinion Research (R-North Carolina Republican Party),2012-10-12,2012-10-13,Likely Voters,600,Live Phone,Sponsor,Rep,2012,north-carolina,Obama,45
2012-north-carolina-president-romney-vs-obama,15986,Tel Opinion Research (R-North Carolina Republican Party),2012-10-12,2012-10-13,Likely Voters,600,Live Phone,Sponsor,Rep,2012,north-carolina,Romney,49
2012-north-carolina-president-romney-vs-obama,15986,Tel Opinion Research (R-North Carolina Republican Party),2012-10-12,2012-10-13,Likely Voters,600,Live Phone,Sponsor,Rep,2012,north-carolina,Other,NA
2012-north-carolina-president-romney-vs-obama,15986,Tel Opinion Research (R-North Carolina Republican Party),2012-10-12,2012-10-13,Likely Voters,600,Live Phone,Sponsor,Rep,2012,north-carolina,Undecided,NA
2012-north-carolina-president-romney-vs-obama,15843,YouGov,2012-10-04,2012-10-11,Likely Voters,810,Internet,Nonpartisan,None,2012,north-carolina,Obama,48
2012-north-carolina-president-romney-vs-obama,15843,YouGov,2012-10-04,2012-10-11,Likely Voters,810,Internet,Nonpartisan,None,2012,north-carolina,Romney,49
2012-north-carolina-president-romney-vs-obama,15843,YouGov,2012-10-04,2012-10-11,Likely Voters,810,Internet,Nonpartisan,None,2012,north-carolina,Other,1
2012-north-carolina-president-romney-vs-obama,15843,YouGov,2012-10-04,2012-10-11,Likely Voters,810,Internet,Nonpartisan,None,2012,north-carolina,Undecided,2
2012-north-carolina-president-romney-vs-obama,15757,High Point University/UNC,2012-09-29,2012-10-10,Registered Voters,605,Live Phone,Nonpartisan,None,2012,north-carolina,Obama,46
2012-north-carolina-president-romney-vs-obama,15757,High Point University/UNC,2012-09-29,2012-10-10,Registered Voters,605,Live Phone,Nonpartisan,None,2012,north-carolina,Romney,45
2012-north-carolina-president-romney-vs-obama,15757,High Point University/UNC,2012-09-29,2012-10-10,Registered Voters,605,Live Phone,Nonpartisan,None,2012,north-carolina,Other,2
2012-north-carolina-president-romney-vs-obama,15757,High Point University/UNC,2012-09-29,2012-10-10,Registered Voters,605,Live Phone,Nonpartisan,None,2012,north-carolina,Undecided,7
2012-north-carolina-president-romney-vs-obama,15701,Rasmussen,2012-10-09,2012-10-09,Likely Voters,500,Automated Phone,Nonpartisan,None,2012,north-carolina,Obama,48
2012-north-carolina-president-romney-vs-obama,15701,Rasmussen,2012-10-09,2012-10-09,Likely Voters,500,Automated Phone,Nonpartisan,None,2012,north-carolina,Romney,51
2012-north-carolina-president-romney-vs-obama,15701,Rasmussen,2012-10-09,2012-10-09,Likely Voters,500,Automated Phone,Nonpartisan,None,2012,north-carolina,Other,1
2012-north-carolina-president-romney-vs-obama,15701,Rasmussen,2012-10-09,2012-10-09,Likely Voters,500,Automated Phone,Nonpartisan,None,2012,north-carolina,Undecided,1
2012-north-carolina-president-romney-vs-obama,15630,Gravis Marketing,2012-10-06,2012-10-08,Likely Voters,1325,Automated Phone,Nonpartisan,None,2012,north-carolina,Obama,41
2012-north-carolina-president-romney-vs-obama,15630,Gravis Marketing,2012-10-06,2012-10-08,Likely Voters,1325,Automated Phone,Nonpartisan,None,2012,north-carolina,Romney,50
2012-north-carolina-president-romney-vs-obama,15630,Gravis Marketing,2012-10-06,2012-10-08,Likely Voters,1325,Automated Phone,Nonpartisan,None,2012,north-carolina,Other,NA
2012-north-carolina-president-romney-vs-obama,15630,Gravis Marketing,2012-10-06,2012-10-08,Likely Voters,1325,Automated Phone,Nonpartisan,None,2012,north-carolina,Undecided,9
2012-north-carolina-president-romney-vs-obama,15490,Rasmussen,2012-10-02,2012-10-02,Likely Voters,500,Automated Phone,Nonpartisan,None,2012,north-carolina,Obama,47
2012-north-carolina-president-romney-vs-obama,15490,Rasmussen,2012-10-02,2012-10-02,Likely Voters,500,Automated Phone,Nonpartisan,None,2012,north-carolina,Romney,51
2012-north-carolina-president-romney-vs-obama,15490,Rasmussen,2012-10-02,2012-10-02,Likely Voters,500,Automated Phone,Nonpartisan,None,2012,north-carolina,Other,1
2012-north-carolina-president-romney-vs-obama,15490,Rasmussen,2012-10-02,2012-10-02,Likely Voters,500,Automated Phone,Nonpartisan,None,2012,north-carolina,Undecided,1
2012-north-carolina-president-romney-vs-obama,15477,SurveyUSA,2012-09-29,2012-10-01,Likely Voters,573,IVR/Online,Nonpartisan,None,2012,north-carolina,Obama,49
2012-north-carolina-president-romney-vs-obama,15477,SurveyUSA,2012-09-29,2012-10-01,Likely Voters,573,IVR/Online,Nonpartisan,None,2012,north-carolina,Romney,47
2012-north-carolina-president-romney-vs-obama,15477,SurveyUSA,2012-09-29,2012-10-01,Likely Voters,573,IVR/Online,Nonpartisan,None,2012,north-carolina,Other,2
2012-north-carolina-president-romney-vs-obama,15477,SurveyUSA,2012-09-29,2012-10-01,Likely Voters,573,IVR/Online,Nonpartisan,None,2012,north-carolina,Undecided,2
2012-north-carolina-president-romney-vs-obama,15433,ARG,2012-09-28,2012-09-30,Likely Voters,600,Live Phone,Nonpartisan,None,2012,north-carolina,Obama,46
2012-north-carolina-president-romney-vs-obama,15433,ARG,2012-09-28,2012-09-30,Likely Voters,600,Live Phone,Nonpartisan,None,2012,north-carolina,Romney,50
2012-north-carolina-president-romney-vs-obama,15433,ARG,2012-09-28,2012-09-30,Likely Voters,600,Live Phone,Nonpartisan,None,2012,north-carolina,Other,1
2012-north-carolina-president-romney-vs-obama,15433,ARG,2012-09-28,2012-09-30,Likely Voters,600,Live Phone,Nonpartisan,None,2012,north-carolina,Undecided,3
2012-north-carolina-president-romney-vs-obama,15416,PPP (D),2012-09-27,2012-09-30,Likely Voters,981,Automated Phone,Pollster,Dem,2012,north-carolina,Obama,48
2012-north-carolina-president-romney-vs-obama,15416,PPP (D),2012-09-27,2012-09-30,Likely Voters,981,Automated Phone,Pollster,Dem,2012,north-carolina,Romney,48
2012-north-carolina-president-romney-vs-obama,15416,PPP (D),2012-09-27,2012-09-30,Likely Voters,981,Automated Phone,Pollster,Dem,2012,north-carolina,Other,NA
2012-north-carolina-president-romney-vs-obama,15416,PPP (D),2012-09-27,2012-09-30,Likely Voters,981,Automated Phone,Pollster,Dem,2012,north-carolina,Undecided,4
2012-north-carolina-president-romney-vs-obama,15369,NBC/WSJ/Marist,2012-09-23,2012-09-25,Likely Voters,1035,Live Phone,Nonpartisan,None,2012,north-carolina,Obama,48
2012-north-carolina-president-romney-vs-obama,15369,NBC/WSJ/Marist,2012-09-23,2012-09-25,Likely Voters,1035,Live Phone,Nonpartisan,None,2012,north-carolina,Romney,46
2012-north-carolina-president-romney-vs-obama,15369,NBC/WSJ/Marist,2012-09-23,2012-09-25,Likely Voters,1035,Live Phone,Nonpartisan,None,2012,north-carolina,Other,1
2012-north-carolina-president-romney-vs-obama,15369,NBC/WSJ/Marist,2012-09-23,2012-09-25,Likely Voters,1035,Live Phone,Nonpartisan,None,2012,north-carolina,Undecided,5
2012-north-carolina-president-romney-vs-obama,15268,Civitas (R) / National Research (R),2012-09-18,2012-09-19,Registered Voters,600,Live Phone,Pollster,Rep,2012,north-carolina,Obama,49
2012-north-carolina-president-romney-vs-obama,15268,Civitas (R) / National Research (R),2012-09-18,2012-09-19,Registered Voters,600,Live Phone,Pollster,Rep,2012,north-carolina,Romney,45
2012-north-carolina-president-romney-vs-obama,15268,Civitas (R) / National Research (R),2012-09-18,2012-09-19,Registered Voters,600,Live Phone,Pollster,Rep,2012,north-carolina,Other,NA
2012-north-carolina-president-romney-vs-obama,15268,Civitas (R) / National Research (R),2012-09-18,2012-09-19,Registered Voters,600,Live Phone,Pollster,Rep,2012,north-carolina,Undecided,7
2012-north-carolina-president-romney-vs-obama,15205,Purple Strategies,2012-09-15,2012-09-19,Likely Voters,600,IVR/Online,Nonpartisan,None,2012,north-carolina,Obama,48
2012-north-carolina-president-romney-vs-obama,15205,Purple Strategies,2012-09-15,2012-09-19,Likely Voters,600,IVR/Online,Nonpartisan,None,2012,north-carolina,Romney,46
2012-north-carolina-president-romney-vs-obama,15205,Purple Strategies,2012-09-15,2012-09-19,Likely Voters,600,IVR/Online,Nonpartisan,None,2012,north-carolina,Other,NA
2012-north-carolina-president-romney-vs-obama,15205,Purple Strategies,2012-09-15,2012-09-19,Likely Voters,600,IVR/Online,Nonpartisan,None,2012,north-carolina,Undecided,6
2012-north-carolina-president-romney-vs-obama,15198,High Point University/Fox 8,2012-09-08,2012-09-18,Registered Voters,448,Live Phone,Nonpartisan,None,2012,north-carolina,Obama,46
2012-north-carolina-president-romney-vs-obama,15198,High Point University/Fox 8,2012-09-08,2012-09-18,Registered Voters,448,Live Phone,Nonpartisan,None,2012,north-carolina,Romney,43
2012-north-carolina-president-romney-vs-obama,15198,High Point University/Fox 8,2012-09-08,2012-09-18,Registered Voters,448,Live Phone,Nonpartisan,None,2012,north-carolina,Other,3
2012-north-carolina-president-romney-vs-obama,15198,High Point University/Fox 8,2012-09-08,2012-09-18,Registered Voters,448,Live Phone,Nonpartisan,None,2012,north-carolina,Undecided,9
2012-north-carolina-president-romney-vs-obama,15154,YouGov,2012-09-07,2012-09-14,Likely Voters,1060,Internet,Nonpartisan,None,2012,north-carolina,Obama,46
2012-north-carolina-president-romney-vs-obama,15154,YouGov,2012-09-07,2012-09-14,Likely Voters,1060,Internet,Nonpartisan,None,2012,north-carolina,Romney,48
2012-north-carolina-president-romney-vs-obama,15154,YouGov,2012-09-07,2012-09-14,Likely Voters,1060,Internet,Nonpartisan,None,2012,north-carolina,Other,2
2012-north-carolina-president-romney-vs-obama,15154,YouGov,2012-09-07,2012-09-14,Likely Voters,1060,Internet,Nonpartisan,None,2012,north-carolina,Undecided,4
2012-north-carolina-president-romney-vs-obama,15034,Rasmussen,2012-09-13,2012-09-13,Likely Voters,500,Automated Phone,Nonpartisan,None,2012,north-carolina,Obama,45
2012-north-carolina-president-romney-vs-obama,15034,Rasmussen,2012-09-13,2012-09-13,Likely Voters,500,Automated Phone,Nonpartisan,None,2012,north-carolina,Romney,51
2012-north-carolina-president-romney-vs-obama,15034,Rasmussen,2012-09-13,2012-09-13,Likely Voters,500,Automated Phone,Nonpartisan,None,2012,north-carolina,Other,1
2012-north-carolina-president-romney-vs-obama,15034,Rasmussen,2012-09-13,2012-09-13,Likely Voters,500,Automated Phone,Nonpartisan,None,2012,north-carolina,Undecided,3
2012-north-carolina-president-romney-vs-obama,14940,PPP (D),2012-09-07,2012-09-09,Likely Voters,1087,Automated Phone,Pollster,Dem,2012,north-carolina,Obama,49
2012-north-carolina-president-romney-vs-obama,14940,PPP (D),2012-09-07,2012-09-09,Likely Voters,1087,Automated Phone,Pollster,Dem,2012,north-carolina,Romney,48
2012-north-carolina-president-romney-vs-obama,14940,PPP (D),2012-09-07,2012-09-09,Likely Voters,1087,Automated Phone,Pollster,Dem,2012,north-carolina,Other,NA
2012-north-carolina-president-romney-vs-obama,14940,PPP (D),2012-09-07,2012-09-09,Likely Voters,1087,Automated Phone,Pollster,Dem,2012,north-carolina,Undecided,3
2012-north-carolina-president-romney-vs-obama,14948,Civitas (R) / SurveyUSA,2012-09-04,2012-09-06,Registered Voters,500,Automated Phone,Pollster,Rep,2012,north-carolina,Obama,43
2012-north-carolina-president-romney-vs-obama,14948,Civitas (R) / SurveyUSA,2012-09-04,2012-09-06,Registered Voters,500,Automated Phone,Pollster,Rep,2012,north-carolina,Romney,53
2012-north-carolina-president-romney-vs-obama,14948,Civitas (R) / SurveyUSA,2012-09-04,2012-09-06,Registered Voters,500,Automated Phone,Pollster,Rep,2012,north-carolina,Other,3
2012-north-carolina-president-romney-vs-obama,14948,Civitas (R) / SurveyUSA,2012-09-04,2012-09-06,Registered Voters,500,Automated Phone,Pollster,Rep,2012,north-carolina,Undecided,1
2012-north-carolina-president-romney-vs-obama,14869,PPP (D),2012-08-31,2012-09-02,Likely Voters,1012,Automated Phone,Pollster,Dem,2012,north-carolina,Obama,48
2012-north-carolina-president-romney-vs-obama,14869,PPP (D),2012-08-31,2012-09-02,Likely Voters,1012,Automated Phone,Pollster,Dem,2012,north-carolina,Romney,48
2012-north-carolina-president-romney-vs-obama,14869,PPP (D),2012-08-31,2012-09-02,Likely Voters,1012,Automated Phone,Pollster,Dem,2012,north-carolina,Other,NA
2012-north-carolina-president-romney-vs-obama,14869,PPP (D),2012-08-31,2012-09-02,Likely Voters,1012,Automated Phone,Pollster,Dem,2012,north-carolina,Undecided,4
2012-north-carolina-president-romney-vs-obama,14876,High Point University/SurveyUSA,2012-08-26,2012-08-30,Registered Voters,543,IVR/Online,Nonpartisan,None,2012,north-carolina,Obama,43
2012-north-carolina-president-romney-vs-obama,14876,High Point University/SurveyUSA,2012-08-26,2012-08-30,Registered Voters,543,IVR/Online,Nonpartisan,None,2012,north-carolina,Romney,46
2012-north-carolina-president-romney-vs-obama,14876,High Point University/SurveyUSA,2012-08-26,2012-08-30,Registered Voters,543,IVR/Online,Nonpartisan,None,2012,north-carolina,Other,5
2012-north-carolina-president-romney-vs-obama,14876,High Point University/SurveyUSA,2012-08-26,2012-08-30,Registered Voters,543,IVR/Online,Nonpartisan,None,2012,north-carolina,Undecided,6
2012-north-carolina-president-romney-vs-obama,14878,Elon,2012-08-25,2012-08-30,Likely Voters,1089,Live Phone,Nonpartisan,None,2012,north-carolina,Obama,43
2012-north-carolina-president-romney-vs-obama,14878,Elon,2012-08-25,2012-08-30,Likely Voters,1089,Live Phone,Nonpartisan,None,2012,north-carolina,Romney,47
2012-north-carolina-president-romney-vs-obama,14878,Elon,2012-08-25,2012-08-30,Likely Voters,1089,Live Phone,Nonpartisan,None,2012,north-carolina,Other,3
2012-north-carolina-president-romney-vs-obama,14878,Elon,2012-08-25,2012-08-30,Likely Voters,1089,Live Phone,Nonpartisan,None,2012,north-carolina,Undecided,6
2012-north-carolina-president-romney-vs-obama,14801,CNN/Time/ORC,2012-08-22,2012-08-26,Likely Voters,766,Live Phone,Nonpartisan,None,2012,north-carolina,Obama,47
2012-north-carolina-president-romney-vs-obama,14801,CNN/Time/ORC,2012-08-22,2012-08-26,Likely Voters,766,Live Phone,Nonpartisan,None,2012,north-carolina,Romney,48
2012-north-carolina-president-romney-vs-obama,14801,CNN/Time/ORC,2012-08-22,2012-08-26,Likely Voters,766,Live Phone,Nonpartisan,None,2012,north-carolina,Other,1
2012-north-carolina-president-romney-vs-obama,14801,CNN/Time/ORC,2012-08-22,2012-08-26,Likely Voters,766,Live Phone,Nonpartisan,None,2012,north-carolina,Undecided,3
2012-north-carolina-president-romney-vs-obama,14796,High Point University/SurveyUSA,2012-08-18,2012-08-23,Registered Voters,540,IVR/Online,Nonpartisan,None,2012,north-carolina,Obama,43
2012-north-carolina-president-romney-vs-obama,14796,High Point University/SurveyUSA,2012-08-18,2012-08-23,Registered Voters,540,IVR/Online,Nonpartisan,None,2012,north-carolina,Romney,43
2012-north-carolina-president-romney-vs-obama,14796,High Point University/SurveyUSA,2012-08-18,2012-08-23,Registered Voters,540,IVR/Online,Nonpartisan,None,2012,north-carolina,Other,6
2012-north-carolina-president-romney-vs-obama,14796,High Point University/SurveyUSA,2012-08-18,2012-08-23,Registered Voters,540,IVR/Online,Nonpartisan,None,2012,north-carolina,Undecided,8
2012-north-carolina-president-romney-vs-obama,14578,PPP (D),2012-08-02,2012-08-05,Likely Voters,813,Automated Phone,Pollster,Dem,2012,north-carolina,Obama,49
2012-north-carolina-president-romney-vs-obama,14578,PPP (D),2012-08-02,2012-08-05,Likely Voters,813,Automated Phone,Pollster,Dem,2012,north-carolina,Romney,46
2012-north-carolina-president-romney-vs-obama,14578,PPP (D),2012-08-02,2012-08-05,Likely Voters,813,Automated Phone,Pollster,Dem,2012,north-carolina,Other,NA
2012-north-carolina-president-romney-vs-obama,14578,PPP (D),2012-08-02,2012-08-05,Likely Voters,813,Automated Phone,Pollster,Dem,2012,north-carolina,Undecided,5
2012-north-carolina-president-romney-vs-obama,14549,Rasmussen,2012-08-01,2012-08-01,Likely Voters,500,Automated Phone,Nonpartisan,None,2012,north-carolina,Obama,44
2012-north-carolina-president-romney-vs-obama,14549,Rasmussen,2012-08-01,2012-08-01,Likely Voters,500,Automated Phone,Nonpartisan,None,2012,north-carolina,Romney,49
2012-north-carolina-president-romney-vs-obama,14549,Rasmussen,2012-08-01,2012-08-01,Likely Voters,500,Automated Phone,Nonpartisan,None,2012,north-carolina,Other,3
2012-north-carolina-president-romney-vs-obama,14549,Rasmussen,2012-08-01,2012-08-01,Likely Voters,500,Automated Phone,Nonpartisan,None,2012,north-carolina,Undecided,4
2012-north-carolina-president-romney-vs-obama,14405,Civitas (R) / National Research (R),2012-07-16,2012-07-18,Registered Voters,600,Live Phone,Pollster,Rep,2012,north-carolina,Obama,48
2012-north-carolina-president-romney-vs-obama,14405,Civitas (R) / National Research (R),2012-07-16,2012-07-18,Registered Voters,600,Live Phone,Pollster,Rep,2012,north-carolina,Romney,49
2012-north-carolina-president-romney-vs-obama,14405,Civitas (R) / National Research (R),2012-07-16,2012-07-18,Registered Voters,600,Live Phone,Pollster,Rep,2012,north-carolina,Other,NA
2012-north-carolina-president-romney-vs-obama,14405,Civitas (R) / National Research (R),2012-07-16,2012-07-18,Registered Voters,600,Live Phone,Pollster,Rep,2012,north-carolina,Undecided,3
2012-north-carolina-president-romney-vs-obama,14285,PPP (D),2012-07-05,2012-07-08,Registered Voters,775,Automated Phone,Pollster,Dem,2012,north-carolina,Obama,47
2012-north-carolina-president-romney-vs-obama,14285,PPP (D),2012-07-05,2012-07-08,Registered Voters,775,Automated Phone,Pollster,Dem,2012,north-carolina,Romney,46
2012-north-carolina-president-romney-vs-obama,14285,PPP (D),2012-07-05,2012-07-08,Registered Voters,775,Automated Phone,Pollster,Dem,2012,north-carolina,Other,NA
2012-north-carolina-president-romney-vs-obama,14285,PPP (D),2012-07-05,2012-07-08,Registered Voters,775,Automated Phone,Pollster,Dem,2012,north-carolina,Undecided,6
2012-north-carolina-president-romney-vs-obama,14326,Project New America/Myers (D),2012-07-01,2012-07-08,Likely Voters,500,Live Phone,Pollster,Dem,2012,north-carolina,Obama,48
2012-north-carolina-president-romney-vs-obama,14326,Project New America/Myers (D),2012-07-01,2012-07-08,Likely Voters,500,Live Phone,Pollster,Dem,2012,north-carolina,Romney,49
2012-north-carolina-president-romney-vs-obama,14326,Project New America/Myers (D),2012-07-01,2012-07-08,Likely Voters,500,Live Phone,Pollster,Dem,2012,north-carolina,Other,NA
2012-north-carolina-president-romney-vs-obama,14326,Project New America/Myers (D),2012-07-01,2012-07-08,Likely Voters,500,Live Phone,Pollster,Dem,2012,north-carolina,Undecided,3
2012-north-carolina-president-romney-vs-obama,14242,Civitas (R) / SurveyUSA,2012-06-29,2012-07-01,Registered Voters,558,Automated Phone,Pollster,Rep,2012,north-carolina,Obama,45
2012-north-carolina-president-romney-vs-obama,14242,Civitas (R) / SurveyUSA,2012-06-29,2012-07-01,Registered Voters,558,Automated Phone,Pollster,Rep,2012,north-carolina,Romney,50
2012-north-carolina-president-romney-vs-obama,14242,Civitas (R) / SurveyUSA,2012-06-29,2012-07-01,Registered Voters,558,Automated Phone,Pollster,Rep,2012,north-carolina,Other,3
2012-north-carolina-president-romney-vs-obama,14242,Civitas (R) / SurveyUSA,2012-06-29,2012-07-01,Registered Voters,558,Automated Phone,Pollster,Rep,2012,north-carolina,Undecided,2
2012-north-carolina-president-romney-vs-obama,14178,Rasmussen,2012-06-25,2012-06-25,Likely Voters,500,Automated Phone,Nonpartisan,None,2012,north-carolina,Obama,44
2012-north-carolina-president-romney-vs-obama,14178,Rasmussen,2012-06-25,2012-06-25,Likely Voters,500,Automated Phone,Nonpartisan,None,2012,north-carolina,Romney,47
2012-north-carolina-president-romney-vs-obama,14178,Rasmussen,2012-06-25,2012-06-25,Likely Voters,500,Automated Phone,Nonpartisan,None,2012,north-carolina,Other,3
2012-north-carolina-president-romney-vs-obama,14178,Rasmussen,2012-06-25,2012-06-25,Likely Voters,500,Automated Phone,Nonpartisan,None,2012,north-carolina,Undecided,6
2012-north-carolina-president-romney-vs-obama,14206,NBC/Marist,2012-06-24,2012-06-25,Registered Voters,1019,Live Phone,Nonpartisan,None,2012,north-carolina,Obama,46
2012-north-carolina-president-romney-vs-obama,14206,NBC/Marist,2012-06-24,2012-06-25,Registered Voters,1019,Live Phone,Nonpartisan,None,2012,north-carolina,Romney,44
2012-north-carolina-president-romney-vs-obama,14206,NBC/Marist,2012-06-24,2012-06-25,Registered Voters,1019,Live Phone,Nonpartisan,None,2012,north-carolina,Other,1
2012-north-carolina-president-romney-vs-obama,14206,NBC/Marist,2012-06-24,2012-06-25,Registered Voters,1019,Live Phone,Nonpartisan,None,2012,north-carolina,Undecided,9
2012-north-carolina-president-romney-vs-obama,14073,PPP (D),2012-06-07,2012-06-10,Likely Voters,810,Automated Phone,Pollster,Dem,2012,north-carolina,Obama,46
2012-north-carolina-president-romney-vs-obama,14073,PPP (D),2012-06-07,2012-06-10,Likely Voters,810,Automated Phone,Pollster,Dem,2012,north-carolina,Romney,48
2012-north-carolina-president-romney-vs-obama,14073,PPP (D),2012-06-07,2012-06-10,Likely Voters,810,Automated Phone,Pollster,Dem,2012,north-carolina,Other,NA
2012-north-carolina-president-romney-vs-obama,14073,PPP (D),2012-06-07,2012-06-10,Likely Voters,810,Automated Phone,Pollster,Dem,2012,north-carolina,Undecided,6
2012-north-carolina-president-romney-vs-obama,13870,SurveyUSA,2012-05-18,2012-05-21,Likely Voters,524,IVR/Online,Nonpartisan,None,2012,north-carolina,Obama,44
2012-north-carolina-president-romney-vs-obama,13870,SurveyUSA,2012-05-18,2012-05-21,Likely Voters,524,IVR/Online,Nonpartisan,None,2012,north-carolina,Romney,45
2012-north-carolina-president-romney-vs-obama,13870,SurveyUSA,2012-05-18,2012-05-21,Likely Voters,524,IVR/Online,Nonpartisan,None,2012,north-carolina,Other,4
2012-north-carolina-president-romney-vs-obama,13870,SurveyUSA,2012-05-18,2012-05-21,Likely Voters,524,IVR/Online,Nonpartisan,None,2012,north-carolina,Undecided,6
2012-north-carolina-president-romney-vs-obama,13895,Civitas (R) / National Research (R),2012-05-19,2012-05-20,Registered Voters,600,Live Phone,Pollster,Rep,2012,north-carolina,Obama,45
2012-north-carolina-president-romney-vs-obama,13895,Civitas (R) / National Research (R),2012-05-19,2012-05-20,Registered Voters,600,Live Phone,Pollster,Rep,2012,north-carolina,Romney,47
2012-north-carolina-president-romney-vs-obama,13895,Civitas (R) / National Research (R),2012-05-19,2012-05-20,Registered Voters,600,Live Phone,Pollster,Rep,2012,north-carolina,Other,NA
2012-north-carolina-president-romney-vs-obama,13895,Civitas (R) / National Research (R),2012-05-19,2012-05-20,Registered Voters,600,Live Phone,Pollster,Rep,2012,north-carolina,Undecided,6
2012-north-carolina-president-romney-vs-obama,13810,Rasmussen,2012-05-14,2012-05-14,Likely Voters,500,Automated Phone,Nonpartisan,None,2012,north-carolina,Obama,43
2012-north-carolina-president-romney-vs-obama,13810,Rasmussen,2012-05-14,2012-05-14,Likely Voters,500,Automated Phone,Nonpartisan,None,2012,north-carolina,Romney,51
2012-north-carolina-president-romney-vs-obama,13810,Rasmussen,2012-05-14,2012-05-14,Likely Voters,500,Automated Phone,Nonpartisan,None,2012,north-carolina,Other,2
2012-north-carolina-president-romney-vs-obama,13810,Rasmussen,2012-05-14,2012-05-14,Likely Voters,500,Automated Phone,Nonpartisan,None,2012,north-carolina,Undecided,4
2012-north-carolina-president-romney-vs-obama,13811,PPP (D),2012-05-10,2012-05-13,Likely Voters,666,Automated Phone,Pollster,Dem,2012,north-carolina,Obama,48
2012-north-carolina-president-romney-vs-obama,13811,PPP (D),2012-05-10,2012-05-13,Likely Voters,666,Automated Phone,Pollster,Dem,2012,north-carolina,Romney,47
2012-north-carolina-president-romney-vs-obama,13811,PPP (D),2012-05-10,2012-05-13,Likely Voters,666,Automated Phone,Pollster,Dem,2012,north-carolina,Other,NA
2012-north-carolina-president-romney-vs-obama,13811,PPP (D),2012-05-10,2012-05-13,Likely Voters,666,Automated Phone,Pollster,Dem,2012,north-carolina,Undecided,5
2012-north-carolina-president-romney-vs-obama,13661,SurveyUSA,2012-04-26,2012-04-30,Registered Voters,1636,IVR/Online,Nonpartisan,None,2012,north-carolina,Obama,47
2012-north-carolina-president-romney-vs-obama,13661,SurveyUSA,2012-04-26,2012-04-30,Registered Voters,1636,IVR/Online,Nonpartisan,None,2012,north-carolina,Romney,43
2012-north-carolina-president-romney-vs-obama,13661,SurveyUSA,2012-04-26,2012-04-30,Registered Voters,1636,IVR/Online,Nonpartisan,None,2012,north-carolina,Other,NA
2012-north-carolina-president-romney-vs-obama,13661,SurveyUSA,2012-04-26,2012-04-30,Registered Voters,1636,IVR/Online,Nonpartisan,None,2012,north-carolina,Undecided,9
2012-north-carolina-president-romney-vs-obama,13523,Rasmussen,2012-04-10,2012-04-10,Likely Voters,500,Automated Phone,Nonpartisan,None,2012,north-carolina,Obama,44
2012-north-carolina-president-romney-vs-obama,13523,Rasmussen,2012-04-10,2012-04-10,Likely Voters,500,Automated Phone,Nonpartisan,None,2012,north-carolina,Romney,46
2012-north-carolina-president-romney-vs-obama,13523,Rasmussen,2012-04-10,2012-04-10,Likely Voters,500,Automated Phone,Nonpartisan,None,2012,north-carolina,Other,4
2012-north-carolina-president-romney-vs-obama,13523,Rasmussen,2012-04-10,2012-04-10,Likely Voters,500,Automated Phone,Nonpartisan,None,2012,north-carolina,Undecided,6
2012-north-carolina-president-romney-vs-obama,13503,PPP (D),2012-04-04,2012-04-07,Likely Voters,975,Automated Phone,Pollster,Dem,2012,north-carolina,Obama,49
2012-north-carolina-president-romney-vs-obama,13503,PPP (D),2012-04-04,2012-04-07,Likely Voters,975,Automated Phone,Pollster,Dem,2012,north-carolina,Romney,44
2012-north-carolina-president-romney-vs-obama,13503,PPP (D),2012-04-04,2012-04-07,Likely Voters,975,Automated Phone,Pollster,Dem,2012,north-carolina,Other,NA
2012-north-carolina-president-romney-vs-obama,13503,PPP (D),2012-04-04,2012-04-07,Likely Voters,975,Automated Phone,Pollster,Dem,2012,north-carolina,Undecided,8
2012-north-carolina-president-romney-vs-obama,13250,PPP (D),2012-03-08,2012-03-11,Registered Voters,804,Automated Phone,Pollster,Dem,2012,north-carolina,Obama,49
2012-north-carolina-president-romney-vs-obama,13250,PPP (D),2012-03-08,2012-03-11,Registered Voters,804,Automated Phone,Pollster,Dem,2012,north-carolina,Romney,46
2012-north-carolina-president-romney-vs-obama,13250,PPP (D),2012-03-08,2012-03-11,Registered Voters,804,Automated Phone,Pollster,Dem,2012,north-carolina,Other,NA
2012-north-carolina-president-romney-vs-obama,13250,PPP (D),2012-03-08,2012-03-11,Registered Voters,804,Automated Phone,Pollster,Dem,2012,north-carolina,Undecided,5
2012-north-carolina-president-romney-vs-obama,12820,PPP (D),2012-02-03,2012-02-05,Likely Voters,1052,Automated Phone,Pollster,Dem,2012,north-carolina,Obama,47
2012-north-carolina-president-romney-vs-obama,12820,PPP (D),2012-02-03,2012-02-05,Likely Voters,1052,Automated Phone,Pollster,Dem,2012,north-carolina,Romney,46
2012-north-carolina-president-romney-vs-obama,12820,PPP (D),2012-02-03,2012-02-05,Likely Voters,1052,Automated Phone,Pollster,Dem,2012,north-carolina,Other,NA
2012-north-carolina-president-romney-vs-obama,12820,PPP (D),2012-02-03,2012-02-05,Likely Voters,1052,Automated Phone,Pollster,Dem,2012,north-carolina,Undecided,7
2012-north-carolina-president-romney-vs-obama,12670,Civitas (R) / National Research (R),2012-01-09,2012-01-11,Registered Voters,300,Live Phone,Pollster,Rep,2012,north-carolina,Obama,39
2012-north-carolina-president-romney-vs-obama,12670,Civitas (R) / National Research (R),2012-01-09,2012-01-11,Registered Voters,300,Live Phone,Pollster,Rep,2012,north-carolina,Romney,48
2012-north-carolina-president-romney-vs-obama,12670,Civitas (R) / National Research (R),2012-01-09,2012-01-11,Registered Voters,300,Live Phone,Pollster,Rep,2012,north-carolina,Other,NA
2012-north-carolina-president-romney-vs-obama,12670,Civitas (R) / National Research (R),2012-01-09,2012-01-11,Registered Voters,300,Live Phone,Pollster,Rep,2012,north-carolina,Undecided,11
2012-north-carolina-president-romney-vs-obama,12446,PPP (D),2012-01-05,2012-01-08,Registered Voters,780,Automated Phone,Pollster,Dem,2012,north-carolina,Obama,46
2012-north-carolina-president-romney-vs-obama,12446,PPP (D),2012-01-05,2012-01-08,Registered Voters,780,Automated Phone,Pollster,Dem,2012,north-carolina,Romney,45
2012-north-carolina-president-romney-vs-obama,12446,PPP (D),2012-01-05,2012-01-08,Registered Voters,780,Automated Phone,Pollster,Dem,2012,north-carolina,Other,NA
2012-north-carolina-president-romney-vs-obama,12446,PPP (D),2012-01-05,2012-01-08,Registered Voters,780,Automated Phone,Pollster,Dem,2012,north-carolina,Undecided,9
2012-new-mexico-president-romney-vs-obama,16597,YouGov,2012-10-31,2012-11-03,Likely Voters,650,Internet,Nonpartisan,None,2012,new-mexico,Obama,49
2012-new-mexico-president-romney-vs-obama,16597,YouGov,2012-10-31,2012-11-03,Likely Voters,650,Internet,Nonpartisan,None,2012,new-mexico,Romney,43
2012-new-mexico-president-romney-vs-obama,16597,YouGov,2012-10-31,2012-11-03,Likely Voters,650,Internet,Nonpartisan,None,2012,new-mexico,Other,5
2012-new-mexico-president-romney-vs-obama,16597,YouGov,2012-10-31,2012-11-03,Likely Voters,650,Internet,Nonpartisan,None,2012,new-mexico,Undecided,3
2012-new-mexico-president-romney-vs-obama,16545,POS (R-Wilson),2012-10-30,2012-10-31,Likely Voters,500,Live Phone,Sponsor,Rep,2012,new-mexico,Obama,49
2012-new-mexico-president-romney-vs-obama,16545,POS (R-Wilson),2012-10-30,2012-10-31,Likely Voters,500,Live Phone,Sponsor,Rep,2012,new-mexico,Romney,41
2012-new-mexico-president-romney-vs-obama,16545,POS (R-Wilson),2012-10-30,2012-10-31,Likely Voters,500,Live Phone,Sponsor,Rep,2012,new-mexico,Other,6
2012-new-mexico-president-romney-vs-obama,16545,POS (R-Wilson),2012-10-30,2012-10-31,Likely Voters,500,Live Phone,Sponsor,Rep,2012,new-mexico,Undecided,NA
2012-new-mexico-president-romney-vs-obama,16335,POS (R-Wilson),2012-10-21,2012-10-22,Likely Voters,500,Live Phone,Sponsor,Rep,2012,new-mexico,Obama,47
2012-new-mexico-president-romney-vs-obama,16335,POS (R-Wilson),2012-10-21,2012-10-22,Likely Voters,500,Live Phone,Sponsor,Rep,2012,new-mexico,Romney,42
2012-new-mexico-president-romney-vs-obama,16335,POS (R-Wilson),2012-10-21,2012-10-22,Likely Voters,500,Live Phone,Sponsor,Rep,2012,new-mexico,Other,6
2012-new-mexico-president-romney-vs-obama,16335,POS (R-Wilson),2012-10-21,2012-10-22,Likely Voters,500,Live Phone,Sponsor,Rep,2012,new-mexico,Undecided,NA
2012-new-mexico-president-romney-vs-obama,15798,Albuquerque Journal,2012-10-09,2012-10-10,Likely Voters,658,Live Phone,Nonpartisan,None,2012,new-mexico,Obama,49
2012-new-mexico-president-romney-vs-obama,15798,Albuquerque Journal,2012-10-09,2012-10-10,Likely Voters,658,Live Phone,Nonpartisan,None,2012,new-mexico,Romney,39
2012-new-mexico-president-romney-vs-obama,15798,Albuquerque Journal,2012-10-09,2012-10-10,Likely Voters,658,Live Phone,Nonpartisan,None,2012,new-mexico,Other,6
2012-new-mexico-president-romney-vs-obama,15798,Albuquerque Journal,2012-10-09,2012-10-10,Likely Voters,658,Live Phone,Nonpartisan,None,2012,new-mexico,Undecided,5
2012-new-mexico-president-romney-vs-obama,15647,Rasmussen,2012-10-08,2012-10-08,Likely Voters,500,Automated Phone,Nonpartisan,None,2012,new-mexico,Obama,54
2012-new-mexico-president-romney-vs-obama,15647,Rasmussen,2012-10-08,2012-10-08,Likely Voters,500,Automated Phone,Nonpartisan,None,2012,new-mexico,Romney,43
2012-new-mexico-president-romney-vs-obama,15647,Rasmussen,2012-10-08,2012-10-08,Likely Voters,500,Automated Phone,Nonpartisan,None,2012,new-mexico,Other,2
2012-new-mexico-president-romney-vs-obama,15647,Rasmussen,2012-10-08,2012-10-08,Likely Voters,500,Automated Phone,Nonpartisan,None,2012,new-mexico,Undecided,2
2012-new-mexico-president-romney-vs-obama,16662,PPP (D-League of Conservation Voters),2012-10-02,2012-10-03,Likely Voters,778,Automated Phone,Sponsor,Dem,2012,new-mexico,Obama,52
2012-new-mexico-president-romney-vs-obama,16662,PPP (D-League of Conservation Voters),2012-10-02,2012-10-03,Likely Voters,778,Automated Phone,Sponsor,Dem,2012,new-mexico,Romney,43
2012-new-mexico-president-romney-vs-obama,16662,PPP (D-League of Conservation Voters),2012-10-02,2012-10-03,Likely Voters,778,Automated Phone,Sponsor,Dem,2012,new-mexico,Other,NA
2012-new-mexico-president-romney-vs-obama,16662,PPP (D-League of Conservation Voters),2012-10-02,2012-10-03,Likely Voters,778,Automated Phone,Sponsor,Dem,2012,new-mexico,Undecided,5
2012-new-mexico-president-romney-vs-obama,15451,Rasmussen,2012-09-27,2012-09-27,Likely Voters,500,Automated Phone,Nonpartisan,None,2012,new-mexico,Obama,51
2012-new-mexico-president-romney-vs-obama,15451,Rasmussen,2012-09-27,2012-09-27,Likely Voters,500,Automated Phone,Nonpartisan,None,2012,new-mexico,Romney,40
2012-new-mexico-president-romney-vs-obama,15451,Rasmussen,2012-09-27,2012-09-27,Likely Voters,500,Automated Phone,Nonpartisan,None,2012,new-mexico,Other,6
2012-new-mexico-president-romney-vs-obama,15451,Rasmussen,2012-09-27,2012-09-27,Likely Voters,500,Automated Phone,Nonpartisan,None,2012,new-mexico,Undecided,2
2012-new-mexico-president-romney-vs-obama,15446,We Ask America,2012-09-25,2012-09-27,Likely Voters,1258,Automated Phone,Nonpartisan,None,2012,new-mexico,Obama,51
2012-new-mexico-president-romney-vs-obama,15446,We Ask America,2012-09-25,2012-09-27,Likely Voters,1258,Automated Phone,Nonpartisan,None,2012,new-mexico,Romney,41
2012-new-mexico-president-romney-vs-obama,15446,We Ask America,2012-09-25,2012-09-27,Likely Voters,1258,Automated Phone,Nonpartisan,None,2012,new-mexico,Other,4
2012-new-mexico-president-romney-vs-obama,15446,We Ask America,2012-09-25,2012-09-27,Likely Voters,1258,Automated Phone,Nonpartisan,None,2012,new-mexico,Undecided,5
2012-new-mexico-president-romney-vs-obama,15401,POS (R-Wilson),2012-09-25,2012-09-27,Likely Voters,500,Live Phone,Sponsor,Rep,2012,new-mexico,Obama,47
2012-new-mexico-president-romney-vs-obama,15401,POS (R-Wilson),2012-09-25,2012-09-27,Likely Voters,500,Live Phone,Sponsor,Rep,2012,new-mexico,Romney,40
2012-new-mexico-president-romney-vs-obama,15401,POS (R-Wilson),2012-09-25,2012-09-27,Likely Voters,500,Live Phone,Sponsor,Rep,2012,new-mexico,Other,9
2012-new-mexico-president-romney-vs-obama,15401,POS (R-Wilson),2012-09-25,2012-09-27,Likely Voters,500,Live Phone,Sponsor,Rep,2012,new-mexico,Undecided,NA
2012-new-mexico-president-romney-vs-obama,15397,PPP (D)/NRDC,2012-09-17,2012-09-20,Likely Voters,3111,Automated Phone,Pollster,Dem,2012,new-mexico,Obama,52
2012-new-mexico-president-romney-vs-obama,15397,PPP (D)/NRDC,2012-09-17,2012-09-20,Likely Voters,3111,Automated Phone,Pollster,Dem,2012,new-mexico,Romney,43
2012-new-mexico-president-romney-vs-obama,15397,PPP (D)/NRDC,2012-09-17,2012-09-20,Likely Voters,3111,Automated Phone,Pollster,Dem,2012,new-mexico,Other,NA
2012-new-mexico-president-romney-vs-obama,15397,PPP (D)/NRDC,2012-09-17,2012-09-20,Likely Voters,3111,Automated Phone,Pollster,Dem,2012,new-mexico,Undecided,6
2012-new-mexico-president-romney-vs-obama,15194,YouGov,2012-09-07,2012-09-14,Likely Voters,293,Internet,Nonpartisan,None,2012,new-mexico,Obama,51
2012-new-mexico-president-romney-vs-obama,15194,YouGov,2012-09-07,2012-09-14,Likely Voters,293,Internet,Nonpartisan,None,2012,new-mexico,Romney,43
2012-new-mexico-president-romney-vs-obama,15194,YouGov,2012-09-07,2012-09-14,Likely Voters,293,Internet,Nonpartisan,None,2012,new-mexico,Other,4
2012-new-mexico-president-romney-vs-obama,15194,YouGov,2012-09-07,2012-09-14,Likely Voters,293,Internet,Nonpartisan,None,2012,new-mexico,Undecided,1
2012-new-mexico-president-romney-vs-obama,14981,PPP (D-League of Conservation Voters),2012-09-07,2012-09-09,Likely Voters,1122,Automated Phone,Sponsor,Dem,2012,new-mexico,Obama,53
2012-new-mexico-president-romney-vs-obama,14981,PPP (D-League of Conservation Voters),2012-09-07,2012-09-09,Likely Voters,1122,Automated Phone,Sponsor,Dem,2012,new-mexico,Romney,42
2012-new-mexico-president-romney-vs-obama,14981,PPP (D-League of Conservation Voters),2012-09-07,2012-09-09,Likely Voters,1122,Automated Phone,Sponsor,Dem,2012,new-mexico,Other,NA
2012-new-mexico-president-romney-vs-obama,14981,PPP (D-League of Conservation Voters),2012-09-07,2012-09-09,Likely Voters,1122,Automated Phone,Sponsor,Dem,2012,new-mexico,Undecided,5
2012-new-mexico-president-romney-vs-obama,14945,Albuquerque Journal,2012-09-03,2012-09-06,Likely Voters,667,Live Phone,Nonpartisan,None,2012,new-mexico,Obama,45
2012-new-mexico-president-romney-vs-obama,14945,Albuquerque Journal,2012-09-03,2012-09-06,Likely Voters,667,Live Phone,Nonpartisan,None,2012,new-mexico,Romney,40
2012-new-mexico-president-romney-vs-obama,14945,Albuquerque Journal,2012-09-03,2012-09-06,Likely Voters,667,Live Phone,Nonpartisan,None,2012,new-mexico,Other,7
2012-new-mexico-president-romney-vs-obama,14945,Albuquerque Journal,2012-09-03,2012-09-06,Likely Voters,667,Live Phone,Nonpartisan,None,2012,new-mexico,Undecided,8
2012-new-mexico-president-romney-vs-obama,14736,Rasmussen,2012-08-21,2012-08-21,Likely Voters,500,Automated Phone,Nonpartisan,None,2012,new-mexico,Obama,52
2012-new-mexico-president-romney-vs-obama,14736,Rasmussen,2012-08-21,2012-08-21,Likely Voters,500,Automated Phone,Nonpartisan,None,2012,new-mexico,Romney,38
2012-new-mexico-president-romney-vs-obama,14736,Rasmussen,2012-08-21,2012-08-21,Likely Voters,500,Automated Phone,Nonpartisan,None,2012,new-mexico,Other,9
2012-new-mexico-president-romney-vs-obama,14736,Rasmussen,2012-08-21,2012-08-21,Likely Voters,500,Automated Phone,Nonpartisan,None,2012,new-mexico,Undecided,1
2012-new-mexico-president-romney-vs-obama,14380,PPP (D),2012-07-13,2012-07-16,Likely Voters,724,Automated Phone,Pollster,Dem,2012,new-mexico,Obama,49
2012-new-mexico-president-romney-vs-obama,14380,PPP (D),2012-07-13,2012-07-16,Likely Voters,724,Automated Phone,Pollster,Dem,2012,new-mexico,Romney,44
2012-new-mexico-president-romney-vs-obama,14380,PPP (D),2012-07-13,2012-07-16,Likely Voters,724,Automated Phone,Pollster,Dem,2012,new-mexico,Other,NA
2012-new-mexico-president-romney-vs-obama,14380,PPP (D),2012-07-13,2012-07-16,Likely Voters,724,Automated Phone,Pollster,Dem,2012,new-mexico,Undecided,6
2012-new-mexico-president-romney-vs-obama,13979,FMMMA (D),2012-05-16,2012-05-21,Registered Voters,502,Live Phone,Pollster,Dem,2012,new-mexico,Obama,48
2012-new-mexico-president-romney-vs-obama,13979,FMMMA (D),2012-05-16,2012-05-21,Registered Voters,502,Live Phone,Pollster,Dem,2012,new-mexico,Romney,35
2012-new-mexico-president-romney-vs-obama,13979,FMMMA (D),2012-05-16,2012-05-21,Registered Voters,502,Live Phone,Pollster,Dem,2012,new-mexico,Other,12
2012-new-mexico-president-romney-vs-obama,13979,FMMMA (D),2012-05-16,2012-05-21,Registered Voters,502,Live Phone,Pollster,Dem,2012,new-mexico,Undecided,5
2012-new-mexico-president-romney-vs-obama,13626,PPP (D),2012-04-19,2012-04-22,Likely Voters,526,Automated Phone,Pollster,Dem,2012,new-mexico,Obama,48
2012-new-mexico-president-romney-vs-obama,13626,PPP (D),2012-04-19,2012-04-22,Likely Voters,526,Automated Phone,Pollster,Dem,2012,new-mexico,Romney,35
2012-new-mexico-president-romney-vs-obama,13626,PPP (D),2012-04-19,2012-04-22,Likely Voters,526,Automated Phone,Pollster,Dem,2012,new-mexico,Other,15
2012-new-mexico-president-romney-vs-obama,13626,PPP (D),2012-04-19,2012-04-22,Likely Voters,526,Automated Phone,Pollster,Dem,2012,new-mexico,Undecided,2
2012-new-mexico-president-romney-vs-obama,13487,Rasmussen,2012-04-03,2012-04-03,Likely Voters,500,Automated Phone,Nonpartisan,None,2012,new-mexico,Obama,52
2012-new-mexico-president-romney-vs-obama,13487,Rasmussen,2012-04-03,2012-04-03,Likely Voters,500,Automated Phone,Nonpartisan,None,2012,new-mexico,Romney,36
2012-new-mexico-president-romney-vs-obama,13487,Rasmussen,2012-04-03,2012-04-03,Likely Voters,500,Automated Phone,Nonpartisan,None,2012,new-mexico,Other,9
2012-new-mexico-president-romney-vs-obama,13487,Rasmussen,2012-04-03,2012-04-03,Likely Voters,500,Automated Phone,Nonpartisan,None,2012,new-mexico,Undecided,3
2012-new-mexico-president-romney-vs-obama,13145,Rasmussen,2012-02-14,2012-02-14,Likely Voters,500,Automated Phone,Nonpartisan,None,2012,new-mexico,Obama,55
2012-new-mexico-president-romney-vs-obama,13145,Rasmussen,2012-02-14,2012-02-14,Likely Voters,500,Automated Phone,Nonpartisan,None,2012,new-mexico,Romney,36
2012-new-mexico-president-romney-vs-obama,13145,Rasmussen,2012-02-14,2012-02-14,Likely Voters,500,Automated Phone,Nonpartisan,None,2012,new-mexico,Other,5
2012-new-mexico-president-romney-vs-obama,13145,Rasmussen,2012-02-14,2012-02-14,Likely Voters,500,Automated Phone,Nonpartisan,None,2012,new-mexico,Undecided,5
2012-new-hampshire-president-romney-vs-obama,16654,Rasmussen,2012-11-04,2012-11-04,Likely Voters,750,Automated Phone,Nonpartisan,None,2012,new-hampshire,Obama,50
2012-new-hampshire-president-romney-vs-obama,16654,Rasmussen,2012-11-04,2012-11-04,Likely Voters,750,Automated Phone,Nonpartisan,None,2012,new-hampshire,Romney,48
2012-new-hampshire-president-romney-vs-obama,16654,Rasmussen,2012-11-04,2012-11-04,Likely Voters,750,Automated Phone,Nonpartisan,None,2012,new-hampshire,Other,NA
2012-new-hampshire-president-romney-vs-obama,16654,Rasmussen,2012-11-04,2012-11-04,Likely Voters,750,Automated Phone,Nonpartisan,None,2012,new-hampshire,Undecided,2
2012-new-hampshire-president-romney-vs-obama,16647,New England College,2012-11-03,2012-11-04,Likely Voters,687,Automated Phone,Nonpartisan,None,2012,new-hampshire,Obama,50
2012-new-hampshire-president-romney-vs-obama,16647,New England College,2012-11-03,2012-11-04,Likely Voters,687,Automated Phone,Nonpartisan,None,2012,new-hampshire,Romney,46
2012-new-hampshire-president-romney-vs-obama,16647,New England College,2012-11-03,2012-11-04,Likely Voters,687,Automated Phone,Nonpartisan,None,2012,new-hampshire,Other,1
2012-new-hampshire-president-romney-vs-obama,16647,New England College,2012-11-03,2012-11-04,Likely Voters,687,Automated Phone,Nonpartisan,None,2012,new-hampshire,Undecided,3
2012-new-hampshire-president-romney-vs-obama,16600,PPP (D),2012-11-03,2012-11-04,Likely Voters,1550,Automated Phone,Pollster,Dem,2012,new-hampshire,Obama,50
2012-new-hampshire-president-romney-vs-obama,16600,PPP (D),2012-11-03,2012-11-04,Likely Voters,1550,Automated Phone,Pollster,Dem,2012,new-hampshire,Romney,48
2012-new-hampshire-president-romney-vs-obama,16600,PPP (D),2012-11-03,2012-11-04,Likely Voters,1550,Automated Phone,Pollster,Dem,2012,new-hampshire,Other,NA
2012-new-hampshire-president-romney-vs-obama,16600,PPP (D),2012-11-03,2012-11-04,Likely Voters,1550,Automated Phone,Pollster,Dem,2012,new-hampshire,Undecided,1
2012-new-hampshire-president-romney-vs-obama,16638,ARG,2012-11-02,2012-11-04,Likely Voters,600,Live Phone,Nonpartisan,None,2012,new-hampshire,Obama,49
2012-new-hampshire-president-romney-vs-obama,16638,ARG,2012-11-02,2012-11-04,Likely Voters,600,Live Phone,Nonpartisan,None,2012,new-hampshire,Romney,49
2012-new-hampshire-president-romney-vs-obama,16638,ARG,2012-11-02,2012-11-04,Likely Voters,600,Live Phone,Nonpartisan,None,2012,new-hampshire,Other,1
2012-new-hampshire-president-romney-vs-obama,16638,ARG,2012-11-02,2012-11-04,Likely Voters,600,Live Phone,Nonpartisan,None,2012,new-hampshire,Undecided,2
2012-new-hampshire-president-romney-vs-obama,16623,UNH/WMUR,2012-11-01,2012-11-04,Likely Voters,776,Live Phone,Nonpartisan,None,2012,new-hampshire,Obama,50
2012-new-hampshire-president-romney-vs-obama,16623,UNH/WMUR,2012-11-01,2012-11-04,Likely Voters,776,Live Phone,Nonpartisan,None,2012,new-hampshire,Romney,46
2012-new-hampshire-president-romney-vs-obama,16623,UNH/WMUR,2012-11-01,2012-11-04,Likely Voters,776,Live Phone,Nonpartisan,None,2012,new-hampshire,Other,1
2012-new-hampshire-president-romney-vs-obama,16623,UNH/WMUR,2012-11-01,2012-11-04,Likely Voters,776,Live Phone,Nonpartisan,None,2012,new-hampshire,Undecided,3
2012-new-hampshire-president-romney-vs-obama,16595,YouGov,2012-10-31,2012-11-03,Likely Voters,690,Internet,Nonpartisan,None,2012,new-hampshire,Obama,47
2012-new-hampshire-president-romney-vs-obama,16595,YouGov,2012-10-31,2012-11-03,Likely Voters,690,Internet,Nonpartisan,None,2012,new-hampshire,Romney,43
2012-new-hampshire-president-romney-vs-obama,16595,YouGov,2012-10-31,2012-11-03,Likely Voters,690,Internet,Nonpartisan,None,2012,new-hampshire,Other,4
2012-new-hampshire-president-romney-vs-obama,16595,YouGov,2012-10-31,2012-11-03,Likely Voters,690,Internet,Nonpartisan,None,2012,new-hampshire,Undecided,6
2012-new-hampshire-president-romney-vs-obama,16528,UNH/WMUR,2012-10-31,2012-11-02,Likely Voters,502,Live Phone,Nonpartisan,None,2012,new-hampshire,Obama,48
2012-new-hampshire-president-romney-vs-obama,16528,UNH/WMUR,2012-10-31,2012-11-02,Likely Voters,502,Live Phone,Nonpartisan,None,2012,new-hampshire,Romney,48
2012-new-hampshire-president-romney-vs-obama,16528,UNH/WMUR,2012-10-31,2012-11-02,Likely Voters,502,Live Phone,Nonpartisan,None,2012,new-hampshire,Other,2
2012-new-hampshire-president-romney-vs-obama,16528,UNH/WMUR,2012-10-31,2012-11-02,Likely Voters,502,Live Phone,Nonpartisan,None,2012,new-hampshire,Undecided,3
2012-new-hampshire-president-romney-vs-obama,16495,Gravis Marketing,2012-11-01,2012-11-01,Likely Voters,497,Automated Phone,Nonpartisan,None,2012,new-hampshire,Obama,50
2012-new-hampshire-president-romney-vs-obama,16495,Gravis Marketing,2012-11-01,2012-11-01,Likely Voters,497,Automated Phone,Nonpartisan,None,2012,new-hampshire,Romney,49
2012-new-hampshire-president-romney-vs-obama,16495,Gravis Marketing,2012-11-01,2012-11-01,Likely Voters,497,Automated Phone,Nonpartisan,None,2012,new-hampshire,Other,NA
2012-new-hampshire-president-romney-vs-obama,16495,Gravis Marketing,2012-11-01,2012-11-01,Likely Voters,497,Automated Phone,Nonpartisan,None,2012,new-hampshire,Undecided,NA
2012-new-hampshire-president-romney-vs-obama,16447,New England College,2012-10-29,2012-10-31,Likely Voters,1017,Automated Phone,Nonpartisan,None,2012,new-hampshire,Obama,50
2012-new-hampshire-president-romney-vs-obama,16447,New England College,2012-10-29,2012-10-31,Likely Voters,1017,Automated Phone,Nonpartisan,None,2012,new-hampshire,Romney,44
2012-new-hampshire-president-romney-vs-obama,16447,New England College,2012-10-29,2012-10-31,Likely Voters,1017,Automated Phone,Nonpartisan,None,2012,new-hampshire,Other,2
2012-new-hampshire-president-romney-vs-obama,16447,New England College,2012-10-29,2012-10-31,Likely Voters,1017,Automated Phone,Nonpartisan,None,2012,new-hampshire,Undecided,4
2012-new-hampshire-president-romney-vs-obama,16398,NBC/WSJ/Marist,2012-10-28,2012-10-29,Likely Voters,1013,Live Phone,Nonpartisan,None,2012,new-hampshire,Obama,49
2012-new-hampshire-president-romney-vs-obama,16398,NBC/WSJ/Marist,2012-10-28,2012-10-29,Likely Voters,1013,Live Phone,Nonpartisan,None,2012,new-hampshire,Romney,47
2012-new-hampshire-president-romney-vs-obama,16398,NBC/WSJ/Marist,2012-10-28,2012-10-29,Likely Voters,1013,Live Phone,Nonpartisan,None,2012,new-hampshire,Other,1
2012-new-hampshire-president-romney-vs-obama,16398,NBC/WSJ/Marist,2012-10-28,2012-10-29,Likely Voters,1013,Live Phone,Nonpartisan,None,2012,new-hampshire,Undecided,3
2012-new-hampshire-president-romney-vs-obama,16255,PPP (D),2012-10-26,2012-10-28,Likely Voters,874,Automated Phone,Pollster,Dem,2012,new-hampshire,Obama,49
2012-new-hampshire-president-romney-vs-obama,16255,PPP (D),2012-10-26,2012-10-28,Likely Voters,874,Automated Phone,Pollster,Dem,2012,new-hampshire,Romney,47
2012-new-hampshire-president-romney-vs-obama,16255,PPP (D),2012-10-26,2012-10-28,Likely Voters,874,Automated Phone,Pollster,Dem,2012,new-hampshire,Other,NA
2012-new-hampshire-president-romney-vs-obama,16255,PPP (D),2012-10-26,2012-10-28,Likely Voters,874,Automated Phone,Pollster,Dem,2012,new-hampshire,Undecided,5
2012-new-hampshire-president-romney-vs-obama,16317,Lake Research (D-USAction),2012-10-24,2012-10-28,Likely Voters,400,Live Phone,Sponsor,Dem,2012,new-hampshire,Obama,47
2012-new-hampshire-president-romney-vs-obama,16317,Lake Research (D-USAction),2012-10-24,2012-10-28,Likely Voters,400,Live Phone,Sponsor,Dem,2012,new-hampshire,Romney,42
2012-new-hampshire-president-romney-vs-obama,16317,Lake Research (D-USAction),2012-10-24,2012-10-28,Likely Voters,400,Live Phone,Sponsor,Dem,2012,new-hampshire,Other,4
2012-new-hampshire-president-romney-vs-obama,16317,Lake Research (D-USAction),2012-10-24,2012-10-28,Likely Voters,400,Live Phone,Sponsor,Dem,2012,new-hampshire,Undecided,7
2012-new-hampshire-president-romney-vs-obama,16245,Grove Insight (D-Project New America),2012-10-24,2012-10-25,Likely Voters,500,Live Phone,Pollster,Dem,2012,new-hampshire,Obama,47
2012-new-hampshire-president-romney-vs-obama,16245,Grove Insight (D-Project New America),2012-10-24,2012-10-25,Likely Voters,500,Live Phone,Pollster,Dem,2012,new-hampshire,Romney,44
2012-new-hampshire-president-romney-vs-obama,16245,Grove Insight (D-Project New America),2012-10-24,2012-10-25,Likely Voters,500,Live Phone,Pollster,Dem,2012,new-hampshire,Other,2
2012-new-hampshire-president-romney-vs-obama,16245,Grove Insight (D-Project New America),2012-10-24,2012-10-25,Likely Voters,500,Live Phone,Pollster,Dem,2012,new-hampshire,Undecided,7
2012-new-hampshire-president-romney-vs-obama,16204,New England College,2012-10-23,2012-10-25,Likely Voters,571,Automated Phone,Nonpartisan,None,2012,new-hampshire,Obama,49
2012-new-hampshire-president-romney-vs-obama,16204,New England College,2012-10-23,2012-10-25,Likely Voters,571,Automated Phone,Nonpartisan,None,2012,new-hampshire,Romney,46
2012-new-hampshire-president-romney-vs-obama,16204,New England College,2012-10-23,2012-10-25,Likely Voters,571,Automated Phone,Nonpartisan,None,2012,new-hampshire,Other,2
2012-new-hampshire-president-romney-vs-obama,16204,New England College,2012-10-23,2012-10-25,Likely Voters,571,Automated Phone,Nonpartisan,None,2012,new-hampshire,Undecided,4
2012-new-hampshire-president-romney-vs-obama,16106,Rasmussen,2012-10-23,2012-10-23,Likely Voters,500,Automated Phone,Nonpartisan,None,2012,new-hampshire,Obama,48
2012-new-hampshire-president-romney-vs-obama,16106,Rasmussen,2012-10-23,2012-10-23,Likely Voters,500,Automated Phone,Nonpartisan,None,2012,new-hampshire,Romney,50
2012-new-hampshire-president-romney-vs-obama,16106,Rasmussen,2012-10-23,2012-10-23,Likely Voters,500,Automated Phone,Nonpartisan,None,2012,new-hampshire,Other,1
2012-new-hampshire-president-romney-vs-obama,16106,Rasmussen,2012-10-23,2012-10-23,Likely Voters,500,Automated Phone,Nonpartisan,None,2012,new-hampshire,Undecided,1
2012-new-hampshire-president-romney-vs-obama,16070,ARG,2012-10-19,2012-10-22,Likely Voters,600,Live Phone,Nonpartisan,None,2012,new-hampshire,Obama,47
2012-new-hampshire-president-romney-vs-obama,16070,ARG,2012-10-19,2012-10-22,Likely Voters,600,Live Phone,Nonpartisan,None,2012,new-hampshire,Romney,49
2012-new-hampshire-president-romney-vs-obama,16070,ARG,2012-10-19,2012-10-22,Likely Voters,600,Live Phone,Nonpartisan,None,2012,new-hampshire,Other,1
2012-new-hampshire-president-romney-vs-obama,16070,ARG,2012-10-19,2012-10-22,Likely Voters,600,Live Phone,Nonpartisan,None,2012,new-hampshire,Undecided,3
2012-new-hampshire-president-romney-vs-obama,16107,Lake Research (D-USAction),2012-10-18,2012-10-22,Likely Voters,400,Live Phone,Sponsor,Dem,2012,new-hampshire,Obama,48
2012-new-hampshire-president-romney-vs-obama,16107,Lake Research (D-USAction),2012-10-18,2012-10-22,Likely Voters,400,Live Phone,Sponsor,Dem,2012,new-hampshire,Romney,45
2012-new-hampshire-president-romney-vs-obama,16107,Lake Research (D-USAction),2012-10-18,2012-10-22,Likely Voters,400,Live Phone,Sponsor,Dem,2012,new-hampshire,Other,NA
2012-new-hampshire-president-romney-vs-obama,16107,Lake Research (D-USAction),2012-10-18,2012-10-22,Likely Voters,400,Live Phone,Sponsor,Dem,2012,new-hampshire,Undecided,7
2012-new-hampshire-president-romney-vs-obama,16050,UNH,2012-10-17,2012-10-21,Likely Voters,773,Live Phone,Nonpartisan,None,2012,new-hampshire,Obama,51
2012-new-hampshire-president-romney-vs-obama,16050,UNH,2012-10-17,2012-10-21,Likely Voters,773,Live Phone,Nonpartisan,None,2012,new-hampshire,Romney,42
2012-new-hampshire-president-romney-vs-obama,16050,UNH,2012-10-17,2012-10-21,Likely Voters,773,Live Phone,Nonpartisan,None,2012,new-hampshire,Other,2
2012-new-hampshire-president-romney-vs-obama,16050,UNH,2012-10-17,2012-10-21,Likely Voters,773,Live Phone,Nonpartisan,None,2012,new-hampshire,Undecided,5
2012-new-hampshire-president-romney-vs-obama,15964,PPP (D),2012-10-17,2012-10-19,Likely Voters,1036,Automated Phone,Pollster,Dem,2012,new-hampshire,Obama,48
2012-new-hampshire-president-romney-vs-obama,15964,PPP (D),2012-10-17,2012-10-19,Likely Voters,1036,Automated Phone,Pollster,Dem,2012,new-hampshire,Romney,49
2012-new-hampshire-president-romney-vs-obama,15964,PPP (D),2012-10-17,2012-10-19,Likely Voters,1036,Automated Phone,Pollster,Dem,2012,new-hampshire,Other,NA
2012-new-hampshire-president-romney-vs-obama,15964,PPP (D),2012-10-17,2012-10-19,Likely Voters,1036,Automated Phone,Pollster,Dem,2012,new-hampshire,Undecided,3
2012-new-hampshire-president-romney-vs-obama,15868,Rasmussen,2012-10-15,2012-10-15,Likely Voters,500,Automated Phone,Nonpartisan,None,2012,new-hampshire,Obama,50
2012-new-hampshire-president-romney-vs-obama,15868,Rasmussen,2012-10-15,2012-10-15,Likely Voters,500,Automated Phone,Nonpartisan,None,2012,new-hampshire,Romney,49
2012-new-hampshire-president-romney-vs-obama,15868,Rasmussen,2012-10-15,2012-10-15,Likely Voters,500,Automated Phone,Nonpartisan,None,2012,new-hampshire,Other,NA
2012-new-hampshire-president-romney-vs-obama,15868,Rasmussen,2012-10-15,2012-10-15,Likely Voters,500,Automated Phone,Nonpartisan,None,2012,new-hampshire,Undecided,1
2012-new-hampshire-president-romney-vs-obama,15815,Suffolk,2012-10-12,2012-10-14,Likely Voters,500,Live Phone,Nonpartisan,None,2012,new-hampshire,Obama,47
2012-new-hampshire-president-romney-vs-obama,15815,Suffolk,2012-10-12,2012-10-14,Likely Voters,500,Live Phone,Nonpartisan,None,2012,new-hampshire,Romney,47
2012-new-hampshire-president-romney-vs-obama,15815,Suffolk,2012-10-12,2012-10-14,Likely Voters,500,Live Phone,Nonpartisan,None,2012,new-hampshire,Other,2
2012-new-hampshire-president-romney-vs-obama,15815,Suffolk,2012-10-12,2012-10-14,Likely Voters,500,Live Phone,Nonpartisan,None,2012,new-hampshire,Undecided,4
2012-new-hampshire-president-romney-vs-obama,15735,ARG,2012-10-09,2012-10-11,Likely Voters,600,Live Phone,Nonpartisan,None,2012,new-hampshire,Obama,46
2012-new-hampshire-president-romney-vs-obama,15735,ARG,2012-10-09,2012-10-11,Likely Voters,600,Live Phone,Nonpartisan,None,2012,new-hampshire,Romney,50
2012-new-hampshire-president-romney-vs-obama,15735,ARG,2012-10-09,2012-10-11,Likely Voters,600,Live Phone,Nonpartisan,None,2012,new-hampshire,Other,1
2012-new-hampshire-president-romney-vs-obama,15735,ARG,2012-10-09,2012-10-11,Likely Voters,600,Live Phone,Nonpartisan,None,2012,new-hampshire,Undecided,3
2012-new-hampshire-president-romney-vs-obama,15665,Rasmussen,2012-10-09,2012-10-09,Likely Voters,500,Automated Phone,Nonpartisan,None,2012,new-hampshire,Obama,48
2012-new-hampshire-president-romney-vs-obama,15665,Rasmussen,2012-10-09,2012-10-09,Likely Voters,500,Automated Phone,Nonpartisan,None,2012,new-hampshire,Romney,48
2012-new-hampshire-president-romney-vs-obama,15665,Rasmussen,2012-10-09,2012-10-09,Likely Voters,500,Automated Phone,Nonpartisan,None,2012,new-hampshire,Other,3
2012-new-hampshire-president-romney-vs-obama,15665,Rasmussen,2012-10-09,2012-10-09,Likely Voters,500,Automated Phone,Nonpartisan,None,2012,new-hampshire,Undecided,1
2012-new-hampshire-president-romney-vs-obama,15641,UNH/WMUR,2012-09-30,2012-10-06,Likely Voters,545,Live Phone,Nonpartisan,None,2012,new-hampshire,Obama,50
2012-new-hampshire-president-romney-vs-obama,15641,UNH/WMUR,2012-09-30,2012-10-06,Likely Voters,545,Live Phone,Nonpartisan,None,2012,new-hampshire,Romney,44
2012-new-hampshire-president-romney-vs-obama,15641,UNH/WMUR,2012-09-30,2012-10-06,Likely Voters,545,Live Phone,Nonpartisan,None,2012,new-hampshire,Other,2
2012-new-hampshire-president-romney-vs-obama,15641,UNH/WMUR,2012-09-30,2012-10-06,Likely Voters,545,Live Phone,Nonpartisan,None,2012,new-hampshire,Undecided,4
2012-new-hampshire-president-romney-vs-obama,15447,UNH/WMUR,2012-09-27,2012-09-30,Likely Voters,588,Live Phone,Nonpartisan,None,2012,new-hampshire,Obama,54
2012-new-hampshire-president-romney-vs-obama,15447,UNH/WMUR,2012-09-27,2012-09-30,Likely Voters,588,Live Phone,Nonpartisan,None,2012,new-hampshire,Romney,39
2012-new-hampshire-president-romney-vs-obama,15447,UNH/WMUR,2012-09-27,2012-09-30,Likely Voters,588,Live Phone,Nonpartisan,None,2012,new-hampshire,Other,3
2012-new-hampshire-president-romney-vs-obama,15447,UNH/WMUR,2012-09-27,2012-09-30,Likely Voters,588,Live Phone,Nonpartisan,None,2012,new-hampshire,Undecided,4
2012-new-hampshire-president-romney-vs-obama,15386,ARG,2012-09-25,2012-09-27,Likely Voters,600,Live Phone,Nonpartisan,None,2012,new-hampshire,Obama,50
2012-new-hampshire-president-romney-vs-obama,15386,ARG,2012-09-25,2012-09-27,Likely Voters,600,Live Phone,Nonpartisan,None,2012,new-hampshire,Romney,45
2012-new-hampshire-president-romney-vs-obama,15386,ARG,2012-09-25,2012-09-27,Likely Voters,600,Live Phone,Nonpartisan,None,2012,new-hampshire,Other,1
2012-new-hampshire-president-romney-vs-obama,15386,ARG,2012-09-25,2012-09-27,Likely Voters,600,Live Phone,Nonpartisan,None,2012,new-hampshire,Undecided,4
2012-new-hampshire-president-romney-vs-obama,15476,PPP (D-Progressive Change Campaign Committee),2012-09-24,2012-09-25,Likely Voters,862,Automated Phone,Sponsor,Dem,2012,new-hampshire,Obama,51
2012-new-hampshire-president-romney-vs-obama,15476,PPP (D-Progressive Change Campaign Committee),2012-09-24,2012-09-25,Likely Voters,862,Automated Phone,Sponsor,Dem,2012,new-hampshire,Romney,44
2012-new-hampshire-president-romney-vs-obama,15476,PPP (D-Progressive Change Campaign Committee),2012-09-24,2012-09-25,Likely Voters,862,Automated Phone,Sponsor,Dem,2012,new-hampshire,Other,NA
2012-new-hampshire-president-romney-vs-obama,15476,PPP (D-Progressive Change Campaign Committee),2012-09-24,2012-09-25,Likely Voters,862,Automated Phone,Sponsor,Dem,2012,new-hampshire,Undecided,6
2012-new-hampshire-president-romney-vs-obama,15370,NBC/WSJ/Marist,2012-09-23,2012-09-25,Likely Voters,1012,Live Phone,Nonpartisan,None,2012,new-hampshire,Obama,51
2012-new-hampshire-president-romney-vs-obama,15370,NBC/WSJ/Marist,2012-09-23,2012-09-25,Likely Voters,1012,Live Phone,Nonpartisan,None,2012,new-hampshire,Romney,44
2012-new-hampshire-president-romney-vs-obama,15370,NBC/WSJ/Marist,2012-09-23,2012-09-25,Likely Voters,1012,Live Phone,Nonpartisan,None,2012,new-hampshire,Other,1
2012-new-hampshire-president-romney-vs-obama,15370,NBC/WSJ/Marist,2012-09-23,2012-09-25,Likely Voters,1012,Live Phone,Nonpartisan,None,2012,new-hampshire,Undecided,4
2012-new-hampshire-president-romney-vs-obama,15344,GQR (D-New Hampshire Democratic Party),2012-09-15,2012-09-19,Likely Voters,600,Live Phone,Sponsor,Dem,2012,new-hampshire,Obama,52
2012-new-hampshire-president-romney-vs-obama,15344,GQR (D-New Hampshire Democratic Party),2012-09-15,2012-09-19,Likely Voters,600,Live Phone,Sponsor,Dem,2012,new-hampshire,Romney,45
2012-new-hampshire-president-romney-vs-obama,15344,GQR (D-New Hampshire Democratic Party),2012-09-15,2012-09-19,Likely Voters,600,Live Phone,Sponsor,Dem,2012,new-hampshire,Other,NA
2012-new-hampshire-president-romney-vs-obama,15344,GQR (D-New Hampshire Democratic Party),2012-09-15,2012-09-19,Likely Voters,600,Live Phone,Sponsor,Dem,2012,new-hampshire,Undecided,NA
2012-new-hampshire-president-romney-vs-obama,15130,Rasmussen,2012-09-18,2012-09-18,Likely Voters,500,Automated Phone,Nonpartisan,None,2012,new-hampshire,Obama,45
2012-new-hampshire-president-romney-vs-obama,15130,Rasmussen,2012-09-18,2012-09-18,Likely Voters,500,Automated Phone,Nonpartisan,None,2012,new-hampshire,Romney,48
2012-new-hampshire-president-romney-vs-obama,15130,Rasmussen,2012-09-18,2012-09-18,Likely Voters,500,Automated Phone,Nonpartisan,None,2012,new-hampshire,Other,4
2012-new-hampshire-president-romney-vs-obama,15130,Rasmussen,2012-09-18,2012-09-18,Likely Voters,500,Automated Phone,Nonpartisan,None,2012,new-hampshire,Undecided,3
2012-new-hampshire-president-romney-vs-obama,15107,ARG,2012-09-15,2012-09-17,Likely Voters,463,Live Phone,Nonpartisan,None,2012,new-hampshire,Obama,48
2012-new-hampshire-president-romney-vs-obama,15107,ARG,2012-09-15,2012-09-17,Likely Voters,463,Live Phone,Nonpartisan,None,2012,new-hampshire,Romney,47
2012-new-hampshire-president-romney-vs-obama,15107,ARG,2012-09-15,2012-09-17,Likely Voters,463,Live Phone,Nonpartisan,None,2012,new-hampshire,Other,NA
2012-new-hampshire-president-romney-vs-obama,15107,ARG,2012-09-15,2012-09-17,Likely Voters,463,Live Phone,Nonpartisan,None,2012,new-hampshire,Undecided,NA
2012-new-hampshire-president-romney-vs-obama,15152,YouGov,2012-09-07,2012-09-14,Likely Voters,340,Internet,Nonpartisan,None,2012,new-hampshire,Obama,48
2012-new-hampshire-president-romney-vs-obama,15152,YouGov,2012-09-07,2012-09-14,Likely Voters,340,Internet,Nonpartisan,None,2012,new-hampshire,Romney,42
2012-new-hampshire-president-romney-vs-obama,15152,YouGov,2012-09-07,2012-09-14,Likely Voters,340,Internet,Nonpartisan,None,2012,new-hampshire,Other,5
2012-new-hampshire-president-romney-vs-obama,15152,YouGov,2012-09-07,2012-09-14,Likely Voters,340,Internet,Nonpartisan,None,2012,new-hampshire,Undecided,5
2012-new-hampshire-president-romney-vs-obama,15025,UNH/WMUR,2012-09-04,2012-09-10,Likely Voters,592,Live Phone,Nonpartisan,None,2012,new-hampshire,Obama,45
2012-new-hampshire-president-romney-vs-obama,15025,UNH/WMUR,2012-09-04,2012-09-10,Likely Voters,592,Live Phone,Nonpartisan,None,2012,new-hampshire,Romney,40
2012-new-hampshire-president-romney-vs-obama,15025,UNH/WMUR,2012-09-04,2012-09-10,Likely Voters,592,Live Phone,Nonpartisan,None,2012,new-hampshire,Other,3
2012-new-hampshire-president-romney-vs-obama,15025,UNH/WMUR,2012-09-04,2012-09-10,Likely Voters,592,Live Phone,Nonpartisan,None,2012,new-hampshire,Undecided,12
2012-new-hampshire-president-romney-vs-obama,14654,PPP (D),2012-08-09,2012-08-12,Likely Voters,1055,Automated Phone,Pollster,Dem,2012,new-hampshire,Obama,51
2012-new-hampshire-president-romney-vs-obama,14654,PPP (D),2012-08-09,2012-08-12,Likely Voters,1055,Automated Phone,Pollster,Dem,2012,new-hampshire,Romney,45
2012-new-hampshire-president-romney-vs-obama,14654,PPP (D),2012-08-09,2012-08-12,Likely Voters,1055,Automated Phone,Pollster,Dem,2012,new-hampshire,Other,NA
2012-new-hampshire-president-romney-vs-obama,14654,PPP (D),2012-08-09,2012-08-12,Likely Voters,1055,Automated Phone,Pollster,Dem,2012,new-hampshire,Undecided,5
2012-new-hampshire-president-romney-vs-obama,14645,UNH/WMUR,2012-08-01,2012-08-12,Likely Voters,555,Live Phone,Nonpartisan,None,2012,new-hampshire,Obama,49
2012-new-hampshire-president-romney-vs-obama,14645,UNH/WMUR,2012-08-01,2012-08-12,Likely Voters,555,Live Phone,Nonpartisan,None,2012,new-hampshire,Romney,46
2012-new-hampshire-president-romney-vs-obama,14645,UNH/WMUR,2012-08-01,2012-08-12,Likely Voters,555,Live Phone,Nonpartisan,None,2012,new-hampshire,Other,NA
2012-new-hampshire-president-romney-vs-obama,14645,UNH/WMUR,2012-08-01,2012-08-12,Likely Voters,555,Live Phone,Nonpartisan,None,2012,new-hampshire,Undecided,NA
2012-new-hampshire-president-romney-vs-obama,14660,PPP (D-Democracy for America),2012-08-07,2012-08-08,Likely Voters,1591,Automated Phone,Sponsor,Dem,2012,new-hampshire,Obama,50
2012-new-hampshire-president-romney-vs-obama,14660,PPP (D-Democracy for America),2012-08-07,2012-08-08,Likely Voters,1591,Automated Phone,Sponsor,Dem,2012,new-hampshire,Romney,44
2012-new-hampshire-president-romney-vs-obama,14660,PPP (D-Democracy for America),2012-08-07,2012-08-08,Likely Voters,1591,Automated Phone,Sponsor,Dem,2012,new-hampshire,Other,NA
2012-new-hampshire-president-romney-vs-obama,14660,PPP (D-Democracy for America),2012-08-07,2012-08-08,Likely Voters,1591,Automated Phone,Sponsor,Dem,2012,new-hampshire,Undecided,6
2012-new-hampshire-president-romney-vs-obama,14370,UNH/WMUR,2012-07-05,2012-07-15,Likely Voters,470,Live Phone,Nonpartisan,None,2012,new-hampshire,Obama,49
2012-new-hampshire-president-romney-vs-obama,14370,UNH/WMUR,2012-07-05,2012-07-15,Likely Voters,470,Live Phone,Nonpartisan,None,2012,new-hampshire,Romney,45
2012-new-hampshire-president-romney-vs-obama,14370,UNH/WMUR,2012-07-05,2012-07-15,Likely Voters,470,Live Phone,Nonpartisan,None,2012,new-hampshire,Other,NA
2012-new-hampshire-president-romney-vs-obama,14370,UNH/WMUR,2012-07-05,2012-07-15,Likely Voters,470,Live Phone,Nonpartisan,None,2012,new-hampshire,Undecided,NA
2012-new-hampshire-president-romney-vs-obama,14205,NBC/Marist,2012-06-24,2012-06-25,Registered Voters,1029,Live Phone,Nonpartisan,None,2012,new-hampshire,Obama,45
2012-new-hampshire-president-romney-vs-obama,14205,NBC/Marist,2012-06-24,2012-06-25,Registered Voters,1029,Live Phone,Nonpartisan,None,2012,new-hampshire,Romney,45
2012-new-hampshire-president-romney-vs-obama,14205,NBC/Marist,2012-06-24,2012-06-25,Registered Voters,1029,Live Phone,Nonpartisan,None,2012,new-hampshire,Other,1
2012-new-hampshire-president-romney-vs-obama,14205,NBC/Marist,2012-06-24,2012-06-25,Registered Voters,1029,Live Phone,Nonpartisan,None,2012,new-hampshire,Undecided,8
2012-new-hampshire-president-romney-vs-obama,14167,ARG,2012-06-21,2012-06-24,Likely Voters,417,Live Phone,Nonpartisan,None,2012,new-hampshire,Obama,49
2012-new-hampshire-president-romney-vs-obama,14167,ARG,2012-06-21,2012-06-24,Likely Voters,417,Live Phone,Nonpartisan,None,2012,new-hampshire,Romney,46
2012-new-hampshire-president-romney-vs-obama,14167,ARG,2012-06-21,2012-06-24,Likely Voters,417,Live Phone,Nonpartisan,None,2012,new-hampshire,Other,NA
2012-new-hampshire-president-romney-vs-obama,14167,ARG,2012-06-21,2012-06-24,Likely Voters,417,Live Phone,Nonpartisan,None,2012,new-hampshire,Undecided,6
2012-new-hampshire-president-romney-vs-obama,14145,Rasmussen,2012-06-20,2012-06-20,Likely Voters,500,Automated Phone,Nonpartisan,None,2012,new-hampshire,Obama,48
2012-new-hampshire-president-romney-vs-obama,14145,Rasmussen,2012-06-20,2012-06-20,Likely Voters,500,Automated Phone,Nonpartisan,None,2012,new-hampshire,Romney,43
2012-new-hampshire-president-romney-vs-obama,14145,Rasmussen,2012-06-20,2012-06-20,Likely Voters,500,Automated Phone,Nonpartisan,None,2012,new-hampshire,Other,2
2012-new-hampshire-president-romney-vs-obama,14145,Rasmussen,2012-06-20,2012-06-20,Likely Voters,500,Automated Phone,Nonpartisan,None,2012,new-hampshire,Undecided,6
2012-new-hampshire-president-romney-vs-obama,13806,PPP (D),2012-05-10,2012-05-13,Likely Voters,1163,Automated Phone,Pollster,Dem,2012,new-hampshire,Obama,53
2012-new-hampshire-president-romney-vs-obama,13806,PPP (D),2012-05-10,2012-05-13,Likely Voters,1163,Automated Phone,Pollster,Dem,2012,new-hampshire,Romney,41
2012-new-hampshire-president-romney-vs-obama,13806,PPP (D),2012-05-10,2012-05-13,Likely Voters,1163,Automated Phone,Pollster,Dem,2012,new-hampshire,Other,NA
2012-new-hampshire-president-romney-vs-obama,13806,PPP (D),2012-05-10,2012-05-13,Likely Voters,1163,Automated Phone,Pollster,Dem,2012,new-hampshire,Undecided,6
2012-new-hampshire-president-romney-vs-obama,13594,UNH/WMUR,2012-04-09,2012-04-20,Likely Voters,486,Live Phone,Nonpartisan,None,2012,new-hampshire,Obama,51
2012-new-hampshire-president-romney-vs-obama,13594,UNH/WMUR,2012-04-09,2012-04-20,Likely Voters,486,Live Phone,Nonpartisan,None,2012,new-hampshire,Romney,42
2012-new-hampshire-president-romney-vs-obama,13594,UNH/WMUR,2012-04-09,2012-04-20,Likely Voters,486,Live Phone,Nonpartisan,None,2012,new-hampshire,Other,2
2012-new-hampshire-president-romney-vs-obama,13594,UNH/WMUR,2012-04-09,2012-04-20,Likely Voters,486,Live Phone,Nonpartisan,None,2012,new-hampshire,Undecided,5
2012-new-hampshire-president-romney-vs-obama,13561,Dartmouth,2012-04-02,2012-04-05,Registered Voters,403,Live Phone,Nonpartisan,None,2012,new-hampshire,Obama,42
2012-new-hampshire-president-romney-vs-obama,13561,Dartmouth,2012-04-02,2012-04-05,Registered Voters,403,Live Phone,Nonpartisan,None,2012,new-hampshire,Romney,44
2012-new-hampshire-president-romney-vs-obama,13561,Dartmouth,2012-04-02,2012-04-05,Registered Voters,403,Live Phone,Nonpartisan,None,2012,new-hampshire,Other,NA
2012-new-hampshire-president-romney-vs-obama,13561,Dartmouth,2012-04-02,2012-04-05,Registered Voters,403,Live Phone,Nonpartisan,None,2012,new-hampshire,Undecided,NA
2012-new-hampshire-president-romney-vs-obama,13424,ARG,2012-03-15,2012-03-18,Registered Voters,557,Live Phone,Nonpartisan,None,2012,new-hampshire,Obama,48
2012-new-hampshire-president-romney-vs-obama,13424,ARG,2012-03-15,2012-03-18,Registered Voters,557,Live Phone,Nonpartisan,None,2012,new-hampshire,Romney,41
2012-new-hampshire-president-romney-vs-obama,13424,ARG,2012-03-15,2012-03-18,Registered Voters,557,Live Phone,Nonpartisan,None,2012,new-hampshire,Other,NA
2012-new-hampshire-president-romney-vs-obama,13424,ARG,2012-03-15,2012-03-18,Registered Voters,557,Live Phone,Nonpartisan,None,2012,new-hampshire,Undecided,11
2012-new-hampshire-president-romney-vs-obama,12833,UNH/WMUR,2012-01-25,2012-02-02,Likely Voters,495,Live Phone,Nonpartisan,None,2012,new-hampshire,Obama,50
2012-new-hampshire-president-romney-vs-obama,12833,UNH/WMUR,2012-01-25,2012-02-02,Likely Voters,495,Live Phone,Nonpartisan,None,2012,new-hampshire,Romney,40
2012-new-hampshire-president-romney-vs-obama,12833,UNH/WMUR,2012-01-25,2012-02-02,Likely Voters,495,Live Phone,Nonpartisan,None,2012,new-hampshire,Other,NA
2012-new-hampshire-president-romney-vs-obama,12833,UNH/WMUR,2012-01-25,2012-02-02,Likely Voters,495,Live Phone,Nonpartisan,None,2012,new-hampshire,Undecided,9
2012-nevada-president-romney-vs-obama,16645,PPP (D),2012-11-03,2012-11-04,Likely Voters,750,Automated Phone,Pollster,Dem,2012,nevada,Obama,51
2012-nevada-president-romney-vs-obama,16645,PPP (D),2012-11-03,2012-11-04,Likely Voters,750,Automated Phone,Pollster,Dem,2012,nevada,Romney,47
2012-nevada-president-romney-vs-obama,16645,PPP (D),2012-11-03,2012-11-04,Likely Voters,750,Automated Phone,Pollster,Dem,2012,nevada,Other,NA
2012-nevada-president-romney-vs-obama,16645,PPP (D),2012-11-03,2012-11-04,Likely Voters,750,Automated Phone,Pollster,Dem,2012,nevada,Undecided,1
2012-nevada-president-romney-vs-obama,16592,YouGov,2012-10-31,2012-11-03,Likely Voters,732,Internet,Nonpartisan,None,2012,nevada,Obama,49
2012-nevada-president-romney-vs-obama,16592,YouGov,2012-10-31,2012-11-03,Likely Voters,732,Internet,Nonpartisan,None,2012,nevada,Romney,45
2012-nevada-president-romney-vs-obama,16592,YouGov,2012-10-31,2012-11-03,Likely Voters,732,Internet,Nonpartisan,None,2012,nevada,Other,2
2012-nevada-president-romney-vs-obama,16592,YouGov,2012-10-31,2012-11-03,Likely Voters,732,Internet,Nonpartisan,None,2012,nevada,Undecided,3
2012-nevada-president-romney-vs-obama,16493,Mellman (D-Americans United for Change),2012-10-29,2012-10-31,Likely Voters,600,Live Phone,Sponsor,Dem,2012,nevada,Obama,50
2012-nevada-president-romney-vs-obama,16493,Mellman (D-Americans United for Change),2012-10-29,2012-10-31,Likely Voters,600,Live Phone,Sponsor,Dem,2012,nevada,Romney,44
2012-nevada-president-romney-vs-obama,16493,Mellman (D-Americans United for Change),2012-10-29,2012-10-31,Likely Voters,600,Live Phone,Sponsor,Dem,2012,nevada,Other,NA
2012-nevada-president-romney-vs-obama,16493,Mellman (D-Americans United for Change),2012-10-29,2012-10-31,Likely Voters,600,Live Phone,Sponsor,Dem,2012,nevada,Undecided,4
2012-nevada-president-romney-vs-obama,16409,SurveyUSA,2012-10-23,2012-10-29,Likely Voters,1212,Mixed,Nonpartisan,None,2012,nevada,Obama,50
2012-nevada-president-romney-vs-obama,16409,SurveyUSA,2012-10-23,2012-10-29,Likely Voters,1212,Mixed,Nonpartisan,None,2012,nevada,Romney,46
2012-nevada-president-romney-vs-obama,16409,SurveyUSA,2012-10-23,2012-10-29,Likely Voters,1212,Mixed,Nonpartisan,None,2012,nevada,Other,2
2012-nevada-president-romney-vs-obama,16409,SurveyUSA,2012-10-23,2012-10-29,Likely Voters,1212,Mixed,Nonpartisan,None,2012,nevada,Undecided,2
2012-nevada-president-romney-vs-obama,16308,Grove Insight (D-Project New America/USAction),2012-10-27,2012-10-28,Likely Voters,500,Live Phone,Pollster,Dem,2012,nevada,Obama,49
2012-nevada-president-romney-vs-obama,16308,Grove Insight (D-Project New America/USAction),2012-10-27,2012-10-28,Likely Voters,500,Live Phone,Pollster,Dem,2012,nevada,Romney,43
2012-nevada-president-romney-vs-obama,16308,Grove Insight (D-Project New America/USAction),2012-10-27,2012-10-28,Likely Voters,500,Live Phone,Pollster,Dem,2012,nevada,Other,NA
2012-nevada-president-romney-vs-obama,16308,Grove Insight (D-Project New America/USAction),2012-10-27,2012-10-28,Likely Voters,500,Live Phone,Pollster,Dem,2012,nevada,Undecided,NA
2012-nevada-president-romney-vs-obama,16183,Gravis Marketing,2012-10-24,2012-10-24,Likely Voters,955,Automated Phone,Nonpartisan,None,2012,nevada,Obama,50
2012-nevada-president-romney-vs-obama,16183,Gravis Marketing,2012-10-24,2012-10-24,Likely Voters,955,Automated Phone,Nonpartisan,None,2012,nevada,Romney,49
2012-nevada-president-romney-vs-obama,16183,Gravis Marketing,2012-10-24,2012-10-24,Likely Voters,955,Automated Phone,Nonpartisan,None,2012,nevada,Other,NA
2012-nevada-president-romney-vs-obama,16183,Gravis Marketing,2012-10-24,2012-10-24,Likely Voters,955,Automated Phone,Nonpartisan,None,2012,nevada,Undecided,2
2012-nevada-president-romney-vs-obama,16174,NBC/WSJ/Marist,2012-10-23,2012-10-24,Likely Voters,1042,Live Phone,Nonpartisan,None,2012,nevada,Obama,50
2012-nevada-president-romney-vs-obama,16174,NBC/WSJ/Marist,2012-10-23,2012-10-24,Likely Voters,1042,Live Phone,Nonpartisan,None,2012,nevada,Romney,47
2012-nevada-president-romney-vs-obama,16174,NBC/WSJ/Marist,2012-10-23,2012-10-24,Likely Voters,1042,Live Phone,Nonpartisan,None,2012,nevada,Other,1
2012-nevada-president-romney-vs-obama,16174,NBC/WSJ/Marist,2012-10-23,2012-10-24,Likely Voters,1042,Live Phone,Nonpartisan,None,2012,nevada,Undecided,2
2012-nevada-president-romney-vs-obama,16123,PPP (D),2012-10-22,2012-10-24,Likely Voters,636,Automated Phone,Pollster,Dem,2012,nevada,Obama,51
2012-nevada-president-romney-vs-obama,16123,PPP (D),2012-10-22,2012-10-24,Likely Voters,636,Automated Phone,Pollster,Dem,2012,nevada,Romney,47
2012-nevada-president-romney-vs-obama,16123,PPP (D),2012-10-22,2012-10-24,Likely Voters,636,Automated Phone,Pollster,Dem,2012,nevada,Other,NA
2012-nevada-president-romney-vs-obama,16123,PPP (D),2012-10-22,2012-10-24,Likely Voters,636,Automated Phone,Pollster,Dem,2012,nevada,Undecided,2
2012-nevada-president-romney-vs-obama,16111,Rasmussen,2012-10-23,2012-10-23,Likely Voters,500,Automated Phone,Nonpartisan,None,2012,nevada,Obama,50
2012-nevada-president-romney-vs-obama,16111,Rasmussen,2012-10-23,2012-10-23,Likely Voters,500,Automated Phone,Nonpartisan,None,2012,nevada,Romney,48
2012-nevada-president-romney-vs-obama,16111,Rasmussen,2012-10-23,2012-10-23,Likely Voters,500,Automated Phone,Nonpartisan,None,2012,nevada,Other,1
2012-nevada-president-romney-vs-obama,16111,Rasmussen,2012-10-23,2012-10-23,Likely Voters,500,Automated Phone,Nonpartisan,None,2012,nevada,Undecided,1
2012-nevada-president-romney-vs-obama,16069,ARG,2012-10-19,2012-10-22,Likely Voters,600,Live Phone,Nonpartisan,None,2012,nevada,Obama,49
2012-nevada-president-romney-vs-obama,16069,ARG,2012-10-19,2012-10-22,Likely Voters,600,Live Phone,Nonpartisan,None,2012,nevada,Romney,47
2012-nevada-president-romney-vs-obama,16069,ARG,2012-10-19,2012-10-22,Likely Voters,600,Live Phone,Nonpartisan,None,2012,nevada,Other,1
2012-nevada-president-romney-vs-obama,16069,ARG,2012-10-19,2012-10-22,Likely Voters,600,Live Phone,Nonpartisan,None,2012,nevada,Undecided,3
2012-nevada-president-romney-vs-obama,15958,Mellman (D-Americans United for Change),2012-10-15,2012-10-17,Likely Voters,600,Live Phone,Sponsor,Dem,2012,nevada,Obama,51
2012-nevada-president-romney-vs-obama,15958,Mellman (D-Americans United for Change),2012-10-15,2012-10-17,Likely Voters,600,Live Phone,Sponsor,Dem,2012,nevada,Romney,43
2012-nevada-president-romney-vs-obama,15958,Mellman (D-Americans United for Change),2012-10-15,2012-10-17,Likely Voters,600,Live Phone,Sponsor,Dem,2012,nevada,Other,NA
2012-nevada-president-romney-vs-obama,15958,Mellman (D-Americans United for Change),2012-10-15,2012-10-17,Likely Voters,600,Live Phone,Sponsor,Dem,2012,nevada,Undecided,NA
2012-nevada-president-romney-vs-obama,15911,Grove Insight (D-Project New America),2012-10-15,2012-10-16,Likely Voters,500,Live Phone,Pollster,Dem,2012,nevada,Obama,50
2012-nevada-president-romney-vs-obama,15911,Grove Insight (D-Project New America),2012-10-15,2012-10-16,Likely Voters,500,Live Phone,Pollster,Dem,2012,nevada,Romney,43
2012-nevada-president-romney-vs-obama,15911,Grove Insight (D-Project New America),2012-10-15,2012-10-16,Likely Voters,500,Live Phone,Pollster,Dem,2012,nevada,Other,4
2012-nevada-president-romney-vs-obama,15911,Grove Insight (D-Project New America),2012-10-15,2012-10-16,Likely Voters,500,Live Phone,Pollster,Dem,2012,nevada,Undecided,4
2012-nevada-president-romney-vs-obama,15879,Rasmussen,2012-10-15,2012-10-15,Likely Voters,500,Automated Phone,Nonpartisan,None,2012,nevada,Obama,50
2012-nevada-president-romney-vs-obama,15879,Rasmussen,2012-10-15,2012-10-15,Likely Voters,500,Automated Phone,Nonpartisan,None,2012,nevada,Romney,47
2012-nevada-president-romney-vs-obama,15879,Rasmussen,2012-10-15,2012-10-15,Likely Voters,500,Automated Phone,Nonpartisan,None,2012,nevada,Other,2
2012-nevada-president-romney-vs-obama,15879,Rasmussen,2012-10-15,2012-10-15,Likely Voters,500,Automated Phone,Nonpartisan,None,2012,nevada,Undecided,1
2012-nevada-president-romney-vs-obama,15874,SurveyUSA,2012-10-11,2012-10-15,Likely Voters,806,Mixed,Nonpartisan,None,2012,nevada,Obama,48
2012-nevada-president-romney-vs-obama,15874,SurveyUSA,2012-10-11,2012-10-15,Likely Voters,806,Mixed,Nonpartisan,None,2012,nevada,Romney,45
2012-nevada-president-romney-vs-obama,15874,SurveyUSA,2012-10-11,2012-10-15,Likely Voters,806,Mixed,Nonpartisan,None,2012,nevada,Other,3
2012-nevada-president-romney-vs-obama,15874,SurveyUSA,2012-10-11,2012-10-15,Likely Voters,806,Mixed,Nonpartisan,None,2012,nevada,Undecided,3
2012-nevada-president-romney-vs-obama,15853,YouGov,2012-10-04,2012-10-11,Likely Voters,358,Internet,Nonpartisan,None,2012,nevada,Obama,50
2012-nevada-president-romney-vs-obama,15853,YouGov,2012-10-04,2012-10-11,Likely Voters,358,Internet,Nonpartisan,None,2012,nevada,Romney,45
2012-nevada-president-romney-vs-obama,15853,YouGov,2012-10-04,2012-10-11,Likely Voters,358,Internet,Nonpartisan,None,2012,nevada,Other,1
2012-nevada-president-romney-vs-obama,15853,YouGov,2012-10-04,2012-10-11,Likely Voters,358,Internet,Nonpartisan,None,2012,nevada,Undecided,3
2012-nevada-president-romney-vs-obama,15676,PPP (D),2012-10-08,2012-10-10,Likely Voters,594,Automated Phone,Pollster,Dem,2012,nevada,Obama,51
2012-nevada-president-romney-vs-obama,15676,PPP (D),2012-10-08,2012-10-10,Likely Voters,594,Automated Phone,Pollster,Dem,2012,nevada,Romney,47
2012-nevada-president-romney-vs-obama,15676,PPP (D),2012-10-08,2012-10-10,Likely Voters,594,Automated Phone,Pollster,Dem,2012,nevada,Other,NA
2012-nevada-president-romney-vs-obama,15676,PPP (D),2012-10-08,2012-10-10,Likely Voters,594,Automated Phone,Pollster,Dem,2012,nevada,Undecided,2
2012-nevada-president-romney-vs-obama,15687,Suffolk/KSNV,2012-10-06,2012-10-09,Likely Voters,500,Live Phone,Nonpartisan,None,2012,nevada,Obama,47
2012-nevada-president-romney-vs-obama,15687,Suffolk/KSNV,2012-10-06,2012-10-09,Likely Voters,500,Live Phone,Nonpartisan,None,2012,nevada,Romney,45
2012-nevada-president-romney-vs-obama,15687,Suffolk/KSNV,2012-10-06,2012-10-09,Likely Voters,500,Live Phone,Nonpartisan,None,2012,nevada,Other,2
2012-nevada-president-romney-vs-obama,15687,Suffolk/KSNV,2012-10-06,2012-10-09,Likely Voters,500,Live Phone,Nonpartisan,None,2012,nevada,Undecided,6
2012-nevada-president-romney-vs-obama,15631,Rasmussen,2012-10-08,2012-10-08,Likely Voters,500,Automated Phone,Nonpartisan,None,2012,nevada,Obama,47
2012-nevada-president-romney-vs-obama,15631,Rasmussen,2012-10-08,2012-10-08,Likely Voters,500,Automated Phone,Nonpartisan,None,2012,nevada,Romney,47
2012-nevada-president-romney-vs-obama,15631,Rasmussen,2012-10-08,2012-10-08,Likely Voters,500,Automated Phone,Nonpartisan,None,2012,nevada,Other,3
2012-nevada-president-romney-vs-obama,15631,Rasmussen,2012-10-08,2012-10-08,Likely Voters,500,Automated Phone,Nonpartisan,None,2012,nevada,Undecided,3
2012-nevada-president-romney-vs-obama,15648,SurveyUSA,2012-10-03,2012-10-08,Likely Voters,1222,Mixed,Nonpartisan,None,2012,nevada,Obama,47
2012-nevada-president-romney-vs-obama,15648,SurveyUSA,2012-10-03,2012-10-08,Likely Voters,1222,Mixed,Nonpartisan,None,2012,nevada,Romney,46
2012-nevada-president-romney-vs-obama,15648,SurveyUSA,2012-10-03,2012-10-08,Likely Voters,1222,Mixed,Nonpartisan,None,2012,nevada,Other,3
2012-nevada-president-romney-vs-obama,15648,SurveyUSA,2012-10-03,2012-10-08,Likely Voters,1222,Mixed,Nonpartisan,None,2012,nevada,Undecided,4
2012-nevada-president-romney-vs-obama,15554,Gravis Marketing,2012-10-03,2012-10-03,Likely Voters,1006,Automated Phone,Nonpartisan,None,2012,nevada,Obama,49
2012-nevada-president-romney-vs-obama,15554,Gravis Marketing,2012-10-03,2012-10-03,Likely Voters,1006,Automated Phone,Nonpartisan,None,2012,nevada,Romney,48
2012-nevada-president-romney-vs-obama,15554,Gravis Marketing,2012-10-03,2012-10-03,Likely Voters,1006,Automated Phone,Nonpartisan,None,2012,nevada,Other,NA
2012-nevada-president-romney-vs-obama,15554,Gravis Marketing,2012-10-03,2012-10-03,Likely Voters,1006,Automated Phone,Nonpartisan,None,2012,nevada,Undecided,3
2012-nevada-president-romney-vs-obama,15453,We Ask America,2012-09-25,2012-09-27,Likely Voters,1078,Automated Phone,Nonpartisan,None,2012,nevada,Obama,53
2012-nevada-president-romney-vs-obama,15453,We Ask America,2012-09-25,2012-09-27,Likely Voters,1078,Automated Phone,Nonpartisan,None,2012,nevada,Romney,42
2012-nevada-president-romney-vs-obama,15453,We Ask America,2012-09-25,2012-09-27,Likely Voters,1078,Automated Phone,Nonpartisan,None,2012,nevada,Other,2
2012-nevada-president-romney-vs-obama,15453,We Ask America,2012-09-25,2012-09-27,Likely Voters,1078,Automated Phone,Nonpartisan,None,2012,nevada,Undecided,3
2012-nevada-president-romney-vs-obama,15371,NBC/WSJ/Marist,2012-09-23,2012-09-25,Likely Voters,984,Live Phone,Nonpartisan,None,2012,nevada,Obama,49
2012-nevada-president-romney-vs-obama,15371,NBC/WSJ/Marist,2012-09-23,2012-09-25,Likely Voters,984,Live Phone,Nonpartisan,None,2012,nevada,Romney,47
2012-nevada-president-romney-vs-obama,15371,NBC/WSJ/Marist,2012-09-23,2012-09-25,Likely Voters,984,Live Phone,Nonpartisan,None,2012,nevada,Other,1
2012-nevada-president-romney-vs-obama,15371,NBC/WSJ/Marist,2012-09-23,2012-09-25,Likely Voters,984,Live Phone,Nonpartisan,None,2012,nevada,Undecided,3
2012-nevada-president-romney-vs-obama,15272,ARG,2012-09-20,2012-09-23,Likely Voters,600,Live Phone,Nonpartisan,None,2012,nevada,Obama,51
2012-nevada-president-romney-vs-obama,15272,ARG,2012-09-20,2012-09-23,Likely Voters,600,Live Phone,Nonpartisan,None,2012,nevada,Romney,44
2012-nevada-president-romney-vs-obama,15272,ARG,2012-09-20,2012-09-23,Likely Voters,600,Live Phone,Nonpartisan,None,2012,nevada,Other,1
2012-nevada-president-romney-vs-obama,15272,ARG,2012-09-20,2012-09-23,Likely Voters,600,Live Phone,Nonpartisan,None,2012,nevada,Undecided,4
2012-nevada-president-romney-vs-obama,15302,POS (R),2012-09-19,2012-09-20,Likely Voters,500,Live Phone,Pollster,Rep,2012,nevada,Obama,46
2012-nevada-president-romney-vs-obama,15302,POS (R),2012-09-19,2012-09-20,Likely Voters,500,Live Phone,Pollster,Rep,2012,nevada,Romney,46
2012-nevada-president-romney-vs-obama,15302,POS (R),2012-09-19,2012-09-20,Likely Voters,500,Live Phone,Pollster,Rep,2012,nevada,Other,5
2012-nevada-president-romney-vs-obama,15302,POS (R),2012-09-19,2012-09-20,Likely Voters,500,Live Phone,Pollster,Rep,2012,nevada,Undecided,2
2012-nevada-president-romney-vs-obama,15301,PPP (D-League of Conservation Voters),2012-09-18,2012-09-20,Likely Voters,501,Automated Phone,Sponsor,Dem,2012,nevada,Obama,52
2012-nevada-president-romney-vs-obama,15301,PPP (D-League of Conservation Voters),2012-09-18,2012-09-20,Likely Voters,501,Automated Phone,Sponsor,Dem,2012,nevada,Romney,43
2012-nevada-president-romney-vs-obama,15301,PPP (D-League of Conservation Voters),2012-09-18,2012-09-20,Likely Voters,501,Automated Phone,Sponsor,Dem,2012,nevada,Other,NA
2012-nevada-president-romney-vs-obama,15301,PPP (D-League of Conservation Voters),2012-09-18,2012-09-20,Likely Voters,501,Automated Phone,Sponsor,Dem,2012,nevada,Undecided,5
2012-nevada-president-romney-vs-obama,15175,Rasmussen,2012-09-18,2012-09-18,Likely Voters,500,Automated Phone,Nonpartisan,None,2012,nevada,Obama,47
2012-nevada-president-romney-vs-obama,15175,Rasmussen,2012-09-18,2012-09-18,Likely Voters,500,Automated Phone,Nonpartisan,None,2012,nevada,Romney,45
2012-nevada-president-romney-vs-obama,15175,Rasmussen,2012-09-18,2012-09-18,Likely Voters,500,Automated Phone,Nonpartisan,None,2012,nevada,Other,4
2012-nevada-president-romney-vs-obama,15175,Rasmussen,2012-09-18,2012-09-18,Likely Voters,500,Automated Phone,Nonpartisan,None,2012,nevada,Undecided,3
2012-nevada-president-romney-vs-obama,15182,CNN,2012-09-14,2012-09-18,Likely Voters,741,Live Phone,Nonpartisan,None,2012,nevada,Obama,49
2012-nevada-president-romney-vs-obama,15182,CNN,2012-09-14,2012-09-18,Likely Voters,741,Live Phone,Nonpartisan,None,2012,nevada,Romney,46
2012-nevada-president-romney-vs-obama,15182,CNN,2012-09-14,2012-09-18,Likely Voters,741,Live Phone,Nonpartisan,None,2012,nevada,Other,1
2012-nevada-president-romney-vs-obama,15182,CNN,2012-09-14,2012-09-18,Likely Voters,741,Live Phone,Nonpartisan,None,2012,nevada,Undecided,4
2012-nevada-president-romney-vs-obama,15155,YouGov,2012-09-07,2012-09-14,Likely Voters,541,Internet,Nonpartisan,None,2012,nevada,Obama,51
2012-nevada-president-romney-vs-obama,15155,YouGov,2012-09-07,2012-09-14,Likely Voters,541,Internet,Nonpartisan,None,2012,nevada,Romney,44
2012-nevada-president-romney-vs-obama,15155,YouGov,2012-09-07,2012-09-14,Likely Voters,541,Internet,Nonpartisan,None,2012,nevada,Other,2
2012-nevada-president-romney-vs-obama,15155,YouGov,2012-09-07,2012-09-14,Likely Voters,541,Internet,Nonpartisan,None,2012,nevada,Undecided,3
2012-nevada-president-romney-vs-obama,14828,PPP (D),2012-08-23,2012-08-26,Likely Voters,831,Automated Phone,Pollster,Dem,2012,nevada,Obama,50
2012-nevada-president-romney-vs-obama,14828,PPP (D),2012-08-23,2012-08-26,Likely Voters,831,Automated Phone,Pollster,Dem,2012,nevada,Romney,47
2012-nevada-president-romney-vs-obama,14828,PPP (D),2012-08-23,2012-08-26,Likely Voters,831,Automated Phone,Pollster,Dem,2012,nevada,Other,NA
2012-nevada-president-romney-vs-obama,14828,PPP (D),2012-08-23,2012-08-26,Likely Voters,831,Automated Phone,Pollster,Dem,2012,nevada,Undecided,4
2012-nevada-president-romney-vs-obama,14725,SurveyUSA,2012-08-16,2012-08-21,Likely Voters,869,IVR/Online,Nonpartisan,None,2012,nevada,Obama,47
2012-nevada-president-romney-vs-obama,14725,SurveyUSA,2012-08-16,2012-08-21,Likely Voters,869,IVR/Online,Nonpartisan,None,2012,nevada,Romney,45
2012-nevada-president-romney-vs-obama,14725,SurveyUSA,2012-08-16,2012-08-21,Likely Voters,869,IVR/Online,Nonpartisan,None,2012,nevada,Other,5
2012-nevada-president-romney-vs-obama,14725,SurveyUSA,2012-08-16,2012-08-21,Likely Voters,869,IVR/Online,Nonpartisan,None,2012,nevada,Undecided,4
2012-nevada-president-romney-vs-obama,14462,Rasmussen,2012-07-24,2012-07-24,Likely Voters,500,Automated Phone,Nonpartisan,None,2012,nevada,Obama,50
2012-nevada-president-romney-vs-obama,14462,Rasmussen,2012-07-24,2012-07-24,Likely Voters,500,Automated Phone,Nonpartisan,None,2012,nevada,Romney,45
2012-nevada-president-romney-vs-obama,14462,Rasmussen,2012-07-24,2012-07-24,Likely Voters,500,Automated Phone,Nonpartisan,None,2012,nevada,Other,1
2012-nevada-president-romney-vs-obama,14462,Rasmussen,2012-07-24,2012-07-24,Likely Voters,500,Automated Phone,Nonpartisan,None,2012,nevada,Undecided,4
2012-nevada-president-romney-vs-obama,14387,We Ask America,2012-07-17,2012-07-18,Likely Voters,1092,Automated Phone,Nonpartisan,None,2012,nevada,Obama,49
2012-nevada-president-romney-vs-obama,14387,We Ask America,2012-07-17,2012-07-18,Likely Voters,1092,Automated Phone,Nonpartisan,None,2012,nevada,Romney,43
2012-nevada-president-romney-vs-obama,14387,We Ask America,2012-07-17,2012-07-18,Likely Voters,1092,Automated Phone,Nonpartisan,None,2012,nevada,Other,2
2012-nevada-president-romney-vs-obama,14387,We Ask America,2012-07-17,2012-07-18,Likely Voters,1092,Automated Phone,Nonpartisan,None,2012,nevada,Undecided,6
2012-nevada-president-romney-vs-obama,14389,Magellan (R),2012-07-16,2012-07-17,Registered Voters,665,Mixed,Pollster,Rep,2012,nevada,Obama,50
2012-nevada-president-romney-vs-obama,14389,Magellan (R),2012-07-16,2012-07-17,Registered Voters,665,Mixed,Pollster,Rep,2012,nevada,Romney,46
2012-nevada-president-romney-vs-obama,14389,Magellan (R),2012-07-16,2012-07-17,Registered Voters,665,Mixed,Pollster,Rep,2012,nevada,Other,NA
2012-nevada-president-romney-vs-obama,14389,Magellan (R),2012-07-16,2012-07-17,Registered Voters,665,Mixed,Pollster,Rep,2012,nevada,Undecided,4
2012-nevada-president-romney-vs-obama,14087,PPP (D),2012-06-07,2012-06-10,Likely Voters,500,Automated Phone,Pollster,Dem,2012,nevada,Obama,48
2012-nevada-president-romney-vs-obama,14087,PPP (D),2012-06-07,2012-06-10,Likely Voters,500,Automated Phone,Pollster,Dem,2012,nevada,Romney,42
2012-nevada-president-romney-vs-obama,14087,PPP (D),2012-06-07,2012-06-10,Likely Voters,500,Automated Phone,Pollster,Dem,2012,nevada,Other,NA
2012-nevada-president-romney-vs-obama,14087,PPP (D),2012-06-07,2012-06-10,Likely Voters,500,Automated Phone,Pollster,Dem,2012,nevada,Undecided,10
2012-nevada-president-romney-vs-obama,13961,NBC/Marist,2012-05-22,2012-05-24,Registered Voters,1040,Live Phone,Nonpartisan,None,2012,nevada,Obama,48
2012-nevada-president-romney-vs-obama,13961,NBC/Marist,2012-05-22,2012-05-24,Registered Voters,1040,Live Phone,Nonpartisan,None,2012,nevada,Romney,46
2012-nevada-president-romney-vs-obama,13961,NBC/Marist,2012-05-22,2012-05-24,Registered Voters,1040,Live Phone,Nonpartisan,None,2012,nevada,Other,1
2012-nevada-president-romney-vs-obama,13961,NBC/Marist,2012-05-22,2012-05-24,Registered Voters,1040,Live Phone,Nonpartisan,None,2012,nevada,Undecided,5
2012-nevada-president-romney-vs-obama,13659,Rasmussen,2012-04-30,2012-04-30,Likely Voters,500,Automated Phone,Nonpartisan,None,2012,nevada,Obama,52
2012-nevada-president-romney-vs-obama,13659,Rasmussen,2012-04-30,2012-04-30,Likely Voters,500,Automated Phone,Nonpartisan,None,2012,nevada,Romney,44
2012-nevada-president-romney-vs-obama,13659,Rasmussen,2012-04-30,2012-04-30,Likely Voters,500,Automated Phone,Nonpartisan,None,2012,nevada,Other,2
2012-nevada-president-romney-vs-obama,13659,Rasmussen,2012-04-30,2012-04-30,Likely Voters,500,Automated Phone,Nonpartisan,None,2012,nevada,Undecided,2
2012-nevada-president-romney-vs-obama,13430,PPP (D),2012-03-29,2012-04-01,Registered Voters,553,Automated Phone,Pollster,Dem,2012,nevada,Obama,51
2012-nevada-president-romney-vs-obama,13430,PPP (D),2012-03-29,2012-04-01,Registered Voters,553,Automated Phone,Pollster,Dem,2012,nevada,Romney,43
2012-nevada-president-romney-vs-obama,13430,PPP (D),2012-03-29,2012-04-01,Registered Voters,553,Automated Phone,Pollster,Dem,2012,nevada,Other,NA
2012-nevada-president-romney-vs-obama,13430,PPP (D),2012-03-29,2012-04-01,Registered Voters,553,Automated Phone,Pollster,Dem,2012,nevada,Undecided,6
2012-nevada-president-romney-vs-obama,13272,Rasmussen,2012-03-19,2012-03-19,Likely Voters,500,Automated Phone,Nonpartisan,None,2012,nevada,Obama,50
2012-nevada-president-romney-vs-obama,13272,Rasmussen,2012-03-19,2012-03-19,Likely Voters,500,Automated Phone,Nonpartisan,None,2012,nevada,Romney,44
2012-nevada-president-romney-vs-obama,13272,Rasmussen,2012-03-19,2012-03-19,Likely Voters,500,Automated Phone,Nonpartisan,None,2012,nevada,Other,3
2012-nevada-president-romney-vs-obama,13272,Rasmussen,2012-03-19,2012-03-19,Likely Voters,500,Automated Phone,Nonpartisan,None,2012,nevada,Undecided,2
2012-missouri-president-romney-vs-obama,16550,PPP (D),2012-11-02,2012-11-03,Likely Voters,835,Automated Phone,Pollster,Dem,2012,missouri,Obama,45
2012-missouri-president-romney-vs-obama,16550,PPP (D),2012-11-02,2012-11-03,Likely Voters,835,Automated Phone,Pollster,Dem,2012,missouri,Romney,53
2012-missouri-president-romney-vs-obama,16550,PPP (D),2012-11-02,2012-11-03,Likely Voters,835,Automated Phone,Pollster,Dem,2012,missouri,Other,NA
2012-missouri-president-romney-vs-obama,16550,PPP (D),2012-11-02,2012-11-03,Likely Voters,835,Automated Phone,Pollster,Dem,2012,missouri,Undecided,2
2012-missouri-president-romney-vs-obama,16593,YouGov,2012-10-31,2012-11-03,Likely Voters,779,Internet,Nonpartisan,None,2012,missouri,Obama,42
2012-missouri-president-romney-vs-obama,16593,YouGov,2012-10-31,2012-11-03,Likely Voters,779,Internet,Nonpartisan,None,2012,missouri,Romney,53
2012-missouri-president-romney-vs-obama,16593,YouGov,2012-10-31,2012-11-03,Likely Voters,779,Internet,Nonpartisan,None,2012,missouri,Other,NA
2012-missouri-president-romney-vs-obama,16593,YouGov,2012-10-31,2012-11-03,Likely Voters,779,Internet,Nonpartisan,None,2012,missouri,Undecided,3
2012-missouri-president-romney-vs-obama,16615,SurveyUSA,2012-10-28,2012-11-03,Likely Voters,589,IVR/Online,Nonpartisan,None,2012,missouri,Obama,43
2012-missouri-president-romney-vs-obama,16615,SurveyUSA,2012-10-28,2012-11-03,Likely Voters,589,IVR/Online,Nonpartisan,None,2012,missouri,Romney,50
2012-missouri-president-romney-vs-obama,16615,SurveyUSA,2012-10-28,2012-11-03,Likely Voters,589,IVR/Online,Nonpartisan,None,2012,missouri,Other,NA
2012-missouri-president-romney-vs-obama,16615,SurveyUSA,2012-10-28,2012-11-03,Likely Voters,589,IVR/Online,Nonpartisan,None,2012,missouri,Undecided,3
2012-missouri-president-romney-vs-obama,16395,We Ask America,2012-10-30,2012-10-30,Likely Voters,1217,Automated Phone,Nonpartisan,None,2012,missouri,Obama,42
2012-missouri-president-romney-vs-obama,16395,We Ask America,2012-10-30,2012-10-30,Likely Voters,1217,Automated Phone,Nonpartisan,None,2012,missouri,Romney,54
2012-missouri-president-romney-vs-obama,16395,We Ask America,2012-10-30,2012-10-30,Likely Voters,1217,Automated Phone,Nonpartisan,None,2012,missouri,Other,NA
2012-missouri-president-romney-vs-obama,16395,We Ask America,2012-10-30,2012-10-30,Likely Voters,1217,Automated Phone,Nonpartisan,None,2012,missouri,Undecided,NA
2012-missouri-president-romney-vs-obama,16218,Mason-Dixon,2012-10-23,2012-10-25,Likely Voters,625,Live Phone,Nonpartisan,None,2012,missouri,Obama,41
2012-missouri-president-romney-vs-obama,16218,Mason-Dixon,2012-10-23,2012-10-25,Likely Voters,625,Live Phone,Nonpartisan,None,2012,missouri,Romney,54
2012-missouri-president-romney-vs-obama,16218,Mason-Dixon,2012-10-23,2012-10-25,Likely Voters,625,Live Phone,Nonpartisan,None,2012,missouri,Other,NA
2012-missouri-president-romney-vs-obama,16218,Mason-Dixon,2012-10-23,2012-10-25,Likely Voters,625,Live Phone,Nonpartisan,None,2012,missouri,Undecided,4
2012-missouri-president-romney-vs-obama,16009,PPP (D),2012-10-19,2012-10-21,Likely Voters,582,Automated Phone,Pollster,Dem,2012,missouri,Obama,46
2012-missouri-president-romney-vs-obama,16009,PPP (D),2012-10-19,2012-10-21,Likely Voters,582,Automated Phone,Pollster,Dem,2012,missouri,Romney,52
2012-missouri-president-romney-vs-obama,16009,PPP (D),2012-10-19,2012-10-21,Likely Voters,582,Automated Phone,Pollster,Dem,2012,missouri,Other,NA
2012-missouri-president-romney-vs-obama,16009,PPP (D),2012-10-19,2012-10-21,Likely Voters,582,Automated Phone,Pollster,Dem,2012,missouri,Undecided,2
2012-missouri-president-romney-vs-obama,15947,Rasmussen,2012-10-17,2012-10-17,Likely Voters,500,Automated Phone,Nonpartisan,None,2012,missouri,Obama,43
2012-missouri-president-romney-vs-obama,15947,Rasmussen,2012-10-17,2012-10-17,Likely Voters,500,Automated Phone,Nonpartisan,None,2012,missouri,Romney,54
2012-missouri-president-romney-vs-obama,15947,Rasmussen,2012-10-17,2012-10-17,Likely Voters,500,Automated Phone,Nonpartisan,None,2012,missouri,Other,NA
2012-missouri-president-romney-vs-obama,15947,Rasmussen,2012-10-17,2012-10-17,Likely Voters,500,Automated Phone,Nonpartisan,None,2012,missouri,Undecided,3
2012-missouri-president-romney-vs-obama,15813,Wenzel Strategies (R),2012-10-12,2012-10-13,Likely Voters,1000,Live Phone,Pollster,Rep,2012,missouri,Obama,41
2012-missouri-president-romney-vs-obama,15813,Wenzel Strategies (R),2012-10-12,2012-10-13,Likely Voters,1000,Live Phone,Pollster,Rep,2012,missouri,Romney,55
2012-missouri-president-romney-vs-obama,15813,Wenzel Strategies (R),2012-10-12,2012-10-13,Likely Voters,1000,Live Phone,Pollster,Rep,2012,missouri,Other,NA
2012-missouri-president-romney-vs-obama,15813,Wenzel Strategies (R),2012-10-12,2012-10-13,Likely Voters,1000,Live Phone,Pollster,Rep,2012,missouri,Undecided,4
2012-missouri-president-romney-vs-obama,15864,YouGov,2012-10-04,2012-10-11,Likely Voters,546,Internet,Nonpartisan,None,2012,missouri,Obama,42
2012-missouri-president-romney-vs-obama,15864,YouGov,2012-10-04,2012-10-11,Likely Voters,546,Internet,Nonpartisan,None,2012,missouri,Romney,52
2012-missouri-president-romney-vs-obama,15864,YouGov,2012-10-04,2012-10-11,Likely Voters,546,Internet,Nonpartisan,None,2012,missouri,Other,NA
2012-missouri-president-romney-vs-obama,15864,YouGov,2012-10-04,2012-10-11,Likely Voters,546,Internet,Nonpartisan,None,2012,missouri,Undecided,4
2012-missouri-president-romney-vs-obama,15497,PPP (D),2012-10-01,2012-10-03,Likely Voters,700,Automated Phone,Pollster,Dem,2012,missouri,Obama,45
2012-missouri-president-romney-vs-obama,15497,PPP (D),2012-10-01,2012-10-03,Likely Voters,700,Automated Phone,Pollster,Dem,2012,missouri,Romney,51
2012-missouri-president-romney-vs-obama,15497,PPP (D),2012-10-01,2012-10-03,Likely Voters,700,Automated Phone,Pollster,Dem,2012,missouri,Other,NA
2012-missouri-president-romney-vs-obama,15497,PPP (D),2012-10-01,2012-10-03,Likely Voters,700,Automated Phone,Pollster,Dem,2012,missouri,Undecided,4
2012-missouri-president-romney-vs-obama,15514,Rasmussen,2012-10-02,2012-10-02,Likely Voters,500,Automated Phone,Nonpartisan,None,2012,missouri,Obama,46
2012-missouri-president-romney-vs-obama,15514,Rasmussen,2012-10-02,2012-10-02,Likely Voters,500,Automated Phone,Nonpartisan,None,2012,missouri,Romney,49
2012-missouri-president-romney-vs-obama,15514,Rasmussen,2012-10-02,2012-10-02,Likely Voters,500,Automated Phone,Nonpartisan,None,2012,missouri,Other,NA
2012-missouri-president-romney-vs-obama,15514,Rasmussen,2012-10-02,2012-10-02,Likely Voters,500,Automated Phone,Nonpartisan,None,2012,missouri,Undecided,3
2012-missouri-president-romney-vs-obama,15546,Wenzel Strategies (R-Akin),2012-09-30,2012-10-01,Likely Voters,675,Live Phone,Sponsor,Rep,2012,missouri,Obama,40
2012-missouri-president-romney-vs-obama,15546,Wenzel Strategies (R-Akin),2012-09-30,2012-10-01,Likely Voters,675,Live Phone,Sponsor,Rep,2012,missouri,Romney,50
2012-missouri-president-romney-vs-obama,15546,Wenzel Strategies (R-Akin),2012-09-30,2012-10-01,Likely Voters,675,Live Phone,Sponsor,Rep,2012,missouri,Other,NA
2012-missouri-president-romney-vs-obama,15546,Wenzel Strategies (R-Akin),2012-09-30,2012-10-01,Likely Voters,675,Live Phone,Sponsor,Rep,2012,missouri,Undecided,NA
2012-missouri-president-romney-vs-obama,15455,We Ask America,2012-09-25,2012-09-27,Likely Voters,1145,Automated Phone,Nonpartisan,None,2012,missouri,Obama,45
2012-missouri-president-romney-vs-obama,15455,We Ask America,2012-09-25,2012-09-27,Likely Voters,1145,Automated Phone,Nonpartisan,None,2012,missouri,Romney,48
2012-missouri-president-romney-vs-obama,15455,We Ask America,2012-09-25,2012-09-27,Likely Voters,1145,Automated Phone,Nonpartisan,None,2012,missouri,Other,NA
2012-missouri-president-romney-vs-obama,15455,We Ask America,2012-09-25,2012-09-27,Likely Voters,1145,Automated Phone,Nonpartisan,None,2012,missouri,Undecided,6
2012-missouri-president-romney-vs-obama,15341,Chilenski Strategies/Missouri Scout,2012-09-20,2012-09-20,Likely Voters,817,Automated Phone,Nonpartisan,None,2012,missouri,Obama,44
2012-missouri-president-romney-vs-obama,15341,Chilenski Strategies/Missouri Scout,2012-09-20,2012-09-20,Likely Voters,817,Automated Phone,Nonpartisan,None,2012,missouri,Romney,50
2012-missouri-president-romney-vs-obama,15341,Chilenski Strategies/Missouri Scout,2012-09-20,2012-09-20,Likely Voters,817,Automated Phone,Nonpartisan,None,2012,missouri,Other,NA
2012-missouri-president-romney-vs-obama,15341,Chilenski Strategies/Missouri Scout,2012-09-20,2012-09-20,Likely Voters,817,Automated Phone,Nonpartisan,None,2012,missouri,Undecided,6
2012-missouri-president-romney-vs-obama,15225,YouGov,2012-09-07,2012-09-14,Likely Voters,734,Internet,Nonpartisan,None,2012,missouri,Obama,43
2012-missouri-president-romney-vs-obama,15225,YouGov,2012-09-07,2012-09-14,Likely Voters,734,Internet,Nonpartisan,None,2012,missouri,Romney,50
2012-missouri-president-romney-vs-obama,15225,YouGov,2012-09-07,2012-09-14,Likely Voters,734,Internet,Nonpartisan,None,2012,missouri,Other,NA
2012-missouri-president-romney-vs-obama,15225,YouGov,2012-09-07,2012-09-14,Likely Voters,734,Internet,Nonpartisan,None,2012,missouri,Undecided,4
2012-missouri-president-romney-vs-obama,14997,Rasmussen,2012-09-11,2012-09-11,Likely Voters,500,Automated Phone,Nonpartisan,None,2012,missouri,Obama,45
2012-missouri-president-romney-vs-obama,14997,Rasmussen,2012-09-11,2012-09-11,Likely Voters,500,Automated Phone,Nonpartisan,None,2012,missouri,Romney,48
2012-missouri-president-romney-vs-obama,14997,Rasmussen,2012-09-11,2012-09-11,Likely Voters,500,Automated Phone,Nonpartisan,None,2012,missouri,Other,NA
2012-missouri-president-romney-vs-obama,14997,Rasmussen,2012-09-11,2012-09-11,Likely Voters,500,Automated Phone,Nonpartisan,None,2012,missouri,Undecided,3
2012-missouri-president-romney-vs-obama,15007,Wenzel Strategies (R-Citizens United),2012-09-10,2012-09-11,Likely Voters,850,Live Phone,Sponsor,Rep,2012,missouri,Obama,38
2012-missouri-president-romney-vs-obama,15007,Wenzel Strategies (R-Citizens United),2012-09-10,2012-09-11,Likely Voters,850,Live Phone,Sponsor,Rep,2012,missouri,Romney,57
2012-missouri-president-romney-vs-obama,15007,Wenzel Strategies (R-Citizens United),2012-09-10,2012-09-11,Likely Voters,850,Live Phone,Sponsor,Rep,2012,missouri,Other,NA
2012-missouri-president-romney-vs-obama,15007,Wenzel Strategies (R-Citizens United),2012-09-10,2012-09-11,Likely Voters,850,Live Phone,Sponsor,Rep,2012,missouri,Undecided,5
2012-missouri-president-romney-vs-obama,14838,PPP (D),2012-08-28,2012-08-29,Likely Voters,621,Automated Phone,Pollster,Dem,2012,missouri,Obama,41
2012-missouri-president-romney-vs-obama,14838,PPP (D),2012-08-28,2012-08-29,Likely Voters,621,Automated Phone,Pollster,Dem,2012,missouri,Romney,53
2012-missouri-president-romney-vs-obama,14838,PPP (D),2012-08-28,2012-08-29,Likely Voters,621,Automated Phone,Pollster,Dem,2012,missouri,Other,NA
2012-missouri-president-romney-vs-obama,14838,PPP (D),2012-08-28,2012-08-29,Likely Voters,621,Automated Phone,Pollster,Dem,2012,missouri,Undecided,6
2012-missouri-president-romney-vs-obama,14836,Gravis Marketing,2012-08-23,2012-08-23,Likely Voters,1057,Automated Phone,Nonpartisan,None,2012,missouri,Obama,36
2012-missouri-president-romney-vs-obama,14836,Gravis Marketing,2012-08-23,2012-08-23,Likely Voters,1057,Automated Phone,Nonpartisan,None,2012,missouri,Romney,53
2012-missouri-president-romney-vs-obama,14836,Gravis Marketing,2012-08-23,2012-08-23,Likely Voters,1057,Automated Phone,Nonpartisan,None,2012,missouri,Other,NA
2012-missouri-president-romney-vs-obama,14836,Gravis Marketing,2012-08-23,2012-08-23,Likely Voters,1057,Automated Phone,Nonpartisan,None,2012,missouri,Undecided,7
2012-missouri-president-romney-vs-obama,14770,Mason-Dixon,2012-08-22,2012-08-23,Likely Voters,625,Live Phone,Nonpartisan,None,2012,missouri,Obama,43
2012-missouri-president-romney-vs-obama,14770,Mason-Dixon,2012-08-22,2012-08-23,Likely Voters,625,Live Phone,Nonpartisan,None,2012,missouri,Romney,50
2012-missouri-president-romney-vs-obama,14770,Mason-Dixon,2012-08-22,2012-08-23,Likely Voters,625,Live Phone,Nonpartisan,None,2012,missouri,Other,NA
2012-missouri-president-romney-vs-obama,14770,Mason-Dixon,2012-08-22,2012-08-23,Likely Voters,625,Live Phone,Nonpartisan,None,2012,missouri,Undecided,NA
2012-missouri-president-romney-vs-obama,14759,Rasmussen,2012-08-22,2012-08-22,Likely Voters,500,Automated Phone,Nonpartisan,None,2012,missouri,Obama,47
2012-missouri-president-romney-vs-obama,14759,Rasmussen,2012-08-22,2012-08-22,Likely Voters,500,Automated Phone,Nonpartisan,None,2012,missouri,Romney,46
2012-missouri-president-romney-vs-obama,14759,Rasmussen,2012-08-22,2012-08-22,Likely Voters,500,Automated Phone,Nonpartisan,None,2012,missouri,Other,NA
2012-missouri-president-romney-vs-obama,14759,Rasmussen,2012-08-22,2012-08-22,Likely Voters,500,Automated Phone,Nonpartisan,None,2012,missouri,Undecided,3
2012-missouri-president-romney-vs-obama,14749,PPP (D),2012-08-20,2012-08-20,Likely Voters,500,Automated Phone,Pollster,Dem,2012,missouri,Obama,42
2012-missouri-president-romney-vs-obama,14749,PPP (D),2012-08-20,2012-08-20,Likely Voters,500,Automated Phone,Pollster,Dem,2012,missouri,Romney,52
2012-missouri-president-romney-vs-obama,14749,PPP (D),2012-08-20,2012-08-20,Likely Voters,500,Automated Phone,Pollster,Dem,2012,missouri,Other,NA
2012-missouri-president-romney-vs-obama,14749,PPP (D),2012-08-20,2012-08-20,Likely Voters,500,Automated Phone,Pollster,Dem,2012,missouri,Undecided,7
2012-missouri-president-romney-vs-obama,14630,SurveyUSA,2012-08-09,2012-08-12,Likely Voters,585,IVR/Online,Nonpartisan,None,2012,missouri,Obama,44
2012-missouri-president-romney-vs-obama,14630,SurveyUSA,2012-08-09,2012-08-12,Likely Voters,585,IVR/Online,Nonpartisan,None,2012,missouri,Romney,45
2012-missouri-president-romney-vs-obama,14630,SurveyUSA,2012-08-09,2012-08-12,Likely Voters,585,IVR/Online,Nonpartisan,None,2012,missouri,Other,NA
2012-missouri-president-romney-vs-obama,14630,SurveyUSA,2012-08-09,2012-08-12,Likely Voters,585,IVR/Online,Nonpartisan,None,2012,missouri,Undecided,5
2012-missouri-president-romney-vs-obama,14646,Chilenski Strategies/Missouri Scout,2012-08-08,2012-08-08,Likely Voters,663,Automated Phone,Nonpartisan,None,2012,missouri,Obama,47
2012-missouri-president-romney-vs-obama,14646,Chilenski Strategies/Missouri Scout,2012-08-08,2012-08-08,Likely Voters,663,Automated Phone,Nonpartisan,None,2012,missouri,Romney,48
2012-missouri-president-romney-vs-obama,14646,Chilenski Strategies/Missouri Scout,2012-08-08,2012-08-08,Likely Voters,663,Automated Phone,Nonpartisan,None,2012,missouri,Other,NA
2012-missouri-president-romney-vs-obama,14646,Chilenski Strategies/Missouri Scout,2012-08-08,2012-08-08,Likely Voters,663,Automated Phone,Nonpartisan,None,2012,missouri,Undecided,5
2012-missouri-president-romney-vs-obama,14510,Rasmussen,2012-07-30,2012-07-30,Likely Voters,500,Automated Phone,Nonpartisan,None,2012,missouri,Obama,44
2012-missouri-president-romney-vs-obama,14510,Rasmussen,2012-07-30,2012-07-30,Likely Voters,500,Automated Phone,Nonpartisan,None,2012,missouri,Romney,50
2012-missouri-president-romney-vs-obama,14510,Rasmussen,2012-07-30,2012-07-30,Likely Voters,500,Automated Phone,Nonpartisan,None,2012,missouri,Other,NA
2012-missouri-president-romney-vs-obama,14510,Rasmussen,2012-07-30,2012-07-30,Likely Voters,500,Automated Phone,Nonpartisan,None,2012,missouri,Undecided,3
2012-missouri-president-romney-vs-obama,14495,Mason-Dixon,2012-07-23,2012-07-25,Likely Voters,625,Live Phone,Nonpartisan,None,2012,missouri,Obama,42
2012-missouri-president-romney-vs-obama,14495,Mason-Dixon,2012-07-23,2012-07-25,Likely Voters,625,Live Phone,Nonpartisan,None,2012,missouri,Romney,51
2012-missouri-president-romney-vs-obama,14495,Mason-Dixon,2012-07-23,2012-07-25,Likely Voters,625,Live Phone,Nonpartisan,None,2012,missouri,Other,NA
2012-missouri-president-romney-vs-obama,14495,Mason-Dixon,2012-07-23,2012-07-25,Likely Voters,625,Live Phone,Nonpartisan,None,2012,missouri,Undecided,5
2012-missouri-president-romney-vs-obama,14457,We Ask America,2012-07-24,2012-07-24,Likely Voters,1172,Automated Phone,Nonpartisan,None,2012,missouri,Obama,40
2012-missouri-president-romney-vs-obama,14457,We Ask America,2012-07-24,2012-07-24,Likely Voters,1172,Automated Phone,Nonpartisan,None,2012,missouri,Romney,49
2012-missouri-president-romney-vs-obama,14457,We Ask America,2012-07-24,2012-07-24,Likely Voters,1172,Automated Phone,Nonpartisan,None,2012,missouri,Other,NA
2012-missouri-president-romney-vs-obama,14457,We Ask America,2012-07-24,2012-07-24,Likely Voters,1172,Automated Phone,Nonpartisan,None,2012,missouri,Undecided,9
2012-missouri-president-romney-vs-obama,14044,Rasmussen,2012-06-07,2012-06-07,Likely Voters,500,Automated Phone,Nonpartisan,None,2012,missouri,Obama,42
2012-missouri-president-romney-vs-obama,14044,Rasmussen,2012-06-07,2012-06-07,Likely Voters,500,Automated Phone,Nonpartisan,None,2012,missouri,Romney,49
2012-missouri-president-romney-vs-obama,14044,Rasmussen,2012-06-07,2012-06-07,Likely Voters,500,Automated Phone,Nonpartisan,None,2012,missouri,Other,NA
2012-missouri-president-romney-vs-obama,14044,Rasmussen,2012-06-07,2012-06-07,Likely Voters,500,Automated Phone,Nonpartisan,None,2012,missouri,Undecided,3
2012-missouri-president-romney-vs-obama,13958,PPP (D),2012-05-24,2012-05-27,Registered Voters,602,Automated Phone,Pollster,Dem,2012,missouri,Obama,45
2012-missouri-president-romney-vs-obama,13958,PPP (D),2012-05-24,2012-05-27,Registered Voters,602,Automated Phone,Pollster,Dem,2012,missouri,Romney,44
2012-missouri-president-romney-vs-obama,13958,PPP (D),2012-05-24,2012-05-27,Registered Voters,602,Automated Phone,Pollster,Dem,2012,missouri,Other,NA
2012-missouri-president-romney-vs-obama,13958,PPP (D),2012-05-24,2012-05-27,Registered Voters,602,Automated Phone,Pollster,Dem,2012,missouri,Undecided,11
2012-missouri-president-romney-vs-obama,13574,Rasmussen,2012-04-17,2012-04-17,Likely Voters,500,Automated Phone,Nonpartisan,None,2012,missouri,Obama,45
2012-missouri-president-romney-vs-obama,13574,Rasmussen,2012-04-17,2012-04-17,Likely Voters,500,Automated Phone,Nonpartisan,None,2012,missouri,Romney,48
2012-missouri-president-romney-vs-obama,13574,Rasmussen,2012-04-17,2012-04-17,Likely Voters,500,Automated Phone,Nonpartisan,None,2012,missouri,Other,NA
2012-missouri-president-romney-vs-obama,13574,Rasmussen,2012-04-17,2012-04-17,Likely Voters,500,Automated Phone,Nonpartisan,None,2012,missouri,Undecided,4
2012-missouri-president-romney-vs-obama,13249,Rasmussen,2012-03-14,2012-03-15,Likely Voters,500,Automated Phone,Nonpartisan,None,2012,missouri,Obama,41
2012-missouri-president-romney-vs-obama,13249,Rasmussen,2012-03-14,2012-03-15,Likely Voters,500,Automated Phone,Nonpartisan,None,2012,missouri,Romney,50
2012-missouri-president-romney-vs-obama,13249,Rasmussen,2012-03-14,2012-03-15,Likely Voters,500,Automated Phone,Nonpartisan,None,2012,missouri,Other,NA
2012-missouri-president-romney-vs-obama,13249,Rasmussen,2012-03-14,2012-03-15,Likely Voters,500,Automated Phone,Nonpartisan,None,2012,missouri,Undecided,2
2012-missouri-president-romney-vs-obama,12708,PPP (D),2012-01-27,2012-01-29,Likely Voters,582,Automated Phone,Pollster,Dem,2012,missouri,Obama,45
2012-missouri-president-romney-vs-obama,12708,PPP (D),2012-01-27,2012-01-29,Likely Voters,582,Automated Phone,Pollster,Dem,2012,missouri,Romney,45
2012-missouri-president-romney-vs-obama,12708,PPP (D),2012-01-27,2012-01-29,Likely Voters,582,Automated Phone,Pollster,Dem,2012,missouri,Other,NA
2012-missouri-president-romney-vs-obama,12708,PPP (D),2012-01-27,2012-01-29,Likely Voters,582,Automated Phone,Pollster,Dem,2012,missouri,Undecided,9
2012-minnesota-president-romney-vs-obama,16533,PPP (D),2012-11-02,2012-11-03,Likely Voters,1164,Automated Phone,Pollster,Dem,2012,minnesota,Obama,53
2012-minnesota-president-romney-vs-obama,16533,PPP (D),2012-11-02,2012-11-03,Likely Voters,1164,Automated Phone,Pollster,Dem,2012,minnesota,Romney,45
2012-minnesota-president-romney-vs-obama,16533,PPP (D),2012-11-02,2012-11-03,Likely Voters,1164,Automated Phone,Pollster,Dem,2012,minnesota,Other,NA
2012-minnesota-president-romney-vs-obama,16533,PPP (D),2012-11-02,2012-11-03,Likely Voters,1164,Automated Phone,Pollster,Dem,2012,minnesota,Undecided,2
2012-minnesota-president-romney-vs-obama,16611,SurveyUSA,2012-11-01,2012-11-03,Likely Voters,556,IVR/Online,Nonpartisan,None,2012,minnesota,Obama,52
2012-minnesota-president-romney-vs-obama,16611,SurveyUSA,2012-11-01,2012-11-03,Likely Voters,556,IVR/Online,Nonpartisan,None,2012,minnesota,Romney,41
2012-minnesota-president-romney-vs-obama,16611,SurveyUSA,2012-11-01,2012-11-03,Likely Voters,556,IVR/Online,Nonpartisan,None,2012,minnesota,Other,3
2012-minnesota-president-romney-vs-obama,16611,SurveyUSA,2012-11-01,2012-11-03,Likely Voters,556,IVR/Online,Nonpartisan,None,2012,minnesota,Undecided,4
2012-minnesota-president-romney-vs-obama,16584,YouGov,2012-10-31,2012-11-03,Likely Voters,790,Internet,Nonpartisan,None,2012,minnesota,Obama,50
2012-minnesota-president-romney-vs-obama,16584,YouGov,2012-10-31,2012-11-03,Likely Voters,790,Internet,Nonpartisan,None,2012,minnesota,Romney,43
2012-minnesota-president-romney-vs-obama,16584,YouGov,2012-10-31,2012-11-03,Likely Voters,790,Internet,Nonpartisan,None,2012,minnesota,Other,2
2012-minnesota-president-romney-vs-obama,16584,YouGov,2012-10-31,2012-11-03,Likely Voters,790,Internet,Nonpartisan,None,2012,minnesota,Undecided,4
2012-minnesota-president-romney-vs-obama,16470,PPP (D-LCV),2012-10-31,2012-11-01,Likely Voters,772,Automated Phone,Sponsor,Dem,2012,minnesota,Obama,53
2012-minnesota-president-romney-vs-obama,16470,PPP (D-LCV),2012-10-31,2012-11-01,Likely Voters,772,Automated Phone,Sponsor,Dem,2012,minnesota,Romney,44
2012-minnesota-president-romney-vs-obama,16470,PPP (D-LCV),2012-10-31,2012-11-01,Likely Voters,772,Automated Phone,Sponsor,Dem,2012,minnesota,Other,NA
2012-minnesota-president-romney-vs-obama,16470,PPP (D-LCV),2012-10-31,2012-11-01,Likely Voters,772,Automated Phone,Sponsor,Dem,2012,minnesota,Undecided,3
2012-minnesota-president-romney-vs-obama,16534,NMB (R-American Future Fund),2012-10-30,2012-10-31,Likely Voters,500,Live Phone,Sponsor,Rep,2012,minnesota,Obama,45
2012-minnesota-president-romney-vs-obama,16534,NMB (R-American Future Fund),2012-10-30,2012-10-31,Likely Voters,500,Live Phone,Sponsor,Rep,2012,minnesota,Romney,46
2012-minnesota-president-romney-vs-obama,16534,NMB (R-American Future Fund),2012-10-30,2012-10-31,Likely Voters,500,Live Phone,Sponsor,Rep,2012,minnesota,Other,NA
2012-minnesota-president-romney-vs-obama,16534,NMB (R-American Future Fund),2012-10-30,2012-10-31,Likely Voters,500,Live Phone,Sponsor,Rep,2012,minnesota,Undecided,NA
2012-minnesota-president-romney-vs-obama,16410,SurveyUSA,2012-10-26,2012-10-28,Likely Voters,574,IVR/Online,Nonpartisan,None,2012,minnesota,Obama,50
2012-minnesota-president-romney-vs-obama,16410,SurveyUSA,2012-10-26,2012-10-28,Likely Voters,574,IVR/Online,Nonpartisan,None,2012,minnesota,Romney,43
2012-minnesota-president-romney-vs-obama,16410,SurveyUSA,2012-10-26,2012-10-28,Likely Voters,574,IVR/Online,Nonpartisan,None,2012,minnesota,Other,4
2012-minnesota-president-romney-vs-obama,16410,SurveyUSA,2012-10-26,2012-10-28,Likely Voters,574,IVR/Online,Nonpartisan,None,2012,minnesota,Undecided,3
2012-minnesota-president-romney-vs-obama,16231,The Star Tribune Minnesota Poll/Mason-Dixon,2012-10-23,2012-10-25,Likely Voters,800,Live Phone,Nonpartisan,None,2012,minnesota,Obama,47
2012-minnesota-president-romney-vs-obama,16231,The Star Tribune Minnesota Poll/Mason-Dixon,2012-10-23,2012-10-25,Likely Voters,800,Live Phone,Nonpartisan,None,2012,minnesota,Romney,44
2012-minnesota-president-romney-vs-obama,16231,The Star Tribune Minnesota Poll/Mason-Dixon,2012-10-23,2012-10-25,Likely Voters,800,Live Phone,Nonpartisan,None,2012,minnesota,Other,2
2012-minnesota-president-romney-vs-obama,16231,The Star Tribune Minnesota Poll/Mason-Dixon,2012-10-23,2012-10-25,Likely Voters,800,Live Phone,Nonpartisan,None,2012,minnesota,Undecided,7
2012-minnesota-president-romney-vs-obama,16073,Rasmussen,2012-10-21,2012-10-21,Likely Voters,500,Automated Phone,Nonpartisan,None,2012,minnesota,Obama,51
2012-minnesota-president-romney-vs-obama,16073,Rasmussen,2012-10-21,2012-10-21,Likely Voters,500,Automated Phone,Nonpartisan,None,2012,minnesota,Romney,46
2012-minnesota-president-romney-vs-obama,16073,Rasmussen,2012-10-21,2012-10-21,Likely Voters,500,Automated Phone,Nonpartisan,None,2012,minnesota,Other,1
2012-minnesota-president-romney-vs-obama,16073,Rasmussen,2012-10-21,2012-10-21,Likely Voters,500,Automated Phone,Nonpartisan,None,2012,minnesota,Undecided,1
2012-minnesota-president-romney-vs-obama,16227,St. Cloud St,2012-10-15,2012-10-21,Likely Voters,601,Live Phone,Nonpartisan,None,2012,minnesota,Obama,53
2012-minnesota-president-romney-vs-obama,16227,St. Cloud St,2012-10-15,2012-10-21,Likely Voters,601,Live Phone,Nonpartisan,None,2012,minnesota,Romney,45
2012-minnesota-president-romney-vs-obama,16227,St. Cloud St,2012-10-15,2012-10-21,Likely Voters,601,Live Phone,Nonpartisan,None,2012,minnesota,Other,NA
2012-minnesota-president-romney-vs-obama,16227,St. Cloud St,2012-10-15,2012-10-21,Likely Voters,601,Live Phone,Nonpartisan,None,2012,minnesota,Undecided,2
2012-minnesota-president-romney-vs-obama,15919,SurveyUSA,2012-10-12,2012-10-14,Likely Voters,550,IVR/Online,Nonpartisan,None,2012,minnesota,Obama,50
2012-minnesota-president-romney-vs-obama,15919,SurveyUSA,2012-10-12,2012-10-14,Likely Voters,550,IVR/Online,Nonpartisan,None,2012,minnesota,Romney,40
2012-minnesota-president-romney-vs-obama,15919,SurveyUSA,2012-10-12,2012-10-14,Likely Voters,550,IVR/Online,Nonpartisan,None,2012,minnesota,Other,4
2012-minnesota-president-romney-vs-obama,15919,SurveyUSA,2012-10-12,2012-10-14,Likely Voters,550,IVR/Online,Nonpartisan,None,2012,minnesota,Undecided,6
2012-minnesota-president-romney-vs-obama,15860,YouGov,2012-10-04,2012-10-11,Likely Voters,683,Internet,Nonpartisan,None,2012,minnesota,Obama,52
2012-minnesota-president-romney-vs-obama,15860,YouGov,2012-10-04,2012-10-11,Likely Voters,683,Internet,Nonpartisan,None,2012,minnesota,Romney,44
2012-minnesota-president-romney-vs-obama,15860,YouGov,2012-10-04,2012-10-11,Likely Voters,683,Internet,Nonpartisan,None,2012,minnesota,Other,1
2012-minnesota-president-romney-vs-obama,15860,YouGov,2012-10-04,2012-10-11,Likely Voters,683,Internet,Nonpartisan,None,2012,minnesota,Undecided,3
2012-minnesota-president-romney-vs-obama,15786,NMB (R-American Future Fund),2012-10-07,2012-10-08,Likely Voters,500,Live Phone,Sponsor,Rep,2012,minnesota,Obama,47
2012-minnesota-president-romney-vs-obama,15786,NMB (R-American Future Fund),2012-10-07,2012-10-08,Likely Voters,500,Live Phone,Sponsor,Rep,2012,minnesota,Romney,43
2012-minnesota-president-romney-vs-obama,15786,NMB (R-American Future Fund),2012-10-07,2012-10-08,Likely Voters,500,Live Phone,Sponsor,Rep,2012,minnesota,Other,NA
2012-minnesota-president-romney-vs-obama,15786,NMB (R-American Future Fund),2012-10-07,2012-10-08,Likely Voters,500,Live Phone,Sponsor,Rep,2012,minnesota,Undecided,NA
2012-minnesota-president-romney-vs-obama,15632,PPP (D),2012-10-05,2012-10-08,Likely Voters,937,Automated Phone,Pollster,Dem,2012,minnesota,Obama,53
2012-minnesota-president-romney-vs-obama,15632,PPP (D),2012-10-05,2012-10-08,Likely Voters,937,Automated Phone,Pollster,Dem,2012,minnesota,Romney,43
2012-minnesota-president-romney-vs-obama,15632,PPP (D),2012-10-05,2012-10-08,Likely Voters,937,Automated Phone,Pollster,Dem,2012,minnesota,Other,NA
2012-minnesota-president-romney-vs-obama,15632,PPP (D),2012-10-05,2012-10-08,Likely Voters,937,Automated Phone,Pollster,Dem,2012,minnesota,Undecided,4
2012-minnesota-president-romney-vs-obama,15262,The Star Tribune Minnesota Poll/Mason-Dixon,2012-09-17,2012-09-19,Likely Voters,800,Live Phone,Nonpartisan,None,2012,minnesota,Obama,48
2012-minnesota-president-romney-vs-obama,15262,The Star Tribune Minnesota Poll/Mason-Dixon,2012-09-17,2012-09-19,Likely Voters,800,Live Phone,Nonpartisan,None,2012,minnesota,Romney,40
2012-minnesota-president-romney-vs-obama,15262,The Star Tribune Minnesota Poll/Mason-Dixon,2012-09-17,2012-09-19,Likely Voters,800,Live Phone,Nonpartisan,None,2012,minnesota,Other,5
2012-minnesota-president-romney-vs-obama,15262,The Star Tribune Minnesota Poll/Mason-Dixon,2012-09-17,2012-09-19,Likely Voters,800,Live Phone,Nonpartisan,None,2012,minnesota,Undecided,7
2012-minnesota-president-romney-vs-obama,15191,YouGov,2012-09-07,2012-09-14,Likely Voters,816,Internet,Nonpartisan,None,2012,minnesota,Obama,50
2012-minnesota-president-romney-vs-obama,15191,YouGov,2012-09-07,2012-09-14,Likely Voters,816,Internet,Nonpartisan,None,2012,minnesota,Romney,42
2012-minnesota-president-romney-vs-obama,15191,YouGov,2012-09-07,2012-09-14,Likely Voters,816,Internet,Nonpartisan,None,2012,minnesota,Other,4
2012-minnesota-president-romney-vs-obama,15191,YouGov,2012-09-07,2012-09-14,Likely Voters,816,Internet,Nonpartisan,None,2012,minnesota,Undecided,4
2012-minnesota-president-romney-vs-obama,15015,PPP (D),2012-09-10,2012-09-11,Likely Voters,824,Automated Phone,Pollster,Dem,2012,minnesota,Obama,51
2012-minnesota-president-romney-vs-obama,15015,PPP (D),2012-09-10,2012-09-11,Likely Voters,824,Automated Phone,Pollster,Dem,2012,minnesota,Romney,44
2012-minnesota-president-romney-vs-obama,15015,PPP (D),2012-09-10,2012-09-11,Likely Voters,824,Automated Phone,Pollster,Dem,2012,minnesota,Other,NA
2012-minnesota-president-romney-vs-obama,15015,PPP (D),2012-09-10,2012-09-11,Likely Voters,824,Automated Phone,Pollster,Dem,2012,minnesota,Undecided,5
2012-minnesota-president-romney-vs-obama,14966,SurveyUSA,2012-09-06,2012-09-09,Likely Voters,551,IVR/Online,Nonpartisan,None,2012,minnesota,Obama,50
2012-minnesota-president-romney-vs-obama,14966,SurveyUSA,2012-09-06,2012-09-09,Likely Voters,551,IVR/Online,Nonpartisan,None,2012,minnesota,Romney,40
2012-minnesota-president-romney-vs-obama,14966,SurveyUSA,2012-09-06,2012-09-09,Likely Voters,551,IVR/Online,Nonpartisan,None,2012,minnesota,Other,5
2012-minnesota-president-romney-vs-obama,14966,SurveyUSA,2012-09-06,2012-09-09,Likely Voters,551,IVR/Online,Nonpartisan,None,2012,minnesota,Undecided,5
2012-minnesota-president-romney-vs-obama,14418,SurveyUSA,2012-07-17,2012-07-19,Likely Voters,552,IVR/Online,Nonpartisan,None,2012,minnesota,Obama,46
2012-minnesota-president-romney-vs-obama,14418,SurveyUSA,2012-07-17,2012-07-19,Likely Voters,552,IVR/Online,Nonpartisan,None,2012,minnesota,Romney,40
2012-minnesota-president-romney-vs-obama,14418,SurveyUSA,2012-07-17,2012-07-19,Likely Voters,552,IVR/Online,Nonpartisan,None,2012,minnesota,Other,7
2012-minnesota-president-romney-vs-obama,14418,SurveyUSA,2012-07-17,2012-07-19,Likely Voters,552,IVR/Online,Nonpartisan,None,2012,minnesota,Undecided,7
2012-minnesota-president-romney-vs-obama,14033,PPP (D),2012-05-31,2012-06-03,Registered Voters,973,Automated Phone,Pollster,Dem,2012,minnesota,Obama,54
2012-minnesota-president-romney-vs-obama,14033,PPP (D),2012-05-31,2012-06-03,Registered Voters,973,Automated Phone,Pollster,Dem,2012,minnesota,Romney,39
2012-minnesota-president-romney-vs-obama,14033,PPP (D),2012-05-31,2012-06-03,Registered Voters,973,Automated Phone,Pollster,Dem,2012,minnesota,Other,NA
2012-minnesota-president-romney-vs-obama,14033,PPP (D),2012-05-31,2012-06-03,Registered Voters,973,Automated Phone,Pollster,Dem,2012,minnesota,Undecided,7
2012-minnesota-president-romney-vs-obama,13783,SurveyUSA,2012-05-09,2012-05-10,Registered Voters,516,IVR/Online,Nonpartisan,None,2012,minnesota,Obama,52
2012-minnesota-president-romney-vs-obama,13783,SurveyUSA,2012-05-09,2012-05-10,Registered Voters,516,IVR/Online,Nonpartisan,None,2012,minnesota,Romney,38
2012-minnesota-president-romney-vs-obama,13783,SurveyUSA,2012-05-09,2012-05-10,Registered Voters,516,IVR/Online,Nonpartisan,None,2012,minnesota,Other,NA
2012-minnesota-president-romney-vs-obama,13783,SurveyUSA,2012-05-09,2012-05-10,Registered Voters,516,IVR/Online,Nonpartisan,None,2012,minnesota,Undecided,10
2012-minnesota-president-romney-vs-obama,13143,SurveyUSA,2012-01-31,2012-02-02,Registered Voters,542,IVR/Online,Nonpartisan,None,2012,minnesota,Obama,49
2012-minnesota-president-romney-vs-obama,13143,SurveyUSA,2012-01-31,2012-02-02,Registered Voters,542,IVR/Online,Nonpartisan,None,2012,minnesota,Romney,36
2012-minnesota-president-romney-vs-obama,13143,SurveyUSA,2012-01-31,2012-02-02,Registered Voters,542,IVR/Online,Nonpartisan,None,2012,minnesota,Other,NA
2012-minnesota-president-romney-vs-obama,13143,SurveyUSA,2012-01-31,2012-02-02,Registered Voters,542,IVR/Online,Nonpartisan,None,2012,minnesota,Undecided,15
2012-minnesota-president-romney-vs-obama,12641,PPP (D),2012-01-21,2012-01-22,Likely Voters,1236,Automated Phone,Pollster,Dem,2012,minnesota,Obama,51
2012-minnesota-president-romney-vs-obama,12641,PPP (D),2012-01-21,2012-01-22,Likely Voters,1236,Automated Phone,Pollster,Dem,2012,minnesota,Romney,41
2012-minnesota-president-romney-vs-obama,12641,PPP (D),2012-01-21,2012-01-22,Likely Voters,1236,Automated Phone,Pollster,Dem,2012,minnesota,Other,NA
2012-minnesota-president-romney-vs-obama,12641,PPP (D),2012-01-21,2012-01-22,Likely Voters,1236,Automated Phone,Pollster,Dem,2012,minnesota,Undecided,8
2012-michigan-president-romney-vs-obama,16684,Mitchell Research,2012-11-04,2012-11-04,Likely Voters,1305,Automated Phone,Pollster,Rep,2012,michigan,Obama,51
2012-michigan-president-romney-vs-obama,16684,Mitchell Research,2012-11-04,2012-11-04,Likely Voters,1305,Automated Phone,Pollster,Rep,2012,michigan,Romney,46
2012-michigan-president-romney-vs-obama,16684,Mitchell Research,2012-11-04,2012-11-04,Likely Voters,1305,Automated Phone,Pollster,Rep,2012,michigan,Other,2
2012-michigan-president-romney-vs-obama,16684,Mitchell Research,2012-11-04,2012-11-04,Likely Voters,1305,Automated Phone,Pollster,Rep,2012,michigan,Undecided,1
2012-michigan-president-romney-vs-obama,16622,Angus-Reid,2012-11-01,2012-11-03,Likely Voters,502,Internet,Nonpartisan,None,2012,michigan,Obama,52
2012-michigan-president-romney-vs-obama,16622,Angus-Reid,2012-11-01,2012-11-03,Likely Voters,502,Internet,Nonpartisan,None,2012,michigan,Romney,47
2012-michigan-president-romney-vs-obama,16622,Angus-Reid,2012-11-01,2012-11-03,Likely Voters,502,Internet,Nonpartisan,None,2012,michigan,Other,NA
2012-michigan-president-romney-vs-obama,16622,Angus-Reid,2012-11-01,2012-11-03,Likely Voters,502,Internet,Nonpartisan,None,2012,michigan,Undecided,NA
2012-michigan-president-romney-vs-obama,16502,PPP (D),2012-11-01,2012-11-03,Likely Voters,700,Automated Phone,Pollster,Dem,2012,michigan,Obama,52
2012-michigan-president-romney-vs-obama,16502,PPP (D),2012-11-01,2012-11-03,Likely Voters,700,Automated Phone,Pollster,Dem,2012,michigan,Romney,46
2012-michigan-president-romney-vs-obama,16502,PPP (D),2012-11-01,2012-11-03,Likely Voters,700,Automated Phone,Pollster,Dem,2012,michigan,Other,NA
2012-michigan-president-romney-vs-obama,16502,PPP (D),2012-11-01,2012-11-03,Likely Voters,700,Automated Phone,Pollster,Dem,2012,michigan,Undecided,1
2012-michigan-president-romney-vs-obama,16580,YouGov,2012-10-31,2012-11-03,Likely Voters,1091,Internet,Nonpartisan,None,2012,michigan,Obama,51
2012-michigan-president-romney-vs-obama,16580,YouGov,2012-10-31,2012-11-03,Likely Voters,1091,Internet,Nonpartisan,None,2012,michigan,Romney,44
2012-michigan-president-romney-vs-obama,16580,YouGov,2012-10-31,2012-11-03,Likely Voters,1091,Internet,Nonpartisan,None,2012,michigan,Other,3
2012-michigan-president-romney-vs-obama,16580,YouGov,2012-10-31,2012-11-03,Likely Voters,1091,Internet,Nonpartisan,None,2012,michigan,Undecided,3
2012-michigan-president-romney-vs-obama,16547,FMWB (D),2012-11-02,2012-11-02,Likely Voters,1913,Automated Phone,Pollster,Dem,2012,michigan,Obama,46
2012-michigan-president-romney-vs-obama,16547,FMWB (D),2012-11-02,2012-11-02,Likely Voters,1913,Automated Phone,Pollster,Dem,2012,michigan,Romney,47
2012-michigan-president-romney-vs-obama,16547,FMWB (D),2012-11-02,2012-11-02,Likely Voters,1913,Automated Phone,Pollster,Dem,2012,michigan,Other,5
2012-michigan-president-romney-vs-obama,16547,FMWB (D),2012-11-02,2012-11-02,Likely Voters,1913,Automated Phone,Pollster,Dem,2012,michigan,Undecided,2
2012-michigan-president-romney-vs-obama,16468,Rasmussen,2012-11-01,2012-11-01,Likely Voters,750,Automated Phone,Nonpartisan,None,2012,michigan,Obama,52
2012-michigan-president-romney-vs-obama,16468,Rasmussen,2012-11-01,2012-11-01,Likely Voters,750,Automated Phone,Nonpartisan,None,2012,michigan,Romney,47
2012-michigan-president-romney-vs-obama,16468,Rasmussen,2012-11-01,2012-11-01,Likely Voters,750,Automated Phone,Nonpartisan,None,2012,michigan,Other,1
2012-michigan-president-romney-vs-obama,16468,Rasmussen,2012-11-01,2012-11-01,Likely Voters,750,Automated Phone,Nonpartisan,None,2012,michigan,Undecided,1
2012-michigan-president-romney-vs-obama,16472,PPP (D-LCV),2012-10-31,2012-11-01,Likely Voters,500,Automated Phone,Sponsor,Dem,2012,michigan,Obama,52
2012-michigan-president-romney-vs-obama,16472,PPP (D-LCV),2012-10-31,2012-11-01,Likely Voters,500,Automated Phone,Sponsor,Dem,2012,michigan,Romney,46
2012-michigan-president-romney-vs-obama,16472,PPP (D-LCV),2012-10-31,2012-11-01,Likely Voters,500,Automated Phone,Sponsor,Dem,2012,michigan,Other,NA
2012-michigan-president-romney-vs-obama,16472,PPP (D-LCV),2012-10-31,2012-11-01,Likely Voters,500,Automated Phone,Sponsor,Dem,2012,michigan,Undecided,2
2012-michigan-president-romney-vs-obama,16461,Grove Insight (D-Project New America/USAction),2012-10-31,2012-11-01,Likely Voters,500,Live Phone,Pollster,Dem,2012,michigan,Obama,48
2012-michigan-president-romney-vs-obama,16461,Grove Insight (D-Project New America/USAction),2012-10-31,2012-11-01,Likely Voters,500,Live Phone,Pollster,Dem,2012,michigan,Romney,41
2012-michigan-president-romney-vs-obama,16461,Grove Insight (D-Project New America/USAction),2012-10-31,2012-11-01,Likely Voters,500,Live Phone,Pollster,Dem,2012,michigan,Other,2
2012-michigan-president-romney-vs-obama,16461,Grove Insight (D-Project New America/USAction),2012-10-31,2012-11-01,Likely Voters,500,Live Phone,Pollster,Dem,2012,michigan,Undecided,9
2012-michigan-president-romney-vs-obama,16390,PPP (D-Health Care for America Now),2012-10-30,2012-10-31,Likely Voters,500,Automated Phone,Sponsor,Dem,2012,michigan,Obama,53
2012-michigan-president-romney-vs-obama,16390,PPP (D-Health Care for America Now),2012-10-30,2012-10-31,Likely Voters,500,Automated Phone,Sponsor,Dem,2012,michigan,Romney,45
2012-michigan-president-romney-vs-obama,16390,PPP (D-Health Care for America Now),2012-10-30,2012-10-31,Likely Voters,500,Automated Phone,Sponsor,Dem,2012,michigan,Other,NA
2012-michigan-president-romney-vs-obama,16390,PPP (D-Health Care for America Now),2012-10-30,2012-10-31,Likely Voters,500,Automated Phone,Sponsor,Dem,2012,michigan,Undecided,3
2012-michigan-president-romney-vs-obama,16358,Glengariff Group,2012-10-27,2012-10-29,Likely Voters,600,Live Phone,Nonpartisan,None,2012,michigan,Obama,48
2012-michigan-president-romney-vs-obama,16358,Glengariff Group,2012-10-27,2012-10-29,Likely Voters,600,Live Phone,Nonpartisan,None,2012,michigan,Romney,45
2012-michigan-president-romney-vs-obama,16358,Glengariff Group,2012-10-27,2012-10-29,Likely Voters,600,Live Phone,Nonpartisan,None,2012,michigan,Other,1
2012-michigan-president-romney-vs-obama,16358,Glengariff Group,2012-10-27,2012-10-29,Likely Voters,600,Live Phone,Nonpartisan,None,2012,michigan,Undecided,6
2012-michigan-president-romney-vs-obama,16412,EPIC-MRA,2012-10-26,2012-10-29,Likely Voters,600,Automated Phone,Nonpartisan,None,2012,michigan,Obama,48
2012-michigan-president-romney-vs-obama,16412,EPIC-MRA,2012-10-26,2012-10-29,Likely Voters,600,Automated Phone,Nonpartisan,None,2012,michigan,Romney,42
2012-michigan-president-romney-vs-obama,16412,EPIC-MRA,2012-10-26,2012-10-29,Likely Voters,600,Automated Phone,Nonpartisan,None,2012,michigan,Other,4
2012-michigan-president-romney-vs-obama,16412,EPIC-MRA,2012-10-26,2012-10-29,Likely Voters,600,Automated Phone,Nonpartisan,None,2012,michigan,Undecided,6
2012-michigan-president-romney-vs-obama,16167,FMWB (D),2012-10-23,2012-10-23,Likely Voters,1122,Automated Phone,Pollster,Dem,2012,michigan,Obama,47
2012-michigan-president-romney-vs-obama,16167,FMWB (D),2012-10-23,2012-10-23,Likely Voters,1122,Automated Phone,Pollster,Dem,2012,michigan,Romney,47
2012-michigan-president-romney-vs-obama,16167,FMWB (D),2012-10-23,2012-10-23,Likely Voters,1122,Automated Phone,Pollster,Dem,2012,michigan,Other,2
2012-michigan-president-romney-vs-obama,16167,FMWB (D),2012-10-23,2012-10-23,Likely Voters,1122,Automated Phone,Pollster,Dem,2012,michigan,Undecided,4
2012-michigan-president-romney-vs-obama,16007,Angus-Reid,2012-10-18,2012-10-20,Likely Voters,513,Internet,Nonpartisan,None,2012,michigan,Obama,52
2012-michigan-president-romney-vs-obama,16007,Angus-Reid,2012-10-18,2012-10-20,Likely Voters,513,Internet,Nonpartisan,None,2012,michigan,Romney,43
2012-michigan-president-romney-vs-obama,16007,Angus-Reid,2012-10-18,2012-10-20,Likely Voters,513,Internet,Nonpartisan,None,2012,michigan,Other,5
2012-michigan-president-romney-vs-obama,16007,Angus-Reid,2012-10-18,2012-10-20,Likely Voters,513,Internet,Nonpartisan,None,2012,michigan,Undecided,NA
2012-michigan-president-romney-vs-obama,15934,EPIC-MRA,2012-10-17,2012-10-17,Likely Voters,800,Automated Phone,Nonpartisan,None,2012,michigan,Obama,52
2012-michigan-president-romney-vs-obama,15934,EPIC-MRA,2012-10-17,2012-10-17,Likely Voters,800,Automated Phone,Nonpartisan,None,2012,michigan,Romney,46
2012-michigan-president-romney-vs-obama,15934,EPIC-MRA,2012-10-17,2012-10-17,Likely Voters,800,Automated Phone,Nonpartisan,None,2012,michigan,Other,NA
2012-michigan-president-romney-vs-obama,15934,EPIC-MRA,2012-10-17,2012-10-17,Likely Voters,800,Automated Phone,Nonpartisan,None,2012,michigan,Undecided,2
2012-michigan-president-romney-vs-obama,15751,Rasmussen,2012-10-11,2012-10-11,Likely Voters,500,Automated Phone,Nonpartisan,None,2012,michigan,Obama,52
2012-michigan-president-romney-vs-obama,15751,Rasmussen,2012-10-11,2012-10-11,Likely Voters,500,Automated Phone,Nonpartisan,None,2012,michigan,Romney,45
2012-michigan-president-romney-vs-obama,15751,Rasmussen,2012-10-11,2012-10-11,Likely Voters,500,Automated Phone,Nonpartisan,None,2012,michigan,Other,1
2012-michigan-president-romney-vs-obama,15751,Rasmussen,2012-10-11,2012-10-11,Likely Voters,500,Automated Phone,Nonpartisan,None,2012,michigan,Undecided,1
2012-michigan-president-romney-vs-obama,15857,YouGov,2012-10-04,2012-10-11,Likely Voters,895,Internet,Nonpartisan,None,2012,michigan,Obama,52
2012-michigan-president-romney-vs-obama,15857,YouGov,2012-10-04,2012-10-11,Likely Voters,895,Internet,Nonpartisan,None,2012,michigan,Romney,42
2012-michigan-president-romney-vs-obama,15857,YouGov,2012-10-04,2012-10-11,Likely Voters,895,Internet,Nonpartisan,None,2012,michigan,Other,1
2012-michigan-president-romney-vs-obama,15857,YouGov,2012-10-04,2012-10-11,Likely Voters,895,Internet,Nonpartisan,None,2012,michigan,Undecided,4
2012-michigan-president-romney-vs-obama,15929,"Denno/ Lambert, Edwards & Associates",2012-10-09,2012-10-10,Likely Voters,600,Live Phone,Pollster,Dem,2012,michigan,Obama,44
2012-michigan-president-romney-vs-obama,15929,"Denno/ Lambert, Edwards & Associates",2012-10-09,2012-10-10,Likely Voters,600,Live Phone,Pollster,Dem,2012,michigan,Romney,41
2012-michigan-president-romney-vs-obama,15929,"Denno/ Lambert, Edwards & Associates",2012-10-09,2012-10-10,Likely Voters,600,Live Phone,Pollster,Dem,2012,michigan,Other,NA
2012-michigan-president-romney-vs-obama,15929,"Denno/ Lambert, Edwards & Associates",2012-10-09,2012-10-10,Likely Voters,600,Live Phone,Pollster,Dem,2012,michigan,Undecided,13
2012-michigan-president-romney-vs-obama,15690,Glengariff Group,2012-10-06,2012-10-08,Likely Voters,600,Live Phone,Nonpartisan,None,2012,michigan,Obama,49
2012-michigan-president-romney-vs-obama,15690,Glengariff Group,2012-10-06,2012-10-08,Likely Voters,600,Live Phone,Nonpartisan,None,2012,michigan,Romney,42
2012-michigan-president-romney-vs-obama,15690,Glengariff Group,2012-10-06,2012-10-08,Likely Voters,600,Live Phone,Nonpartisan,None,2012,michigan,Other,NA
2012-michigan-president-romney-vs-obama,15690,Glengariff Group,2012-10-06,2012-10-08,Likely Voters,600,Live Phone,Nonpartisan,None,2012,michigan,Undecided,8
2012-michigan-president-romney-vs-obama,15688,Gravis Marketing,2012-10-05,2012-10-08,Likely Voters,1122,Automated Phone,Nonpartisan,None,2012,michigan,Obama,46
2012-michigan-president-romney-vs-obama,15688,Gravis Marketing,2012-10-05,2012-10-08,Likely Voters,1122,Automated Phone,Nonpartisan,None,2012,michigan,Romney,44
2012-michigan-president-romney-vs-obama,15688,Gravis Marketing,2012-10-05,2012-10-08,Likely Voters,1122,Automated Phone,Nonpartisan,None,2012,michigan,Other,NA
2012-michigan-president-romney-vs-obama,15688,Gravis Marketing,2012-10-05,2012-10-08,Likely Voters,1122,Automated Phone,Nonpartisan,None,2012,michigan,Undecided,10
2012-michigan-president-romney-vs-obama,15605,EPIC-MRA,2012-10-04,2012-10-06,Likely Voters,600,Automated Phone,Nonpartisan,None,2012,michigan,Obama,48
2012-michigan-president-romney-vs-obama,15605,EPIC-MRA,2012-10-04,2012-10-06,Likely Voters,600,Automated Phone,Nonpartisan,None,2012,michigan,Romney,45
2012-michigan-president-romney-vs-obama,15605,EPIC-MRA,2012-10-04,2012-10-06,Likely Voters,600,Automated Phone,Nonpartisan,None,2012,michigan,Other,NA
2012-michigan-president-romney-vs-obama,15605,EPIC-MRA,2012-10-04,2012-10-06,Likely Voters,600,Automated Phone,Nonpartisan,None,2012,michigan,Undecided,7
2012-michigan-president-romney-vs-obama,15606,FMWB (D),2012-10-05,2012-10-05,Likely Voters,1122,Automated Phone,Pollster,Dem,2012,michigan,Obama,49
2012-michigan-president-romney-vs-obama,15606,FMWB (D),2012-10-05,2012-10-05,Likely Voters,1122,Automated Phone,Pollster,Dem,2012,michigan,Romney,46
2012-michigan-president-romney-vs-obama,15606,FMWB (D),2012-10-05,2012-10-05,Likely Voters,1122,Automated Phone,Pollster,Dem,2012,michigan,Other,2
2012-michigan-president-romney-vs-obama,15606,FMWB (D),2012-10-05,2012-10-05,Likely Voters,1122,Automated Phone,Pollster,Dem,2012,michigan,Undecided,3
2012-michigan-president-romney-vs-obama,15421,We Ask America,2012-09-25,2012-09-27,Likely Voters,1064,Automated Phone,Nonpartisan,None,2012,michigan,Obama,52
2012-michigan-president-romney-vs-obama,15421,We Ask America,2012-09-25,2012-09-27,Likely Voters,1064,Automated Phone,Nonpartisan,None,2012,michigan,Romney,40
2012-michigan-president-romney-vs-obama,15421,We Ask America,2012-09-25,2012-09-27,Likely Voters,1064,Automated Phone,Nonpartisan,None,2012,michigan,Other,1
2012-michigan-president-romney-vs-obama,15421,We Ask America,2012-09-25,2012-09-27,Likely Voters,1064,Automated Phone,Nonpartisan,None,2012,michigan,Undecided,7
2012-michigan-president-romney-vs-obama,15377,Gravis Marketing,2012-09-21,2012-09-22,Likely Voters,804,Automated Phone,Nonpartisan,None,2012,michigan,Obama,50
2012-michigan-president-romney-vs-obama,15377,Gravis Marketing,2012-09-21,2012-09-22,Likely Voters,804,Automated Phone,Nonpartisan,None,2012,michigan,Romney,46
2012-michigan-president-romney-vs-obama,15377,Gravis Marketing,2012-09-21,2012-09-22,Likely Voters,804,Automated Phone,Nonpartisan,None,2012,michigan,Other,NA
2012-michigan-president-romney-vs-obama,15377,Gravis Marketing,2012-09-21,2012-09-22,Likely Voters,804,Automated Phone,Nonpartisan,None,2012,michigan,Undecided,4
2012-michigan-president-romney-vs-obama,15267,Rasmussen,2012-09-20,2012-09-20,Likely Voters,500,Automated Phone,Nonpartisan,None,2012,michigan,Obama,54
2012-michigan-president-romney-vs-obama,15267,Rasmussen,2012-09-20,2012-09-20,Likely Voters,500,Automated Phone,Nonpartisan,None,2012,michigan,Romney,42
2012-michigan-president-romney-vs-obama,15267,Rasmussen,2012-09-20,2012-09-20,Likely Voters,500,Automated Phone,Nonpartisan,None,2012,michigan,Other,1
2012-michigan-president-romney-vs-obama,15267,Rasmussen,2012-09-20,2012-09-20,Likely Voters,500,Automated Phone,Nonpartisan,None,2012,michigan,Undecided,3
2012-michigan-president-romney-vs-obama,15396,PPP (D)/NRDC,2012-09-17,2012-09-19,Likely Voters,2386,Automated Phone,Pollster,Dem,2012,michigan,Obama,51
2012-michigan-president-romney-vs-obama,15396,PPP (D)/NRDC,2012-09-17,2012-09-19,Likely Voters,2386,Automated Phone,Pollster,Dem,2012,michigan,Romney,42
2012-michigan-president-romney-vs-obama,15396,PPP (D)/NRDC,2012-09-17,2012-09-19,Likely Voters,2386,Automated Phone,Pollster,Dem,2012,michigan,Other,NA
2012-michigan-president-romney-vs-obama,15396,PPP (D)/NRDC,2012-09-17,2012-09-19,Likely Voters,2386,Automated Phone,Pollster,Dem,2012,michigan,Undecided,7
2012-michigan-president-romney-vs-obama,15143,CNN,2012-09-14,2012-09-18,Likely Voters,754,Live Phone,Nonpartisan,None,2012,michigan,Obama,52
2012-michigan-president-romney-vs-obama,15143,CNN,2012-09-14,2012-09-18,Likely Voters,754,Live Phone,Nonpartisan,None,2012,michigan,Romney,44
2012-michigan-president-romney-vs-obama,15143,CNN,2012-09-14,2012-09-18,Likely Voters,754,Live Phone,Nonpartisan,None,2012,michigan,Other,1
2012-michigan-president-romney-vs-obama,15143,CNN,2012-09-14,2012-09-18,Likely Voters,754,Live Phone,Nonpartisan,None,2012,michigan,Undecided,3
2012-michigan-president-romney-vs-obama,15166,Glengariff Group,2012-09-15,2012-09-17,Likely Voters,600,Live Phone,Nonpartisan,None,2012,michigan,Obama,52
2012-michigan-president-romney-vs-obama,15166,Glengariff Group,2012-09-15,2012-09-17,Likely Voters,600,Live Phone,Nonpartisan,None,2012,michigan,Romney,38
2012-michigan-president-romney-vs-obama,15166,Glengariff Group,2012-09-15,2012-09-17,Likely Voters,600,Live Phone,Nonpartisan,None,2012,michigan,Other,NA
2012-michigan-president-romney-vs-obama,15166,Glengariff Group,2012-09-15,2012-09-17,Likely Voters,600,Live Phone,Nonpartisan,None,2012,michigan,Undecided,9
2012-michigan-president-romney-vs-obama,15098,Marketing Resource Group (R),2012-09-10,2012-09-14,Likely Voters,600,Live Phone,Pollster,Rep,2012,michigan,Obama,48
2012-michigan-president-romney-vs-obama,15098,Marketing Resource Group (R),2012-09-10,2012-09-14,Likely Voters,600,Live Phone,Pollster,Rep,2012,michigan,Romney,42
2012-michigan-president-romney-vs-obama,15098,Marketing Resource Group (R),2012-09-10,2012-09-14,Likely Voters,600,Live Phone,Pollster,Rep,2012,michigan,Other,NA
2012-michigan-president-romney-vs-obama,15098,Marketing Resource Group (R),2012-09-10,2012-09-14,Likely Voters,600,Live Phone,Pollster,Rep,2012,michigan,Undecided,8
2012-michigan-president-romney-vs-obama,15178,YouGov,2012-09-07,2012-09-14,Likely Voters,1114,Internet,Nonpartisan,None,2012,michigan,Obama,51
2012-michigan-president-romney-vs-obama,15178,YouGov,2012-09-07,2012-09-14,Likely Voters,1114,Internet,Nonpartisan,None,2012,michigan,Romney,42
2012-michigan-president-romney-vs-obama,15178,YouGov,2012-09-07,2012-09-14,Likely Voters,1114,Internet,Nonpartisan,None,2012,michigan,Other,3
2012-michigan-president-romney-vs-obama,15178,YouGov,2012-09-07,2012-09-14,Likely Voters,1114,Internet,Nonpartisan,None,2012,michigan,Undecided,4
2012-michigan-president-romney-vs-obama,15058,FMWB (D),2012-09-12,2012-09-12,Likely Voters,1156,Automated Phone,Pollster,Dem,2012,michigan,Obama,45
2012-michigan-president-romney-vs-obama,15058,FMWB (D),2012-09-12,2012-09-12,Likely Voters,1156,Automated Phone,Pollster,Dem,2012,michigan,Romney,44
2012-michigan-president-romney-vs-obama,15058,FMWB (D),2012-09-12,2012-09-12,Likely Voters,1156,Automated Phone,Pollster,Dem,2012,michigan,Other,5
2012-michigan-president-romney-vs-obama,15058,FMWB (D),2012-09-12,2012-09-12,Likely Voters,1156,Automated Phone,Pollster,Dem,2012,michigan,Undecided,5
2012-michigan-president-romney-vs-obama,14992,EPIC-MRA,2012-09-08,2012-09-11,Likely Voters,600,Automated Phone,Nonpartisan,None,2012,michigan,Obama,47
2012-michigan-president-romney-vs-obama,14992,EPIC-MRA,2012-09-08,2012-09-11,Likely Voters,600,Automated Phone,Nonpartisan,None,2012,michigan,Romney,37
2012-michigan-president-romney-vs-obama,14992,EPIC-MRA,2012-09-08,2012-09-11,Likely Voters,600,Automated Phone,Nonpartisan,None,2012,michigan,Other,NA
2012-michigan-president-romney-vs-obama,14992,EPIC-MRA,2012-09-08,2012-09-11,Likely Voters,600,Automated Phone,Nonpartisan,None,2012,michigan,Undecided,NA
2012-michigan-president-romney-vs-obama,14871,PPP (D),2012-08-31,2012-09-02,Likely Voters,815,Automated Phone,Pollster,Dem,2012,michigan,Obama,51
2012-michigan-president-romney-vs-obama,14871,PPP (D),2012-08-31,2012-09-02,Likely Voters,815,Automated Phone,Pollster,Dem,2012,michigan,Romney,44
2012-michigan-president-romney-vs-obama,14871,PPP (D),2012-08-31,2012-09-02,Likely Voters,815,Automated Phone,Pollster,Dem,2012,michigan,Other,NA
2012-michigan-president-romney-vs-obama,14871,PPP (D),2012-08-31,2012-09-02,Likely Voters,815,Automated Phone,Pollster,Dem,2012,michigan,Undecided,5
2012-michigan-president-romney-vs-obama,14848,EPIC-MRA,2012-08-28,2012-08-28,Likely Voters,1200,Automated Phone,Nonpartisan,None,2012,michigan,Obama,49
2012-michigan-president-romney-vs-obama,14848,EPIC-MRA,2012-08-28,2012-08-28,Likely Voters,1200,Automated Phone,Nonpartisan,None,2012,michigan,Romney,46
2012-michigan-president-romney-vs-obama,14848,EPIC-MRA,2012-08-28,2012-08-28,Likely Voters,1200,Automated Phone,Nonpartisan,None,2012,michigan,Other,NA
2012-michigan-president-romney-vs-obama,14848,EPIC-MRA,2012-08-28,2012-08-28,Likely Voters,1200,Automated Phone,Nonpartisan,None,2012,michigan,Undecided,5
2012-michigan-president-romney-vs-obama,14783,Mitchell Research,2012-08-23,2012-08-23,Likely Voters,1277,Automated Phone,Pollster,Rep,2012,michigan,Obama,47
2012-michigan-president-romney-vs-obama,14783,Mitchell Research,2012-08-23,2012-08-23,Likely Voters,1277,Automated Phone,Pollster,Rep,2012,michigan,Romney,47
2012-michigan-president-romney-vs-obama,14783,Mitchell Research,2012-08-23,2012-08-23,Likely Voters,1277,Automated Phone,Pollster,Rep,2012,michigan,Other,3
2012-michigan-president-romney-vs-obama,14783,Mitchell Research,2012-08-23,2012-08-23,Likely Voters,1277,Automated Phone,Pollster,Rep,2012,michigan,Undecided,3
2012-michigan-president-romney-vs-obama,14746,Glengariff Group,2012-08-18,2012-08-20,Likely Voters,600,Live Phone,Nonpartisan,None,2012,michigan,Obama,48
2012-michigan-president-romney-vs-obama,14746,Glengariff Group,2012-08-18,2012-08-20,Likely Voters,600,Live Phone,Nonpartisan,None,2012,michigan,Romney,42
2012-michigan-president-romney-vs-obama,14746,Glengariff Group,2012-08-18,2012-08-20,Likely Voters,600,Live Phone,Nonpartisan,None,2012,michigan,Other,NA
2012-michigan-president-romney-vs-obama,14746,Glengariff Group,2012-08-18,2012-08-20,Likely Voters,600,Live Phone,Nonpartisan,None,2012,michigan,Undecided,11
2012-michigan-president-romney-vs-obama,14716,FMWB (D),2012-08-16,2012-08-16,Likely Voters,1733,Automated Phone,Nonpartisan,None,2012,michigan,Obama,44
2012-michigan-president-romney-vs-obama,14716,FMWB (D),2012-08-16,2012-08-16,Likely Voters,1733,Automated Phone,Nonpartisan,None,2012,michigan,Romney,48
2012-michigan-president-romney-vs-obama,14716,FMWB (D),2012-08-16,2012-08-16,Likely Voters,1733,Automated Phone,Nonpartisan,None,2012,michigan,Other,4
2012-michigan-president-romney-vs-obama,14716,FMWB (D),2012-08-16,2012-08-16,Likely Voters,1733,Automated Phone,Nonpartisan,None,2012,michigan,Undecided,4
2012-michigan-president-romney-vs-obama,14682,Mitchell Research,2012-08-13,2012-08-13,Likely Voters,1079,Automated Phone,Pollster,Rep,2012,michigan,Obama,49
2012-michigan-president-romney-vs-obama,14682,Mitchell Research,2012-08-13,2012-08-13,Likely Voters,1079,Automated Phone,Pollster,Rep,2012,michigan,Romney,44
2012-michigan-president-romney-vs-obama,14682,Mitchell Research,2012-08-13,2012-08-13,Likely Voters,1079,Automated Phone,Pollster,Rep,2012,michigan,Other,NA
2012-michigan-president-romney-vs-obama,14682,Mitchell Research,2012-08-13,2012-08-13,Likely Voters,1079,Automated Phone,Pollster,Rep,2012,michigan,Undecided,4
2012-michigan-president-romney-vs-obama,14522,EPIC-MRA,2012-07-24,2012-07-31,Likely Voters,600,Live Phone,Nonpartisan,None,2012,michigan,Obama,48
2012-michigan-president-romney-vs-obama,14522,EPIC-MRA,2012-07-24,2012-07-31,Likely Voters,600,Live Phone,Nonpartisan,None,2012,michigan,Romney,42
2012-michigan-president-romney-vs-obama,14522,EPIC-MRA,2012-07-24,2012-07-31,Likely Voters,600,Live Phone,Nonpartisan,None,2012,michigan,Other,NA
2012-michigan-president-romney-vs-obama,14522,EPIC-MRA,2012-07-24,2012-07-31,Likely Voters,600,Live Phone,Nonpartisan,None,2012,michigan,Undecided,NA
2012-michigan-president-romney-vs-obama,14441,Mitchell Research,2012-07-23,2012-07-23,Likely Voters,825,Automated Phone,Pollster,Rep,2012,michigan,Obama,44
2012-michigan-president-romney-vs-obama,14441,Mitchell Research,2012-07-23,2012-07-23,Likely Voters,825,Automated Phone,Pollster,Rep,2012,michigan,Romney,45
2012-michigan-president-romney-vs-obama,14441,Mitchell Research,2012-07-23,2012-07-23,Likely Voters,825,Automated Phone,Pollster,Rep,2012,michigan,Other,NA
2012-michigan-president-romney-vs-obama,14441,Mitchell Research,2012-07-23,2012-07-23,Likely Voters,825,Automated Phone,Pollster,Rep,2012,michigan,Undecided,NA
2012-michigan-president-romney-vs-obama,14431,Rasmussen,2012-07-23,2012-07-23,Likely Voters,500,Automated Phone,Nonpartisan,None,2012,michigan,Obama,48
2012-michigan-president-romney-vs-obama,14431,Rasmussen,2012-07-23,2012-07-23,Likely Voters,500,Automated Phone,Nonpartisan,None,2012,michigan,Romney,42
2012-michigan-president-romney-vs-obama,14431,Rasmussen,2012-07-23,2012-07-23,Likely Voters,500,Automated Phone,Nonpartisan,None,2012,michigan,Other,5
2012-michigan-president-romney-vs-obama,14431,Rasmussen,2012-07-23,2012-07-23,Likely Voters,500,Automated Phone,Nonpartisan,None,2012,michigan,Undecided,4
2012-michigan-president-romney-vs-obama,14443,PPP (D),2012-07-21,2012-07-23,Likely Voters,579,Automated Phone,Pollster,Dem,2012,michigan,Obama,53
2012-michigan-president-romney-vs-obama,14443,PPP (D),2012-07-21,2012-07-23,Likely Voters,579,Automated Phone,Pollster,Dem,2012,michigan,Romney,39
2012-michigan-president-romney-vs-obama,14443,PPP (D),2012-07-21,2012-07-23,Likely Voters,579,Automated Phone,Pollster,Dem,2012,michigan,Other,NA
2012-michigan-president-romney-vs-obama,14443,PPP (D),2012-07-21,2012-07-23,Likely Voters,579,Automated Phone,Pollster,Dem,2012,michigan,Undecided,8
2012-michigan-president-romney-vs-obama,14204,NBC/Marist,2012-06-24,2012-06-25,Registered Voters,1078,Live Phone,Nonpartisan,None,2012,michigan,Obama,47
2012-michigan-president-romney-vs-obama,14204,NBC/Marist,2012-06-24,2012-06-25,Registered Voters,1078,Live Phone,Nonpartisan,None,2012,michigan,Romney,43
2012-michigan-president-romney-vs-obama,14204,NBC/Marist,2012-06-24,2012-06-25,Registered Voters,1078,Live Phone,Nonpartisan,None,2012,michigan,Other,1
2012-michigan-president-romney-vs-obama,14204,NBC/Marist,2012-06-24,2012-06-25,Registered Voters,1078,Live Phone,Nonpartisan,None,2012,michigan,Undecided,10
2012-michigan-president-romney-vs-obama,14142,Mitchell Research,2012-06-18,2012-06-18,Likely Voters,750,Automated Phone,Pollster,Rep,2012,michigan,Obama,47
2012-michigan-president-romney-vs-obama,14142,Mitchell Research,2012-06-18,2012-06-18,Likely Voters,750,Automated Phone,Pollster,Rep,2012,michigan,Romney,46
2012-michigan-president-romney-vs-obama,14142,Mitchell Research,2012-06-18,2012-06-18,Likely Voters,750,Automated Phone,Pollster,Rep,2012,michigan,Other,NA
2012-michigan-president-romney-vs-obama,14142,Mitchell Research,2012-06-18,2012-06-18,Likely Voters,750,Automated Phone,Pollster,Rep,2012,michigan,Undecided,NA
2012-michigan-president-romney-vs-obama,14131,We Ask America,2012-06-18,2012-06-18,Likely Voters,1010,Automated Phone,Nonpartisan,None,2012,michigan,Obama,43
2012-michigan-president-romney-vs-obama,14131,We Ask America,2012-06-18,2012-06-18,Likely Voters,1010,Automated Phone,Nonpartisan,None,2012,michigan,Romney,45
2012-michigan-president-romney-vs-obama,14131,We Ask America,2012-06-18,2012-06-18,Likely Voters,1010,Automated Phone,Nonpartisan,None,2012,michigan,Other,NA
2012-michigan-president-romney-vs-obama,14131,We Ask America,2012-06-18,2012-06-18,Likely Voters,1010,Automated Phone,Nonpartisan,None,2012,michigan,Undecided,12
2012-michigan-president-romney-vs-obama,14097,Rasmussen,2012-06-14,2012-06-14,Likely Voters,500,Automated Phone,Nonpartisan,None,2012,michigan,Obama,50
2012-michigan-president-romney-vs-obama,14097,Rasmussen,2012-06-14,2012-06-14,Likely Voters,500,Automated Phone,Nonpartisan,None,2012,michigan,Romney,42
2012-michigan-president-romney-vs-obama,14097,Rasmussen,2012-06-14,2012-06-14,Likely Voters,500,Automated Phone,Nonpartisan,None,2012,michigan,Other,4
2012-michigan-president-romney-vs-obama,14097,Rasmussen,2012-06-14,2012-06-14,Likely Voters,500,Automated Phone,Nonpartisan,None,2012,michigan,Undecided,4
2012-michigan-president-romney-vs-obama,14092,FMWB (D),2012-06-12,2012-06-12,Likely Voters,1783,Automated Phone,Pollster,Dem,2012,michigan,Obama,47
2012-michigan-president-romney-vs-obama,14092,FMWB (D),2012-06-12,2012-06-12,Likely Voters,1783,Automated Phone,Pollster,Dem,2012,michigan,Romney,45
2012-michigan-president-romney-vs-obama,14092,FMWB (D),2012-06-12,2012-06-12,Likely Voters,1783,Automated Phone,Pollster,Dem,2012,michigan,Other,4
2012-michigan-president-romney-vs-obama,14092,FMWB (D),2012-06-12,2012-06-12,Likely Voters,1783,Automated Phone,Pollster,Dem,2012,michigan,Undecided,4
2012-michigan-president-romney-vs-obama,14031,EPIC-MRA,2012-06-02,2012-06-05,Likely Voters,600,Live Phone,Nonpartisan,None,2012,michigan,Obama,45
2012-michigan-president-romney-vs-obama,14031,EPIC-MRA,2012-06-02,2012-06-05,Likely Voters,600,Live Phone,Nonpartisan,None,2012,michigan,Romney,46
2012-michigan-president-romney-vs-obama,14031,EPIC-MRA,2012-06-02,2012-06-05,Likely Voters,600,Live Phone,Nonpartisan,None,2012,michigan,Other,NA
2012-michigan-president-romney-vs-obama,14031,EPIC-MRA,2012-06-02,2012-06-05,Likely Voters,600,Live Phone,Nonpartisan,None,2012,michigan,Undecided,9
2012-michigan-president-romney-vs-obama,13929,PPP (D),2012-05-24,2012-05-27,Registered Voters,500,Automated Phone,Pollster,Dem,2012,michigan,Obama,53
2012-michigan-president-romney-vs-obama,13929,PPP (D),2012-05-24,2012-05-27,Registered Voters,500,Automated Phone,Pollster,Dem,2012,michigan,Romney,39
2012-michigan-president-romney-vs-obama,13929,PPP (D),2012-05-24,2012-05-27,Registered Voters,500,Automated Phone,Pollster,Dem,2012,michigan,Other,NA
2012-michigan-president-romney-vs-obama,13929,PPP (D),2012-05-24,2012-05-27,Registered Voters,500,Automated Phone,Pollster,Dem,2012,michigan,Undecided,8
2012-michigan-president-romney-vs-obama,13780,Glengariff Group,2012-05-10,2012-05-11,Likely Voters,600,Live Phone,Nonpartisan,None,2012,michigan,Obama,45
2012-michigan-president-romney-vs-obama,13780,Glengariff Group,2012-05-10,2012-05-11,Likely Voters,600,Live Phone,Nonpartisan,None,2012,michigan,Romney,40
2012-michigan-president-romney-vs-obama,13780,Glengariff Group,2012-05-10,2012-05-11,Likely Voters,600,Live Phone,Nonpartisan,None,2012,michigan,Other,NA
2012-michigan-president-romney-vs-obama,13780,Glengariff Group,2012-05-10,2012-05-11,Likely Voters,600,Live Phone,Nonpartisan,None,2012,michigan,Undecided,15
2012-michigan-president-romney-vs-obama,13486,EPIC-MRA,2012-03-31,2012-04-03,Likely Voters,600,Live Phone,Nonpartisan,None,2012,michigan,Obama,47
2012-michigan-president-romney-vs-obama,13486,EPIC-MRA,2012-03-31,2012-04-03,Likely Voters,600,Live Phone,Nonpartisan,None,2012,michigan,Romney,43
2012-michigan-president-romney-vs-obama,13486,EPIC-MRA,2012-03-31,2012-04-03,Likely Voters,600,Live Phone,Nonpartisan,None,2012,michigan,Other,NA
2012-michigan-president-romney-vs-obama,13486,EPIC-MRA,2012-03-31,2012-04-03,Likely Voters,600,Live Phone,Nonpartisan,None,2012,michigan,Undecided,10
2012-michigan-president-romney-vs-obama,13423,Marketing Resource Group (R),2012-03-14,2012-03-19,Likely Voters,600,Live Phone,Pollster,Rep,2012,michigan,Obama,49
2012-michigan-president-romney-vs-obama,13423,Marketing Resource Group (R),2012-03-14,2012-03-19,Likely Voters,600,Live Phone,Pollster,Rep,2012,michigan,Romney,42
2012-michigan-president-romney-vs-obama,13423,Marketing Resource Group (R),2012-03-14,2012-03-19,Likely Voters,600,Live Phone,Pollster,Rep,2012,michigan,Other,NA
2012-michigan-president-romney-vs-obama,13423,Marketing Resource Group (R),2012-03-14,2012-03-19,Likely Voters,600,Live Phone,Pollster,Rep,2012,michigan,Undecided,9
2012-michigan-president-romney-vs-obama,12991,NBC/Marist,2012-02-19,2012-02-20,Registered Voters,3149,Live Phone,Nonpartisan,None,2012,michigan,Obama,51
2012-michigan-president-romney-vs-obama,12991,NBC/Marist,2012-02-19,2012-02-20,Registered Voters,3149,Live Phone,Nonpartisan,None,2012,michigan,Romney,33
2012-michigan-president-romney-vs-obama,12991,NBC/Marist,2012-02-19,2012-02-20,Registered Voters,3149,Live Phone,Nonpartisan,None,2012,michigan,Other,NA
2012-michigan-president-romney-vs-obama,12991,NBC/Marist,2012-02-19,2012-02-20,Registered Voters,3149,Live Phone,Nonpartisan,None,2012,michigan,Undecided,15
2012-michigan-president-romney-vs-obama,12849,PPP (D),2012-02-10,2012-02-12,Registered Voters,560,Automated Phone,Pollster,Dem,2012,michigan,Obama,54
2012-michigan-president-romney-vs-obama,12849,PPP (D),2012-02-10,2012-02-12,Registered Voters,560,Automated Phone,Pollster,Dem,2012,michigan,Romney,38
2012-michigan-president-romney-vs-obama,12849,PPP (D),2012-02-10,2012-02-12,Registered Voters,560,Automated Phone,Pollster,Dem,2012,michigan,Other,NA
2012-michigan-president-romney-vs-obama,12849,PPP (D),2012-02-10,2012-02-12,Registered Voters,560,Automated Phone,Pollster,Dem,2012,michigan,Undecided,8
2012-michigan-president-romney-vs-obama,12648,EPIC-MRA,2012-01-21,2012-01-25,Likely Voters,600,Live Phone,Nonpartisan,None,2012,michigan,Obama,48
2012-michigan-president-romney-vs-obama,12648,EPIC-MRA,2012-01-21,2012-01-25,Likely Voters,600,Live Phone,Nonpartisan,None,2012,michigan,Romney,40
2012-michigan-president-romney-vs-obama,12648,EPIC-MRA,2012-01-21,2012-01-25,Likely Voters,600,Live Phone,Nonpartisan,None,2012,michigan,Other,NA
2012-michigan-president-romney-vs-obama,12648,EPIC-MRA,2012-01-21,2012-01-25,Likely Voters,600,Live Phone,Nonpartisan,None,2012,michigan,Undecided,12
2012-iowa-president-romney-vs-obama,16599,PPP (D),2012-11-03,2012-11-04,Likely Voters,1122,Automated Phone,Pollster,Dem,2012,iowa,Obama,50
2012-iowa-president-romney-vs-obama,16599,PPP (D),2012-11-03,2012-11-04,Likely Voters,1122,Automated Phone,Pollster,Dem,2012,iowa,Romney,48
2012-iowa-president-romney-vs-obama,16599,PPP (D),2012-11-03,2012-11-04,Likely Voters,1122,Automated Phone,Pollster,Dem,2012,iowa,Other,NA
2012-iowa-president-romney-vs-obama,16599,PPP (D),2012-11-03,2012-11-04,Likely Voters,1122,Automated Phone,Pollster,Dem,2012,iowa,Undecided,2
2012-iowa-president-romney-vs-obama,16637,ARG,2012-11-02,2012-11-04,Likely Voters,600,Live Phone,Nonpartisan,None,2012,iowa,Obama,48
2012-iowa-president-romney-vs-obama,16637,ARG,2012-11-02,2012-11-04,Likely Voters,600,Live Phone,Nonpartisan,None,2012,iowa,Romney,49
2012-iowa-president-romney-vs-obama,16637,ARG,2012-11-02,2012-11-04,Likely Voters,600,Live Phone,Nonpartisan,None,2012,iowa,Other,1
2012-iowa-president-romney-vs-obama,16637,ARG,2012-11-02,2012-11-04,Likely Voters,600,Live Phone,Nonpartisan,None,2012,iowa,Undecided,2
2012-iowa-president-romney-vs-obama,16582,YouGov,2012-10-31,2012-11-03,Likely Voters,1040,Internet,Nonpartisan,None,2012,iowa,Obama,48
2012-iowa-president-romney-vs-obama,16582,YouGov,2012-10-31,2012-11-03,Likely Voters,1040,Internet,Nonpartisan,None,2012,iowa,Romney,47
2012-iowa-president-romney-vs-obama,16582,YouGov,2012-10-31,2012-11-03,Likely Voters,1040,Internet,Nonpartisan,None,2012,iowa,Other,2
2012-iowa-president-romney-vs-obama,16582,YouGov,2012-10-31,2012-11-03,Likely Voters,1040,Internet,Nonpartisan,None,2012,iowa,Undecided,3
2012-iowa-president-romney-vs-obama,16527,Des Moines Register/Selzer,2012-10-30,2012-11-02,Likely Voters,800,Live Phone,Nonpartisan,None,2012,iowa,Obama,47
2012-iowa-president-romney-vs-obama,16527,Des Moines Register/Selzer,2012-10-30,2012-11-02,Likely Voters,800,Live Phone,Nonpartisan,None,2012,iowa,Romney,42
2012-iowa-president-romney-vs-obama,16527,Des Moines Register/Selzer,2012-10-30,2012-11-02,Likely Voters,800,Live Phone,Nonpartisan,None,2012,iowa,Other,NA
2012-iowa-president-romney-vs-obama,16527,Des Moines Register/Selzer,2012-10-30,2012-11-02,Likely Voters,800,Live Phone,Nonpartisan,None,2012,iowa,Undecided,NA
2012-iowa-president-romney-vs-obama,16456,Gravis Marketing,2012-11-01,2012-11-01,Likely Voters,594,Automated Phone,Nonpartisan,None,2012,iowa,Obama,49
2012-iowa-president-romney-vs-obama,16456,Gravis Marketing,2012-11-01,2012-11-01,Likely Voters,594,Automated Phone,Nonpartisan,None,2012,iowa,Romney,45
2012-iowa-president-romney-vs-obama,16456,Gravis Marketing,2012-11-01,2012-11-01,Likely Voters,594,Automated Phone,Nonpartisan,None,2012,iowa,Other,NA
2012-iowa-president-romney-vs-obama,16456,Gravis Marketing,2012-11-01,2012-11-01,Likely Voters,594,Automated Phone,Nonpartisan,None,2012,iowa,Undecided,6
2012-iowa-president-romney-vs-obama,16494,Mellman (D-Americans United for Change),2012-10-30,2012-11-01,Likely Voters,600,Live Phone,Sponsor,Dem,2012,iowa,Obama,46
2012-iowa-president-romney-vs-obama,16494,Mellman (D-Americans United for Change),2012-10-30,2012-11-01,Likely Voters,600,Live Phone,Sponsor,Dem,2012,iowa,Romney,44
2012-iowa-president-romney-vs-obama,16494,Mellman (D-Americans United for Change),2012-10-30,2012-11-01,Likely Voters,600,Live Phone,Sponsor,Dem,2012,iowa,Other,NA
2012-iowa-president-romney-vs-obama,16494,Mellman (D-Americans United for Change),2012-10-30,2012-11-01,Likely Voters,600,Live Phone,Sponsor,Dem,2012,iowa,Undecided,10
2012-iowa-president-romney-vs-obama,16427,Rasmussen,2012-10-30,2012-10-30,Likely Voters,750,Automated Phone,Nonpartisan,None,2012,iowa,Obama,48
2012-iowa-president-romney-vs-obama,16427,Rasmussen,2012-10-30,2012-10-30,Likely Voters,750,Automated Phone,Nonpartisan,None,2012,iowa,Romney,49
2012-iowa-president-romney-vs-obama,16427,Rasmussen,2012-10-30,2012-10-30,Likely Voters,750,Automated Phone,Nonpartisan,None,2012,iowa,Other,2
2012-iowa-president-romney-vs-obama,16427,Rasmussen,2012-10-30,2012-10-30,Likely Voters,750,Automated Phone,Nonpartisan,None,2012,iowa,Undecided,1
2012-iowa-president-romney-vs-obama,16394,We Ask America,2012-10-30,2012-10-30,Likely Voters,1174,Automated Phone,Nonpartisan,None,2012,iowa,Obama,49
2012-iowa-president-romney-vs-obama,16394,We Ask America,2012-10-30,2012-10-30,Likely Voters,1174,Automated Phone,Nonpartisan,None,2012,iowa,Romney,47
2012-iowa-president-romney-vs-obama,16394,We Ask America,2012-10-30,2012-10-30,Likely Voters,1174,Automated Phone,Nonpartisan,None,2012,iowa,Other,4
2012-iowa-president-romney-vs-obama,16394,We Ask America,2012-10-30,2012-10-30,Likely Voters,1174,Automated Phone,Nonpartisan,None,2012,iowa,Undecided,NA
2012-iowa-president-romney-vs-obama,16353,PPP (D-Health Care for America Now),2012-10-29,2012-10-30,Likely Voters,676,Automated Phone,Sponsor,Dem,2012,iowa,Obama,50
2012-iowa-president-romney-vs-obama,16353,PPP (D-Health Care for America Now),2012-10-29,2012-10-30,Likely Voters,676,Automated Phone,Sponsor,Dem,2012,iowa,Romney,45
2012-iowa-president-romney-vs-obama,16353,PPP (D-Health Care for America Now),2012-10-29,2012-10-30,Likely Voters,676,Automated Phone,Sponsor,Dem,2012,iowa,Other,NA
2012-iowa-president-romney-vs-obama,16353,PPP (D-Health Care for America Now),2012-10-29,2012-10-30,Likely Voters,676,Automated Phone,Sponsor,Dem,2012,iowa,Undecided,4
2012-iowa-president-romney-vs-obama,16396,NBC/WSJ/Marist,2012-10-28,2012-10-29,Likely Voters,1142,Live Phone,Nonpartisan,None,2012,iowa,Obama,50
2012-iowa-president-romney-vs-obama,16396,NBC/WSJ/Marist,2012-10-28,2012-10-29,Likely Voters,1142,Live Phone,Nonpartisan,None,2012,iowa,Romney,44
2012-iowa-president-romney-vs-obama,16396,NBC/WSJ/Marist,2012-10-28,2012-10-29,Likely Voters,1142,Live Phone,Nonpartisan,None,2012,iowa,Other,2
2012-iowa-president-romney-vs-obama,16396,NBC/WSJ/Marist,2012-10-28,2012-10-29,Likely Voters,1142,Live Phone,Nonpartisan,None,2012,iowa,Undecided,4
2012-iowa-president-romney-vs-obama,16414,U of Iowa,2012-10-18,2012-10-27,Likely Voters,320,Live Phone,Nonpartisan,None,2012,iowa,Obama,44
2012-iowa-president-romney-vs-obama,16414,U of Iowa,2012-10-18,2012-10-27,Likely Voters,320,Live Phone,Nonpartisan,None,2012,iowa,Romney,45
2012-iowa-president-romney-vs-obama,16414,U of Iowa,2012-10-18,2012-10-27,Likely Voters,320,Live Phone,Nonpartisan,None,2012,iowa,Other,4
2012-iowa-president-romney-vs-obama,16414,U of Iowa,2012-10-18,2012-10-27,Likely Voters,320,Live Phone,Nonpartisan,None,2012,iowa,Undecided,6
2012-iowa-president-romney-vs-obama,16180,Gravis Marketing,2012-10-24,2012-10-24,Likely Voters,517,Automated Phone,Nonpartisan,None,2012,iowa,Obama,50
2012-iowa-president-romney-vs-obama,16180,Gravis Marketing,2012-10-24,2012-10-24,Likely Voters,517,Automated Phone,Nonpartisan,None,2012,iowa,Romney,46
2012-iowa-president-romney-vs-obama,16180,Gravis Marketing,2012-10-24,2012-10-24,Likely Voters,517,Automated Phone,Nonpartisan,None,2012,iowa,Other,NA
2012-iowa-president-romney-vs-obama,16180,Gravis Marketing,2012-10-24,2012-10-24,Likely Voters,517,Automated Phone,Nonpartisan,None,2012,iowa,Undecided,4
2012-iowa-president-romney-vs-obama,16158,PPP (D-Health Care for America Now),2012-10-23,2012-10-24,Likely Voters,690,Automated Phone,Sponsor,Dem,2012,iowa,Obama,49
2012-iowa-president-romney-vs-obama,16158,PPP (D-Health Care for America Now),2012-10-23,2012-10-24,Likely Voters,690,Automated Phone,Sponsor,Dem,2012,iowa,Romney,47
2012-iowa-president-romney-vs-obama,16158,PPP (D-Health Care for America Now),2012-10-23,2012-10-24,Likely Voters,690,Automated Phone,Sponsor,Dem,2012,iowa,Other,NA
2012-iowa-president-romney-vs-obama,16158,PPP (D-Health Care for America Now),2012-10-23,2012-10-24,Likely Voters,690,Automated Phone,Sponsor,Dem,2012,iowa,Undecided,4
2012-iowa-president-romney-vs-obama,16028,Rasmussen,2012-10-21,2012-10-21,Likely Voters,500,Automated Phone,Nonpartisan,None,2012,iowa,Obama,48
2012-iowa-president-romney-vs-obama,16028,Rasmussen,2012-10-21,2012-10-21,Likely Voters,500,Automated Phone,Nonpartisan,None,2012,iowa,Romney,48
2012-iowa-president-romney-vs-obama,16028,Rasmussen,2012-10-21,2012-10-21,Likely Voters,500,Automated Phone,Nonpartisan,None,2012,iowa,Other,1
2012-iowa-president-romney-vs-obama,16028,Rasmussen,2012-10-21,2012-10-21,Likely Voters,500,Automated Phone,Nonpartisan,None,2012,iowa,Undecided,2
2012-iowa-president-romney-vs-obama,16010,PPP (D-Health Care for America Now),2012-10-18,2012-10-19,Likely Voters,660,Automated Phone,Sponsor,Dem,2012,iowa,Obama,49
2012-iowa-president-romney-vs-obama,16010,PPP (D-Health Care for America Now),2012-10-18,2012-10-19,Likely Voters,660,Automated Phone,Sponsor,Dem,2012,iowa,Romney,48
2012-iowa-president-romney-vs-obama,16010,PPP (D-Health Care for America Now),2012-10-18,2012-10-19,Likely Voters,660,Automated Phone,Sponsor,Dem,2012,iowa,Other,NA
2012-iowa-president-romney-vs-obama,16010,PPP (D-Health Care for America Now),2012-10-18,2012-10-19,Likely Voters,660,Automated Phone,Sponsor,Dem,2012,iowa,Undecided,3
2012-iowa-president-romney-vs-obama,15963,PPP (D),2012-10-17,2012-10-19,Likely Voters,869,Automated Phone,Pollster,Dem,2012,iowa,Obama,48
2012-iowa-president-romney-vs-obama,15963,PPP (D),2012-10-17,2012-10-19,Likely Voters,869,Automated Phone,Pollster,Dem,2012,iowa,Romney,49
2012-iowa-president-romney-vs-obama,15963,PPP (D),2012-10-17,2012-10-19,Likely Voters,869,Automated Phone,Pollster,Dem,2012,iowa,Other,NA
2012-iowa-president-romney-vs-obama,15963,PPP (D),2012-10-17,2012-10-19,Likely Voters,869,Automated Phone,Pollster,Dem,2012,iowa,Undecided,4
2012-iowa-president-romney-vs-obama,15939,NBC/WSJ/Marist,2012-10-15,2012-10-17,Likely Voters,1137,Live Phone,Nonpartisan,None,2012,iowa,Obama,51
2012-iowa-president-romney-vs-obama,15939,NBC/WSJ/Marist,2012-10-15,2012-10-17,Likely Voters,1137,Live Phone,Nonpartisan,None,2012,iowa,Romney,43
2012-iowa-president-romney-vs-obama,15939,NBC/WSJ/Marist,2012-10-15,2012-10-17,Likely Voters,1137,Live Phone,Nonpartisan,None,2012,iowa,Other,2
2012-iowa-president-romney-vs-obama,15939,NBC/WSJ/Marist,2012-10-15,2012-10-17,Likely Voters,1137,Live Phone,Nonpartisan,None,2012,iowa,Undecided,4
2012-iowa-president-romney-vs-obama,15822,We Ask America,2012-10-15,2012-10-15,Likely Voters,1499,Automated Phone,Nonpartisan,None,2012,iowa,Obama,49
2012-iowa-president-romney-vs-obama,15822,We Ask America,2012-10-15,2012-10-15,Likely Voters,1499,Automated Phone,Nonpartisan,None,2012,iowa,Romney,46
2012-iowa-president-romney-vs-obama,15822,We Ask America,2012-10-15,2012-10-15,Likely Voters,1499,Automated Phone,Nonpartisan,None,2012,iowa,Other,1
2012-iowa-president-romney-vs-obama,15822,We Ask America,2012-10-15,2012-10-15,Likely Voters,1499,Automated Phone,Nonpartisan,None,2012,iowa,Undecided,4
2012-iowa-president-romney-vs-obama,15783,ARG,2012-10-11,2012-10-14,Likely Voters,600,Live Phone,Nonpartisan,None,2012,iowa,Obama,48
2012-iowa-president-romney-vs-obama,15783,ARG,2012-10-11,2012-10-14,Likely Voters,600,Live Phone,Nonpartisan,None,2012,iowa,Romney,48
2012-iowa-president-romney-vs-obama,15783,ARG,2012-10-11,2012-10-14,Likely Voters,600,Live Phone,Nonpartisan,None,2012,iowa,Other,1
2012-iowa-president-romney-vs-obama,15783,ARG,2012-10-11,2012-10-14,Likely Voters,600,Live Phone,Nonpartisan,None,2012,iowa,Undecided,3
2012-iowa-president-romney-vs-obama,15848,YouGov,2012-10-04,2012-10-11,Likely Voters,545,Internet,Nonpartisan,None,2012,iowa,Obama,50
2012-iowa-president-romney-vs-obama,15848,YouGov,2012-10-04,2012-10-11,Likely Voters,545,Internet,Nonpartisan,None,2012,iowa,Romney,46
2012-iowa-president-romney-vs-obama,15848,YouGov,2012-10-04,2012-10-11,Likely Voters,545,Internet,Nonpartisan,None,2012,iowa,Other,1
2012-iowa-president-romney-vs-obama,15848,YouGov,2012-10-04,2012-10-11,Likely Voters,545,Internet,Nonpartisan,None,2012,iowa,Undecided,3
2012-iowa-president-romney-vs-obama,15582,Rasmussen,2012-10-07,2012-10-07,Likely Voters,500,Automated Phone,Nonpartisan,None,2012,iowa,Obama,49
2012-iowa-president-romney-vs-obama,15582,Rasmussen,2012-10-07,2012-10-07,Likely Voters,500,Automated Phone,Nonpartisan,None,2012,iowa,Romney,47
2012-iowa-president-romney-vs-obama,15582,Rasmussen,2012-10-07,2012-10-07,Likely Voters,500,Automated Phone,Nonpartisan,None,2012,iowa,Other,1
2012-iowa-president-romney-vs-obama,15582,Rasmussen,2012-10-07,2012-10-07,Likely Voters,500,Automated Phone,Nonpartisan,None,2012,iowa,Undecided,2
2012-iowa-president-romney-vs-obama,15422,We Ask America,2012-09-25,2012-09-27,Likely Voters,1273,Automated Phone,Nonpartisan,None,2012,iowa,Obama,48
2012-iowa-president-romney-vs-obama,15422,We Ask America,2012-09-25,2012-09-27,Likely Voters,1273,Automated Phone,Nonpartisan,None,2012,iowa,Romney,44
2012-iowa-president-romney-vs-obama,15422,We Ask America,2012-09-25,2012-09-27,Likely Voters,1273,Automated Phone,Nonpartisan,None,2012,iowa,Other,2
2012-iowa-president-romney-vs-obama,15422,We Ask America,2012-09-25,2012-09-27,Likely Voters,1273,Automated Phone,Nonpartisan,None,2012,iowa,Undecided,7
2012-iowa-president-romney-vs-obama,15338,PPP (D),2012-09-24,2012-09-26,Likely Voters,754,Automated Phone,Pollster,Dem,2012,iowa,Obama,51
2012-iowa-president-romney-vs-obama,15338,PPP (D),2012-09-24,2012-09-26,Likely Voters,754,Automated Phone,Pollster,Dem,2012,iowa,Romney,44
2012-iowa-president-romney-vs-obama,15338,PPP (D),2012-09-24,2012-09-26,Likely Voters,754,Automated Phone,Pollster,Dem,2012,iowa,Other,NA
2012-iowa-president-romney-vs-obama,15338,PPP (D),2012-09-24,2012-09-26,Likely Voters,754,Automated Phone,Pollster,Dem,2012,iowa,Undecided,5
2012-iowa-president-romney-vs-obama,15408,Des Moines Register/Selzer,2012-09-23,2012-09-26,Likely Voters,650,Live Phone,Nonpartisan,None,2012,iowa,Obama,49
2012-iowa-president-romney-vs-obama,15408,Des Moines Register/Selzer,2012-09-23,2012-09-26,Likely Voters,650,Live Phone,Nonpartisan,None,2012,iowa,Romney,45
2012-iowa-president-romney-vs-obama,15408,Des Moines Register/Selzer,2012-09-23,2012-09-26,Likely Voters,650,Live Phone,Nonpartisan,None,2012,iowa,Other,4
2012-iowa-president-romney-vs-obama,15408,Des Moines Register/Selzer,2012-09-23,2012-09-26,Likely Voters,650,Live Phone,Nonpartisan,None,2012,iowa,Undecided,2
2012-iowa-president-romney-vs-obama,15380,Voter/Consumer Research (R-The Iowa Republican),2012-09-23,2012-09-25,Registered Voters,500,Live Phone,Sponsor,Rep,2012,iowa,Obama,46
2012-iowa-president-romney-vs-obama,15380,Voter/Consumer Research (R-The Iowa Republican),2012-09-23,2012-09-25,Registered Voters,500,Live Phone,Sponsor,Rep,2012,iowa,Romney,47
2012-iowa-president-romney-vs-obama,15380,Voter/Consumer Research (R-The Iowa Republican),2012-09-23,2012-09-25,Registered Voters,500,Live Phone,Sponsor,Rep,2012,iowa,Other,NA
2012-iowa-president-romney-vs-obama,15380,Voter/Consumer Research (R-The Iowa Republican),2012-09-23,2012-09-25,Registered Voters,500,Live Phone,Sponsor,Rep,2012,iowa,Undecided,7
2012-iowa-president-romney-vs-obama,15274,ARG,2012-09-20,2012-09-23,Likely Voters,600,Live Phone,Nonpartisan,None,2012,iowa,Obama,51
2012-iowa-president-romney-vs-obama,15274,ARG,2012-09-20,2012-09-23,Likely Voters,600,Live Phone,Nonpartisan,None,2012,iowa,Romney,44
2012-iowa-president-romney-vs-obama,15274,ARG,2012-09-20,2012-09-23,Likely Voters,600,Live Phone,Nonpartisan,None,2012,iowa,Other,1
2012-iowa-president-romney-vs-obama,15274,ARG,2012-09-20,2012-09-23,Likely Voters,600,Live Phone,Nonpartisan,None,2012,iowa,Undecided,4
2012-iowa-president-romney-vs-obama,15176,Rasmussen,2012-09-19,2012-09-19,Likely Voters,500,Automated Phone,Nonpartisan,None,2012,iowa,Obama,44
2012-iowa-president-romney-vs-obama,15176,Rasmussen,2012-09-19,2012-09-19,Likely Voters,500,Automated Phone,Nonpartisan,None,2012,iowa,Romney,47
2012-iowa-president-romney-vs-obama,15176,Rasmussen,2012-09-19,2012-09-19,Likely Voters,500,Automated Phone,Nonpartisan,None,2012,iowa,Other,3
2012-iowa-president-romney-vs-obama,15176,Rasmussen,2012-09-19,2012-09-19,Likely Voters,500,Automated Phone,Nonpartisan,None,2012,iowa,Undecided,5
2012-iowa-president-romney-vs-obama,15190,NBC/WSJ/Marist,2012-09-16,2012-09-18,Likely Voters,898,Live Phone,Nonpartisan,None,2012,iowa,Obama,50
2012-iowa-president-romney-vs-obama,15190,NBC/WSJ/Marist,2012-09-16,2012-09-18,Likely Voters,898,Live Phone,Nonpartisan,None,2012,iowa,Romney,42
2012-iowa-president-romney-vs-obama,15190,NBC/WSJ/Marist,2012-09-16,2012-09-18,Likely Voters,898,Live Phone,Nonpartisan,None,2012,iowa,Other,1
2012-iowa-president-romney-vs-obama,15190,NBC/WSJ/Marist,2012-09-16,2012-09-18,Likely Voters,898,Live Phone,Nonpartisan,None,2012,iowa,Undecided,7
2012-iowa-president-romney-vs-obama,15156,YouGov,2012-09-07,2012-09-14,Likely Voters,700,Internet,Nonpartisan,None,2012,iowa,Obama,48
2012-iowa-president-romney-vs-obama,15156,YouGov,2012-09-07,2012-09-14,Likely Voters,700,Internet,Nonpartisan,None,2012,iowa,Romney,43
2012-iowa-president-romney-vs-obama,15156,YouGov,2012-09-07,2012-09-14,Likely Voters,700,Internet,Nonpartisan,None,2012,iowa,Other,3
2012-iowa-president-romney-vs-obama,15156,YouGov,2012-09-07,2012-09-14,Likely Voters,700,Internet,Nonpartisan,None,2012,iowa,Undecided,5
2012-iowa-president-romney-vs-obama,14816,PPP (D),2012-08-23,2012-08-26,Likely Voters,1244,Automated Phone,Pollster,Dem,2012,iowa,Obama,47
2012-iowa-president-romney-vs-obama,14816,PPP (D),2012-08-23,2012-08-26,Likely Voters,1244,Automated Phone,Pollster,Dem,2012,iowa,Romney,45
2012-iowa-president-romney-vs-obama,14816,PPP (D),2012-08-23,2012-08-26,Likely Voters,1244,Automated Phone,Pollster,Dem,2012,iowa,Other,NA
2012-iowa-president-romney-vs-obama,14816,PPP (D),2012-08-23,2012-08-26,Likely Voters,1244,Automated Phone,Pollster,Dem,2012,iowa,Undecided,8
2012-iowa-president-romney-vs-obama,14616,Rasmussen,2012-08-08,2012-08-08,Likely Voters,500,Automated Phone,Nonpartisan,None,2012,iowa,Obama,44
2012-iowa-president-romney-vs-obama,14616,Rasmussen,2012-08-08,2012-08-08,Likely Voters,500,Automated Phone,Nonpartisan,None,2012,iowa,Romney,46
2012-iowa-president-romney-vs-obama,14616,Rasmussen,2012-08-08,2012-08-08,Likely Voters,500,Automated Phone,Nonpartisan,None,2012,iowa,Other,5
2012-iowa-president-romney-vs-obama,14616,Rasmussen,2012-08-08,2012-08-08,Likely Voters,500,Automated Phone,Nonpartisan,None,2012,iowa,Undecided,6
2012-iowa-president-romney-vs-obama,14368,PPP (D),2012-07-12,2012-07-15,Likely Voters,1131,Automated Phone,Pollster,Dem,2012,iowa,Obama,48
2012-iowa-president-romney-vs-obama,14368,PPP (D),2012-07-12,2012-07-15,Likely Voters,1131,Automated Phone,Pollster,Dem,2012,iowa,Romney,43
2012-iowa-president-romney-vs-obama,14368,PPP (D),2012-07-12,2012-07-15,Likely Voters,1131,Automated Phone,Pollster,Dem,2012,iowa,Other,NA
2012-iowa-president-romney-vs-obama,14368,PPP (D),2012-07-12,2012-07-15,Likely Voters,1131,Automated Phone,Pollster,Dem,2012,iowa,Undecided,9
2012-iowa-president-romney-vs-obama,14130,We Ask America,2012-06-18,2012-06-18,Likely Voters,1086,Automated Phone,Nonpartisan,None,2012,iowa,Obama,45
2012-iowa-president-romney-vs-obama,14130,We Ask America,2012-06-18,2012-06-18,Likely Voters,1086,Automated Phone,Nonpartisan,None,2012,iowa,Romney,44
2012-iowa-president-romney-vs-obama,14130,We Ask America,2012-06-18,2012-06-18,Likely Voters,1086,Automated Phone,Nonpartisan,None,2012,iowa,Other,NA
2012-iowa-president-romney-vs-obama,14130,We Ask America,2012-06-18,2012-06-18,Likely Voters,1086,Automated Phone,Nonpartisan,None,2012,iowa,Undecided,11
2012-iowa-president-romney-vs-obama,14074,Rasmussen,2012-06-11,2012-06-11,Likely Voters,500,Automated Phone,Nonpartisan,None,2012,iowa,Obama,46
2012-iowa-president-romney-vs-obama,14074,Rasmussen,2012-06-11,2012-06-11,Likely Voters,500,Automated Phone,Nonpartisan,None,2012,iowa,Romney,47
2012-iowa-president-romney-vs-obama,14074,Rasmussen,2012-06-11,2012-06-11,Likely Voters,500,Automated Phone,Nonpartisan,None,2012,iowa,Other,3
2012-iowa-president-romney-vs-obama,14074,Rasmussen,2012-06-11,2012-06-11,Likely Voters,500,Automated Phone,Nonpartisan,None,2012,iowa,Undecided,4
2012-iowa-president-romney-vs-obama,13959,NBC/Marist,2012-05-22,2012-05-24,Registered Voters,1106,Live Phone,Nonpartisan,None,2012,iowa,Obama,44
2012-iowa-president-romney-vs-obama,13959,NBC/Marist,2012-05-22,2012-05-24,Registered Voters,1106,Live Phone,Nonpartisan,None,2012,iowa,Romney,44
2012-iowa-president-romney-vs-obama,13959,NBC/Marist,2012-05-22,2012-05-24,Registered Voters,1106,Live Phone,Nonpartisan,None,2012,iowa,Other,2
2012-iowa-president-romney-vs-obama,13959,NBC/Marist,2012-05-22,2012-05-24,Registered Voters,1106,Live Phone,Nonpartisan,None,2012,iowa,Undecided,10
2012-iowa-president-romney-vs-obama,13712,PPP (D),2012-05-03,2012-05-06,Likely Voters,1181,Automated Phone,Pollster,Dem,2012,iowa,Obama,51
2012-iowa-president-romney-vs-obama,13712,PPP (D),2012-05-03,2012-05-06,Likely Voters,1181,Automated Phone,Pollster,Dem,2012,iowa,Romney,41
2012-iowa-president-romney-vs-obama,13712,PPP (D),2012-05-03,2012-05-06,Likely Voters,1181,Automated Phone,Pollster,Dem,2012,iowa,Other,NA
2012-iowa-president-romney-vs-obama,13712,PPP (D),2012-05-03,2012-05-06,Likely Voters,1181,Automated Phone,Pollster,Dem,2012,iowa,Undecided,8
2012-iowa-president-romney-vs-obama,13140,Des Moines Register/Selzer,2012-02-12,2012-02-15,Likely Voters,611,Live Phone,Nonpartisan,None,2012,iowa,Obama,44
2012-iowa-president-romney-vs-obama,13140,Des Moines Register/Selzer,2012-02-12,2012-02-15,Likely Voters,611,Live Phone,Nonpartisan,None,2012,iowa,Romney,46
2012-iowa-president-romney-vs-obama,13140,Des Moines Register/Selzer,2012-02-12,2012-02-15,Likely Voters,611,Live Phone,Nonpartisan,None,2012,iowa,Other,6
2012-iowa-president-romney-vs-obama,13140,Des Moines Register/Selzer,2012-02-12,2012-02-15,Likely Voters,611,Live Phone,Nonpartisan,None,2012,iowa,Undecided,4
2012-florida-president-romney-vs-obama,16659,Gravis Marketing,2012-11-04,2012-11-05,Likely Voters,1060,Automated Phone,Nonpartisan,None,2012,florida,Obama,49
2012-florida-president-romney-vs-obama,16659,Gravis Marketing,2012-11-04,2012-11-05,Likely Voters,1060,Automated Phone,Nonpartisan,None,2012,florida,Romney,49
2012-florida-president-romney-vs-obama,16659,Gravis Marketing,2012-11-04,2012-11-05,Likely Voters,1060,Automated Phone,Nonpartisan,None,2012,florida,Other,NA
2012-florida-president-romney-vs-obama,16659,Gravis Marketing,2012-11-04,2012-11-05,Likely Voters,1060,Automated Phone,Nonpartisan,None,2012,florida,Undecided,NA
2012-florida-president-romney-vs-obama,16671,JZ Analytics/Newsmax,2012-11-03,2012-11-05,Likely Voters,876,Internet,Sponsor,Rep,2012,florida,Obama,48
2012-florida-president-romney-vs-obama,16671,JZ Analytics/Newsmax,2012-11-03,2012-11-05,Likely Voters,876,Internet,Sponsor,Rep,2012,florida,Romney,48
2012-florida-president-romney-vs-obama,16671,JZ Analytics/Newsmax,2012-11-03,2012-11-05,Likely Voters,876,Internet,Sponsor,Rep,2012,florida,Other,NA
2012-florida-president-romney-vs-obama,16671,JZ Analytics/Newsmax,2012-11-03,2012-11-05,Likely Voters,876,Internet,Sponsor,Rep,2012,florida,Undecided,5
2012-florida-president-romney-vs-obama,16666,Ipsos/Reuters (Web),2012-11-03,2012-11-05,Likely Voters,769,Internet,Nonpartisan,None,2012,florida,Obama,47
2012-florida-president-romney-vs-obama,16666,Ipsos/Reuters (Web),2012-11-03,2012-11-05,Likely Voters,769,Internet,Nonpartisan,None,2012,florida,Romney,48
2012-florida-president-romney-vs-obama,16666,Ipsos/Reuters (Web),2012-11-03,2012-11-05,Likely Voters,769,Internet,Nonpartisan,None,2012,florida,Other,1
2012-florida-president-romney-vs-obama,16666,Ipsos/Reuters (Web),2012-11-03,2012-11-05,Likely Voters,769,Internet,Nonpartisan,None,2012,florida,Undecided,4
2012-florida-president-romney-vs-obama,16631,InsiderAdvantage/Florida Times-Union,2012-11-04,2012-11-04,Likely Voters,437,Automated Phone,Nonpartisan,None,2012,florida,Obama,47
2012-florida-president-romney-vs-obama,16631,InsiderAdvantage/Florida Times-Union,2012-11-04,2012-11-04,Likely Voters,437,Automated Phone,Nonpartisan,None,2012,florida,Romney,52
2012-florida-president-romney-vs-obama,16631,InsiderAdvantage/Florida Times-Union,2012-11-04,2012-11-04,Likely Voters,437,Automated Phone,Nonpartisan,None,2012,florida,Other,NA
2012-florida-president-romney-vs-obama,16631,InsiderAdvantage/Florida Times-Union,2012-11-04,2012-11-04,Likely Voters,437,Automated Phone,Nonpartisan,None,2012,florida,Undecided,1
2012-florida-president-romney-vs-obama,16612,PPP (D),2012-11-03,2012-11-04,Likely Voters,955,Automated Phone,Pollster,Dem,2012,florida,Obama,50
2012-florida-president-romney-vs-obama,16612,PPP (D),2012-11-03,2012-11-04,Likely Voters,955,Automated Phone,Pollster,Dem,2012,florida,Romney,49
2012-florida-president-romney-vs-obama,16612,PPP (D),2012-11-03,2012-11-04,Likely Voters,955,Automated Phone,Pollster,Dem,2012,florida,Other,NA
2012-florida-president-romney-vs-obama,16612,PPP (D),2012-11-03,2012-11-04,Likely Voters,955,Automated Phone,Pollster,Dem,2012,florida,Undecided,1
2012-florida-president-romney-vs-obama,16661,Angus-Reid,2012-11-01,2012-11-03,Likely Voters,502,Internet,Nonpartisan,None,2012,florida,Obama,49
2012-florida-president-romney-vs-obama,16661,Angus-Reid,2012-11-01,2012-11-03,Likely Voters,502,Internet,Nonpartisan,None,2012,florida,Romney,49
2012-florida-president-romney-vs-obama,16661,Angus-Reid,2012-11-01,2012-11-03,Likely Voters,502,Internet,Nonpartisan,None,2012,florida,Other,2
2012-florida-president-romney-vs-obama,16661,Angus-Reid,2012-11-01,2012-11-03,Likely Voters,502,Internet,Nonpartisan,None,2012,florida,Undecided,NA
2012-florida-president-romney-vs-obama,16575,YouGov,2012-10-31,2012-11-03,Likely Voters,1621,Internet,Nonpartisan,None,2012,florida,Obama,47
2012-florida-president-romney-vs-obama,16575,YouGov,2012-10-31,2012-11-03,Likely Voters,1621,Internet,Nonpartisan,None,2012,florida,Romney,48
2012-florida-president-romney-vs-obama,16575,YouGov,2012-10-31,2012-11-03,Likely Voters,1621,Internet,Nonpartisan,None,2012,florida,Other,3
2012-florida-president-romney-vs-obama,16575,YouGov,2012-10-31,2012-11-03,Likely Voters,1621,Internet,Nonpartisan,None,2012,florida,Undecided,2
2012-florida-president-romney-vs-obama,16479,Ipsos/Reuters (Web),2012-10-31,2012-11-02,Likely Voters,985,Internet,Nonpartisan,None,2012,florida,Obama,48
2012-florida-president-romney-vs-obama,16479,Ipsos/Reuters (Web),2012-10-31,2012-11-02,Likely Voters,985,Internet,Nonpartisan,None,2012,florida,Romney,46
2012-florida-president-romney-vs-obama,16479,Ipsos/Reuters (Web),2012-10-31,2012-11-02,Likely Voters,985,Internet,Nonpartisan,None,2012,florida,Other,2
2012-florida-president-romney-vs-obama,16479,Ipsos/Reuters (Web),2012-10-31,2012-11-02,Likely Voters,985,Internet,Nonpartisan,None,2012,florida,Undecided,4
2012-florida-president-romney-vs-obama,16644,Mellman (D-Americans United for Change),2012-10-30,2012-11-02,Likely Voters,800,Live Phone,Sponsor,Dem,2012,florida,Obama,47
2012-florida-president-romney-vs-obama,16644,Mellman (D-Americans United for Change),2012-10-30,2012-11-02,Likely Voters,800,Live Phone,Sponsor,Dem,2012,florida,Romney,45
2012-florida-president-romney-vs-obama,16644,Mellman (D-Americans United for Change),2012-10-30,2012-11-02,Likely Voters,800,Live Phone,Sponsor,Dem,2012,florida,Other,NA
2012-florida-president-romney-vs-obama,16644,Mellman (D-Americans United for Change),2012-10-30,2012-11-02,Likely Voters,800,Live Phone,Sponsor,Dem,2012,florida,Undecided,3
2012-florida-president-romney-vs-obama,16488,NBC/WSJ/Marist,2012-10-31,2012-11-01,Likely Voters,1545,Live Phone,Nonpartisan,None,2012,florida,Obama,49
2012-florida-president-romney-vs-obama,16488,NBC/WSJ/Marist,2012-10-31,2012-11-01,Likely Voters,1545,Live Phone,Nonpartisan,None,2012,florida,Romney,47
2012-florida-president-romney-vs-obama,16488,NBC/WSJ/Marist,2012-10-31,2012-11-01,Likely Voters,1545,Live Phone,Nonpartisan,None,2012,florida,Other,1
2012-florida-president-romney-vs-obama,16488,NBC/WSJ/Marist,2012-10-31,2012-11-01,Likely Voters,1545,Live Phone,Nonpartisan,None,2012,florida,Undecided,2
2012-florida-president-romney-vs-obama,16487,Mason-Dixon,2012-10-30,2012-11-01,Likely Voters,800,Live Phone,Nonpartisan,None,2012,florida,Obama,45
2012-florida-president-romney-vs-obama,16487,Mason-Dixon,2012-10-30,2012-11-01,Likely Voters,800,Live Phone,Nonpartisan,None,2012,florida,Romney,51
2012-florida-president-romney-vs-obama,16487,Mason-Dixon,2012-10-30,2012-11-01,Likely Voters,800,Live Phone,Nonpartisan,None,2012,florida,Other,NA
2012-florida-president-romney-vs-obama,16487,Mason-Dixon,2012-10-30,2012-11-01,Likely Voters,800,Live Phone,Nonpartisan,None,2012,florida,Undecided,NA
2012-florida-president-romney-vs-obama,16393,We Ask America,2012-10-30,2012-10-30,Likely Voters,1146,Automated Phone,Nonpartisan,None,2012,florida,Obama,49
2012-florida-president-romney-vs-obama,16393,We Ask America,2012-10-30,2012-10-30,Likely Voters,1146,Automated Phone,Nonpartisan,None,2012,florida,Romney,50
2012-florida-president-romney-vs-obama,16393,We Ask America,2012-10-30,2012-10-30,Likely Voters,1146,Automated Phone,Nonpartisan,None,2012,florida,Other,1
2012-florida-president-romney-vs-obama,16393,We Ask America,2012-10-30,2012-10-30,Likely Voters,1146,Automated Phone,Nonpartisan,None,2012,florida,Undecided,NA
2012-florida-president-romney-vs-obama,16378,Gravis Marketing,2012-10-30,2012-10-30,Likely Voters,549,Automated Phone,Nonpartisan,None,2012,florida,Obama,47
2012-florida-president-romney-vs-obama,16378,Gravis Marketing,2012-10-30,2012-10-30,Likely Voters,549,Automated Phone,Nonpartisan,None,2012,florida,Romney,50
2012-florida-president-romney-vs-obama,16378,Gravis Marketing,2012-10-30,2012-10-30,Likely Voters,549,Automated Phone,Nonpartisan,None,2012,florida,Other,NA
2012-florida-president-romney-vs-obama,16378,Gravis Marketing,2012-10-30,2012-10-30,Likely Voters,549,Automated Phone,Nonpartisan,None,2012,florida,Undecided,4
2012-florida-president-romney-vs-obama,16401,JZ Analytics/Newsmax,2012-10-28,2012-10-30,Likely Voters,825,Internet,Sponsor,Rep,2012,florida,Obama,48
2012-florida-president-romney-vs-obama,16401,JZ Analytics/Newsmax,2012-10-28,2012-10-30,Likely Voters,825,Internet,Sponsor,Rep,2012,florida,Romney,47
2012-florida-president-romney-vs-obama,16401,JZ Analytics/Newsmax,2012-10-28,2012-10-30,Likely Voters,825,Internet,Sponsor,Rep,2012,florida,Other,NA
2012-florida-president-romney-vs-obama,16401,JZ Analytics/Newsmax,2012-10-28,2012-10-30,Likely Voters,825,Internet,Sponsor,Rep,2012,florida,Undecided,5
2012-florida-president-romney-vs-obama,16601,Pulse Opinion Research/Let Freedom Ring (R),2012-10-29,2012-10-29,Likely Voters,1000,Automated Phone,Sponsor,Rep,2012,florida,Obama,48
2012-florida-president-romney-vs-obama,16601,Pulse Opinion Research/Let Freedom Ring (R),2012-10-29,2012-10-29,Likely Voters,1000,Automated Phone,Sponsor,Rep,2012,florida,Romney,50
2012-florida-president-romney-vs-obama,16601,Pulse Opinion Research/Let Freedom Ring (R),2012-10-29,2012-10-29,Likely Voters,1000,Automated Phone,Sponsor,Rep,2012,florida,Other,1
2012-florida-president-romney-vs-obama,16601,Pulse Opinion Research/Let Freedom Ring (R),2012-10-29,2012-10-29,Likely Voters,1000,Automated Phone,Sponsor,Rep,2012,florida,Undecided,1
2012-florida-president-romney-vs-obama,16433,Grove Insight (D-Project New America/USAction),2012-10-28,2012-10-29,Likely Voters,600,Live Phone,Sponsor,Dem,2012,florida,Obama,48
2012-florida-president-romney-vs-obama,16433,Grove Insight (D-Project New America/USAction),2012-10-28,2012-10-29,Likely Voters,600,Live Phone,Sponsor,Dem,2012,florida,Romney,47
2012-florida-president-romney-vs-obama,16433,Grove Insight (D-Project New America/USAction),2012-10-28,2012-10-29,Likely Voters,600,Live Phone,Sponsor,Dem,2012,florida,Other,1
2012-florida-president-romney-vs-obama,16433,Grove Insight (D-Project New America/USAction),2012-10-28,2012-10-29,Likely Voters,600,Live Phone,Sponsor,Dem,2012,florida,Undecided,5
2012-florida-president-romney-vs-obama,16256,PPP (D),2012-10-26,2012-10-28,Likely Voters,687,Automated Phone,Pollster,Dem,2012,florida,Obama,49
2012-florida-president-romney-vs-obama,16256,PPP (D),2012-10-26,2012-10-28,Likely Voters,687,Automated Phone,Pollster,Dem,2012,florida,Romney,48
2012-florida-president-romney-vs-obama,16256,PPP (D),2012-10-26,2012-10-28,Likely Voters,687,Automated Phone,Pollster,Dem,2012,florida,Other,NA
2012-florida-president-romney-vs-obama,16256,PPP (D),2012-10-26,2012-10-28,Likely Voters,687,Automated Phone,Pollster,Dem,2012,florida,Undecided,3
2012-florida-president-romney-vs-obama,16281,CNN,2012-10-25,2012-10-28,Likely Voters,770,Live Phone,Nonpartisan,None,2012,florida,Obama,49
2012-florida-president-romney-vs-obama,16281,CNN,2012-10-25,2012-10-28,Likely Voters,770,Live Phone,Nonpartisan,None,2012,florida,Romney,50
2012-florida-president-romney-vs-obama,16281,CNN,2012-10-25,2012-10-28,Likely Voters,770,Live Phone,Nonpartisan,None,2012,florida,Other,NA
2012-florida-president-romney-vs-obama,16281,CNN,2012-10-25,2012-10-28,Likely Voters,770,Live Phone,Nonpartisan,None,2012,florida,Undecided,1
2012-florida-president-romney-vs-obama,16350,Quinnipiac/NYT/CBS,2012-10-23,2012-10-28,Likely Voters,1073,Live Phone,Nonpartisan,None,2012,florida,Obama,48
2012-florida-president-romney-vs-obama,16350,Quinnipiac/NYT/CBS,2012-10-23,2012-10-28,Likely Voters,1073,Live Phone,Nonpartisan,None,2012,florida,Romney,47
2012-florida-president-romney-vs-obama,16350,Quinnipiac/NYT/CBS,2012-10-23,2012-10-28,Likely Voters,1073,Live Phone,Nonpartisan,None,2012,florida,Other,1
2012-florida-president-romney-vs-obama,16350,Quinnipiac/NYT/CBS,2012-10-23,2012-10-28,Likely Voters,1073,Live Phone,Nonpartisan,None,2012,florida,Undecided,3
2012-florida-president-romney-vs-obama,16309,SurveyUSA,2012-10-25,2012-10-27,Likely Voters,595,IVR/Online,Nonpartisan,None,2012,florida,Obama,47
2012-florida-president-romney-vs-obama,16309,SurveyUSA,2012-10-25,2012-10-27,Likely Voters,595,IVR/Online,Nonpartisan,None,2012,florida,Romney,47
2012-florida-president-romney-vs-obama,16309,SurveyUSA,2012-10-25,2012-10-27,Likely Voters,595,IVR/Online,Nonpartisan,None,2012,florida,Other,1
2012-florida-president-romney-vs-obama,16309,SurveyUSA,2012-10-25,2012-10-27,Likely Voters,595,IVR/Online,Nonpartisan,None,2012,florida,Undecided,5
2012-florida-president-romney-vs-obama,16418,Mellman (D-Americans United for Change),2012-10-24,2012-10-27,Likely Voters,800,Live Phone,Sponsor,Dem,2012,florida,Obama,49
2012-florida-president-romney-vs-obama,16418,Mellman (D-Americans United for Change),2012-10-24,2012-10-27,Likely Voters,800,Live Phone,Sponsor,Dem,2012,florida,Romney,47
2012-florida-president-romney-vs-obama,16418,Mellman (D-Americans United for Change),2012-10-24,2012-10-27,Likely Voters,800,Live Phone,Sponsor,Dem,2012,florida,Other,NA
2012-florida-president-romney-vs-obama,16418,Mellman (D-Americans United for Change),2012-10-24,2012-10-27,Likely Voters,800,Live Phone,Sponsor,Dem,2012,florida,Undecided,4
2012-florida-president-romney-vs-obama,16197,Rasmussen,2012-10-25,2012-10-25,Likely Voters,750,Automated Phone,Nonpartisan,None,2012,florida,Obama,48
2012-florida-president-romney-vs-obama,16197,Rasmussen,2012-10-25,2012-10-25,Likely Voters,750,Automated Phone,Nonpartisan,None,2012,florida,Romney,50
2012-florida-president-romney-vs-obama,16197,Rasmussen,2012-10-25,2012-10-25,Likely Voters,750,Automated Phone,Nonpartisan,None,2012,florida,Other,NA
2012-florida-president-romney-vs-obama,16197,Rasmussen,2012-10-25,2012-10-25,Likely Voters,750,Automated Phone,Nonpartisan,None,2012,florida,Undecided,1
2012-florida-president-romney-vs-obama,16138,Gravis Marketing,2012-10-24,2012-10-24,Likely Voters,1182,Automated Phone,Nonpartisan,None,2012,florida,Obama,49
2012-florida-president-romney-vs-obama,16138,Gravis Marketing,2012-10-24,2012-10-24,Likely Voters,1182,Automated Phone,Nonpartisan,None,2012,florida,Romney,50
2012-florida-president-romney-vs-obama,16138,Gravis Marketing,2012-10-24,2012-10-24,Likely Voters,1182,Automated Phone,Nonpartisan,None,2012,florida,Other,NA
2012-florida-president-romney-vs-obama,16138,Gravis Marketing,2012-10-24,2012-10-24,Likely Voters,1182,Automated Phone,Nonpartisan,None,2012,florida,Undecided,2
2012-florida-president-romney-vs-obama,16157,Grove Insight (D-Project New America/USAction),2012-10-23,2012-10-24,Likely Voters,600,Live Phone,Sponsor,Dem,2012,florida,Obama,47
2012-florida-president-romney-vs-obama,16157,Grove Insight (D-Project New America/USAction),2012-10-23,2012-10-24,Likely Voters,600,Live Phone,Sponsor,Dem,2012,florida,Romney,45
2012-florida-president-romney-vs-obama,16157,Grove Insight (D-Project New America/USAction),2012-10-23,2012-10-24,Likely Voters,600,Live Phone,Sponsor,Dem,2012,florida,Other,2
2012-florida-president-romney-vs-obama,16157,Grove Insight (D-Project New America/USAction),2012-10-23,2012-10-24,Likely Voters,600,Live Phone,Sponsor,Dem,2012,florida,Undecided,7
2012-florida-president-romney-vs-obama,16181,Sunshine State News/VSS,2012-10-22,2012-10-24,Likely Voters,1001,Automated Phone,Nonpartisan,None,2012,florida,Obama,46
2012-florida-president-romney-vs-obama,16181,Sunshine State News/VSS,2012-10-22,2012-10-24,Likely Voters,1001,Automated Phone,Nonpartisan,None,2012,florida,Romney,51
2012-florida-president-romney-vs-obama,16181,Sunshine State News/VSS,2012-10-22,2012-10-24,Likely Voters,1001,Automated Phone,Nonpartisan,None,2012,florida,Other,1
2012-florida-president-romney-vs-obama,16181,Sunshine State News/VSS,2012-10-22,2012-10-24,Likely Voters,1001,Automated Phone,Nonpartisan,None,2012,florida,Undecided,2
2012-florida-president-romney-vs-obama,16249,Pharos Research Group,2012-10-19,2012-10-21,Likely Voters,759,Live Phone,Nonpartisan,None,2012,florida,Obama,47
2012-florida-president-romney-vs-obama,16249,Pharos Research Group,2012-10-19,2012-10-21,Likely Voters,759,Live Phone,Nonpartisan,None,2012,florida,Romney,47
2012-florida-president-romney-vs-obama,16249,Pharos Research Group,2012-10-19,2012-10-21,Likely Voters,759,Live Phone,Nonpartisan,None,2012,florida,Other,NA
2012-florida-president-romney-vs-obama,16249,Pharos Research Group,2012-10-19,2012-10-21,Likely Voters,759,Live Phone,Nonpartisan,None,2012,florida,Undecided,NA
2012-florida-president-romney-vs-obama,16075,Mellman (D-Americans United for Change),2012-10-18,2012-10-21,Likely Voters,800,Live Phone,Sponsor,Dem,2012,florida,Obama,47
2012-florida-president-romney-vs-obama,16075,Mellman (D-Americans United for Change),2012-10-18,2012-10-21,Likely Voters,800,Live Phone,Sponsor,Dem,2012,florida,Romney,47
2012-florida-president-romney-vs-obama,16075,Mellman (D-Americans United for Change),2012-10-18,2012-10-21,Likely Voters,800,Live Phone,Sponsor,Dem,2012,florida,Other,NA
2012-florida-president-romney-vs-obama,16075,Mellman (D-Americans United for Change),2012-10-18,2012-10-21,Likely Voters,800,Live Phone,Sponsor,Dem,2012,florida,Undecided,6
2012-florida-president-romney-vs-obama,16041,Angus-Reid,2012-10-18,2012-10-20,Likely Voters,482,Internet,Nonpartisan,None,2012,florida,Obama,46
2012-florida-president-romney-vs-obama,16041,Angus-Reid,2012-10-18,2012-10-20,Likely Voters,482,Internet,Nonpartisan,None,2012,florida,Romney,51
2012-florida-president-romney-vs-obama,16041,Angus-Reid,2012-10-18,2012-10-20,Likely Voters,482,Internet,Nonpartisan,None,2012,florida,Other,2
2012-florida-president-romney-vs-obama,16041,Angus-Reid,2012-10-18,2012-10-20,Likely Voters,482,Internet,Nonpartisan,None,2012,florida,Undecided,NA
2012-florida-president-romney-vs-obama,15971,Rasmussen,2012-10-18,2012-10-18,Likely Voters,750,Automated Phone,Nonpartisan,None,2012,florida,Obama,46
2012-florida-president-romney-vs-obama,15971,Rasmussen,2012-10-18,2012-10-18,Likely Voters,750,Automated Phone,Nonpartisan,None,2012,florida,Romney,51
2012-florida-president-romney-vs-obama,15971,Rasmussen,2012-10-18,2012-10-18,Likely Voters,750,Automated Phone,Nonpartisan,None,2012,florida,Other,1
2012-florida-president-romney-vs-obama,15971,Rasmussen,2012-10-18,2012-10-18,Likely Voters,750,Automated Phone,Nonpartisan,None,2012,florida,Undecided,2
2012-florida-president-romney-vs-obama,15997,PPP (D)/WPTV/FL Democracy/TCPalm,2012-10-17,2012-10-18,Likely Voters,800,Automated Phone,Pollster,Dem,2012,florida,Obama,47
2012-florida-president-romney-vs-obama,15997,PPP (D)/WPTV/FL Democracy/TCPalm,2012-10-17,2012-10-18,Likely Voters,800,Automated Phone,Pollster,Dem,2012,florida,Romney,48
2012-florida-president-romney-vs-obama,15997,PPP (D)/WPTV/FL Democracy/TCPalm,2012-10-17,2012-10-18,Likely Voters,800,Automated Phone,Pollster,Dem,2012,florida,Other,NA
2012-florida-president-romney-vs-obama,15997,PPP (D)/WPTV/FL Democracy/TCPalm,2012-10-17,2012-10-18,Likely Voters,800,Automated Phone,Pollster,Dem,2012,florida,Undecided,4
2012-florida-president-romney-vs-obama,15995,Grove Insight (D-Project New America),2012-10-17,2012-10-18,Likely Voters,600,Live Phone,Pollster,Dem,2012,florida,Obama,48
2012-florida-president-romney-vs-obama,15995,Grove Insight (D-Project New America),2012-10-17,2012-10-18,Likely Voters,600,Live Phone,Pollster,Dem,2012,florida,Romney,45
2012-florida-president-romney-vs-obama,15995,Grove Insight (D-Project New America),2012-10-17,2012-10-18,Likely Voters,600,Live Phone,Pollster,Dem,2012,florida,Other,1
2012-florida-president-romney-vs-obama,15995,Grove Insight (D-Project New America),2012-10-17,2012-10-18,Likely Voters,600,Live Phone,Pollster,Dem,2012,florida,Undecided,6
2012-florida-president-romney-vs-obama,15973,SurveyUSA,2012-10-17,2012-10-18,Likely Voters,600,IVR/Online,Nonpartisan,None,2012,florida,Obama,47
2012-florida-president-romney-vs-obama,15973,SurveyUSA,2012-10-17,2012-10-18,Likely Voters,600,IVR/Online,Nonpartisan,None,2012,florida,Romney,46
2012-florida-president-romney-vs-obama,15973,SurveyUSA,2012-10-17,2012-10-18,Likely Voters,600,IVR/Online,Nonpartisan,None,2012,florida,Other,2
2012-florida-president-romney-vs-obama,15973,SurveyUSA,2012-10-17,2012-10-18,Likely Voters,600,IVR/Online,Nonpartisan,None,2012,florida,Undecided,5
2012-florida-president-romney-vs-obama,15969,FOX,2012-10-17,2012-10-18,Likely Voters,1215,Live Phone,Nonpartisan,None,2012,florida,Obama,45
2012-florida-president-romney-vs-obama,15969,FOX,2012-10-17,2012-10-18,Likely Voters,1215,Live Phone,Nonpartisan,None,2012,florida,Romney,48
2012-florida-president-romney-vs-obama,15969,FOX,2012-10-17,2012-10-18,Likely Voters,1215,Live Phone,Nonpartisan,None,2012,florida,Other,1
2012-florida-president-romney-vs-obama,15969,FOX,2012-10-17,2012-10-18,Likely Voters,1215,Live Phone,Nonpartisan,None,2012,florida,Undecided,6
2012-florida-president-romney-vs-obama,15966,CNN,2012-10-17,2012-10-18,Likely Voters,681,Live Phone,Nonpartisan,None,2012,florida,Obama,48
2012-florida-president-romney-vs-obama,15966,CNN,2012-10-17,2012-10-18,Likely Voters,681,Live Phone,Nonpartisan,None,2012,florida,Romney,49
2012-florida-president-romney-vs-obama,15966,CNN,2012-10-17,2012-10-18,Likely Voters,681,Live Phone,Nonpartisan,None,2012,florida,Other,1
2012-florida-president-romney-vs-obama,15966,CNN,2012-10-17,2012-10-18,Likely Voters,681,Live Phone,Nonpartisan,None,2012,florida,Undecided,2
2012-florida-president-romney-vs-obama,15974,JZ Analytics/Newsmax,2012-10-16,2012-10-18,Likely Voters,842,Internet,Sponsor,Rep,2012,florida,Obama,48
2012-florida-president-romney-vs-obama,15974,JZ Analytics/Newsmax,2012-10-16,2012-10-18,Likely Voters,842,Internet,Sponsor,Rep,2012,florida,Romney,42
2012-florida-president-romney-vs-obama,15974,JZ Analytics/Newsmax,2012-10-16,2012-10-18,Likely Voters,842,Internet,Sponsor,Rep,2012,florida,Other,NA
2012-florida-president-romney-vs-obama,15974,JZ Analytics/Newsmax,2012-10-16,2012-10-18,Likely Voters,842,Internet,Sponsor,Rep,2012,florida,Undecided,10
2012-florida-president-romney-vs-obama,15804,Gravis Marketing,2012-10-13,2012-10-14,Likely Voters,617,Automated Phone,Nonpartisan,None,2012,florida,Obama,48
2012-florida-president-romney-vs-obama,15804,Gravis Marketing,2012-10-13,2012-10-14,Likely Voters,617,Automated Phone,Nonpartisan,None,2012,florida,Romney,49
2012-florida-president-romney-vs-obama,15804,Gravis Marketing,2012-10-13,2012-10-14,Likely Voters,617,Automated Phone,Nonpartisan,None,2012,florida,Other,3
2012-florida-president-romney-vs-obama,15804,Gravis Marketing,2012-10-13,2012-10-14,Likely Voters,617,Automated Phone,Nonpartisan,None,2012,florida,Undecided,NA
2012-florida-president-romney-vs-obama,15774,PPP (D),2012-10-12,2012-10-14,Likely Voters,791,Automated Phone,Pollster,Dem,2012,florida,Obama,48
2012-florida-president-romney-vs-obama,15774,PPP (D),2012-10-12,2012-10-14,Likely Voters,791,Automated Phone,Pollster,Dem,2012,florida,Romney,49
2012-florida-president-romney-vs-obama,15774,PPP (D),2012-10-12,2012-10-14,Likely Voters,791,Automated Phone,Pollster,Dem,2012,florida,Other,NA
2012-florida-president-romney-vs-obama,15774,PPP (D),2012-10-12,2012-10-14,Likely Voters,791,Automated Phone,Pollster,Dem,2012,florida,Undecided,3
2012-florida-president-romney-vs-obama,15731,Rasmussen,2012-10-11,2012-10-11,Likely Voters,750,Automated Phone,Nonpartisan,None,2012,florida,Obama,47
2012-florida-president-romney-vs-obama,15731,Rasmussen,2012-10-11,2012-10-11,Likely Voters,750,Automated Phone,Nonpartisan,None,2012,florida,Romney,51
2012-florida-president-romney-vs-obama,15731,Rasmussen,2012-10-11,2012-10-11,Likely Voters,750,Automated Phone,Nonpartisan,None,2012,florida,Other,NA
2012-florida-president-romney-vs-obama,15731,Rasmussen,2012-10-11,2012-10-11,Likely Voters,750,Automated Phone,Nonpartisan,None,2012,florida,Undecided,2
2012-florida-president-romney-vs-obama,15732,ARG,2012-10-08,2012-10-11,Likely Voters,600,Live Phone,Nonpartisan,None,2012,florida,Obama,46
2012-florida-president-romney-vs-obama,15732,ARG,2012-10-08,2012-10-11,Likely Voters,600,Live Phone,Nonpartisan,None,2012,florida,Romney,49
2012-florida-president-romney-vs-obama,15732,ARG,2012-10-08,2012-10-11,Likely Voters,600,Live Phone,Nonpartisan,None,2012,florida,Other,1
2012-florida-president-romney-vs-obama,15732,ARG,2012-10-08,2012-10-11,Likely Voters,600,Live Phone,Nonpartisan,None,2012,florida,Undecided,4
2012-florida-president-romney-vs-obama,15844,YouGov,2012-10-04,2012-10-11,Likely Voters,1244,Internet,Nonpartisan,None,2012,florida,Obama,48
2012-florida-president-romney-vs-obama,15844,YouGov,2012-10-04,2012-10-11,Likely Voters,1244,Internet,Nonpartisan,None,2012,florida,Romney,47
2012-florida-president-romney-vs-obama,15844,YouGov,2012-10-04,2012-10-11,Likely Voters,1244,Internet,Nonpartisan,None,2012,florida,Other,3
2012-florida-president-romney-vs-obama,15844,YouGov,2012-10-04,2012-10-11,Likely Voters,1244,Internet,Nonpartisan,None,2012,florida,Undecided,2
2012-florida-president-romney-vs-obama,15720,Mason-Dixon,2012-10-08,2012-10-10,Likely Voters,800,Live Phone,Nonpartisan,None,2012,florida,Obama,44
2012-florida-president-romney-vs-obama,15720,Mason-Dixon,2012-10-08,2012-10-10,Likely Voters,800,Live Phone,Nonpartisan,None,2012,florida,Romney,51
2012-florida-president-romney-vs-obama,15720,Mason-Dixon,2012-10-08,2012-10-10,Likely Voters,800,Live Phone,Nonpartisan,None,2012,florida,Other,1
2012-florida-president-romney-vs-obama,15720,Mason-Dixon,2012-10-08,2012-10-10,Likely Voters,800,Live Phone,Nonpartisan,None,2012,florida,Undecided,4
2012-florida-president-romney-vs-obama,15677,NBC/WSJ/Marist,2012-10-07,2012-10-09,Likely Voters,988,Live Phone,Nonpartisan,None,2012,florida,Obama,48
2012-florida-president-romney-vs-obama,15677,NBC/WSJ/Marist,2012-10-07,2012-10-09,Likely Voters,988,Live Phone,Nonpartisan,None,2012,florida,Romney,47
2012-florida-president-romney-vs-obama,15677,NBC/WSJ/Marist,2012-10-07,2012-10-09,Likely Voters,988,Live Phone,Nonpartisan,None,2012,florida,Other,1
2012-florida-president-romney-vs-obama,15677,NBC/WSJ/Marist,2012-10-07,2012-10-09,Likely Voters,988,Live Phone,Nonpartisan,None,2012,florida,Undecided,4
2012-florida-president-romney-vs-obama,15664,UNF,2012-10-01,2012-10-09,Likely Voters,653,Live Phone,Nonpartisan,None,2012,florida,Obama,49
2012-florida-president-romney-vs-obama,15664,UNF,2012-10-01,2012-10-09,Likely Voters,653,Live Phone,Nonpartisan,None,2012,florida,Romney,45
2012-florida-president-romney-vs-obama,15664,UNF,2012-10-01,2012-10-09,Likely Voters,653,Live Phone,Nonpartisan,None,2012,florida,Other,2
2012-florida-president-romney-vs-obama,15664,UNF,2012-10-01,2012-10-09,Likely Voters,653,Live Phone,Nonpartisan,None,2012,florida,Undecided,4
2012-florida-president-romney-vs-obama,15555,Rasmussen,2012-10-04,2012-10-04,Likely Voters,500,Automated Phone,Nonpartisan,None,2012,florida,Obama,47
2012-florida-president-romney-vs-obama,15555,Rasmussen,2012-10-04,2012-10-04,Likely Voters,500,Automated Phone,Nonpartisan,None,2012,florida,Romney,49
2012-florida-president-romney-vs-obama,15555,Rasmussen,2012-10-04,2012-10-04,Likely Voters,500,Automated Phone,Nonpartisan,None,2012,florida,Other,0
2012-florida-president-romney-vs-obama,15555,Rasmussen,2012-10-04,2012-10-04,Likely Voters,500,Automated Phone,Nonpartisan,None,2012,florida,Undecided,3
2012-florida-president-romney-vs-obama,15539,We Ask America,2012-10-04,2012-10-04,Likely Voters,1200,Automated Phone,Nonpartisan,None,2012,florida,Obama,46
2012-florida-president-romney-vs-obama,15539,We Ask America,2012-10-04,2012-10-04,Likely Voters,1200,Automated Phone,Nonpartisan,None,2012,florida,Romney,49
2012-florida-president-romney-vs-obama,15539,We Ask America,2012-10-04,2012-10-04,Likely Voters,1200,Automated Phone,Nonpartisan,None,2012,florida,Other,1
2012-florida-president-romney-vs-obama,15539,We Ask America,2012-10-04,2012-10-04,Likely Voters,1200,Automated Phone,Nonpartisan,None,2012,florida,Undecided,4
2012-florida-president-romney-vs-obama,15481,NBC/WSJ/Marist,2012-09-30,2012-10-01,Likely Voters,890,Live Phone,Nonpartisan,None,2012,florida,Obama,47
2012-florida-president-romney-vs-obama,15481,NBC/WSJ/Marist,2012-09-30,2012-10-01,Likely Voters,890,Live Phone,Nonpartisan,None,2012,florida,Romney,46
2012-florida-president-romney-vs-obama,15481,NBC/WSJ/Marist,2012-09-30,2012-10-01,Likely Voters,890,Live Phone,Nonpartisan,None,2012,florida,Other,1
2012-florida-president-romney-vs-obama,15481,NBC/WSJ/Marist,2012-09-30,2012-10-01,Likely Voters,890,Live Phone,Nonpartisan,None,2012,florida,Undecided,6
2012-florida-president-romney-vs-obama,15426,Gravis Marketing,2012-09-29,2012-09-30,Likely Voters,914,Automated Phone,Nonpartisan,None,2012,florida,Obama,49
2012-florida-president-romney-vs-obama,15426,Gravis Marketing,2012-09-29,2012-09-30,Likely Voters,914,Automated Phone,Nonpartisan,None,2012,florida,Romney,48
2012-florida-president-romney-vs-obama,15426,Gravis Marketing,2012-09-29,2012-09-30,Likely Voters,914,Automated Phone,Nonpartisan,None,2012,florida,Other,NA
2012-florida-president-romney-vs-obama,15426,Gravis Marketing,2012-09-29,2012-09-30,Likely Voters,914,Automated Phone,Nonpartisan,None,2012,florida,Undecided,3
2012-florida-president-romney-vs-obama,15479,Suffolk,2012-09-27,2012-09-30,Likely Voters,600,Live Phone,Nonpartisan,None,2012,florida,Obama,46
2012-florida-president-romney-vs-obama,15479,Suffolk,2012-09-27,2012-09-30,Likely Voters,600,Live Phone,Nonpartisan,None,2012,florida,Romney,43
2012-florida-president-romney-vs-obama,15479,Suffolk,2012-09-27,2012-09-30,Likely Voters,600,Live Phone,Nonpartisan,None,2012,florida,Other,3
2012-florida-president-romney-vs-obama,15479,Suffolk,2012-09-27,2012-09-30,Likely Voters,600,Live Phone,Nonpartisan,None,2012,florida,Undecided,8
2012-florida-president-romney-vs-obama,15324,InsiderAdvantage/Florida Times-Union,2012-09-24,2012-09-24,Likely Voters,540,Automated Phone,Nonpartisan,None,2012,florida,Obama,49
2012-florida-president-romney-vs-obama,15324,InsiderAdvantage/Florida Times-Union,2012-09-24,2012-09-24,Likely Voters,540,Automated Phone,Nonpartisan,None,2012,florida,Romney,46
2012-florida-president-romney-vs-obama,15324,InsiderAdvantage/Florida Times-Union,2012-09-24,2012-09-24,Likely Voters,540,Automated Phone,Nonpartisan,None,2012,florida,Other,1
2012-florida-president-romney-vs-obama,15324,InsiderAdvantage/Florida Times-Union,2012-09-24,2012-09-24,Likely Voters,540,Automated Phone,Nonpartisan,None,2012,florida,Undecided,4
2012-florida-president-romney-vs-obama,15313,Quinnipiac/NYT/CBS,2012-09-18,2012-09-24,Likely Voters,1196,Live Phone,Nonpartisan,None,2012,florida,Obama,53
2012-florida-president-romney-vs-obama,15313,Quinnipiac/NYT/CBS,2012-09-18,2012-09-24,Likely Voters,1196,Live Phone,Nonpartisan,None,2012,florida,Romney,44
2012-florida-president-romney-vs-obama,15313,Quinnipiac/NYT/CBS,2012-09-18,2012-09-24,Likely Voters,1196,Live Phone,Nonpartisan,None,2012,florida,Other,1
2012-florida-president-romney-vs-obama,15313,Quinnipiac/NYT/CBS,2012-09-18,2012-09-24,Likely Voters,1196,Live Phone,Nonpartisan,None,2012,florida,Undecided,3
2012-florida-president-romney-vs-obama,15253,PPP (D),2012-09-20,2012-09-23,Likely Voters,861,Automated Phone,Pollster,Dem,2012,florida,Obama,50
2012-florida-president-romney-vs-obama,15253,PPP (D),2012-09-20,2012-09-23,Likely Voters,861,Automated Phone,Pollster,Dem,2012,florida,Romney,46
2012-florida-president-romney-vs-obama,15253,PPP (D),2012-09-20,2012-09-23,Likely Voters,861,Automated Phone,Pollster,Dem,2012,florida,Other,NA
2012-florida-president-romney-vs-obama,15253,PPP (D),2012-09-20,2012-09-23,Likely Voters,861,Automated Phone,Pollster,Dem,2012,florida,Undecided,4
2012-florida-president-romney-vs-obama,15289,Washington Post,2012-09-19,2012-09-23,Likely Voters,769,Live Phone,Nonpartisan,None,2012,florida,Obama,51
2012-florida-president-romney-vs-obama,15289,Washington Post,2012-09-19,2012-09-23,Likely Voters,769,Live Phone,Nonpartisan,None,2012,florida,Romney,47
2012-florida-president-romney-vs-obama,15289,Washington Post,2012-09-19,2012-09-23,Likely Voters,769,Live Phone,Nonpartisan,None,2012,florida,Other,2
2012-florida-president-romney-vs-obama,15289,Washington Post,2012-09-19,2012-09-23,Likely Voters,769,Live Phone,Nonpartisan,None,2012,florida,Undecided,1
2012-florida-president-romney-vs-obama,15269,ARG,2012-09-20,2012-09-22,Likely Voters,600,Live Phone,Nonpartisan,None,2012,florida,Obama,50
2012-florida-president-romney-vs-obama,15269,ARG,2012-09-20,2012-09-22,Likely Voters,600,Live Phone,Nonpartisan,None,2012,florida,Romney,45
2012-florida-president-romney-vs-obama,15269,ARG,2012-09-20,2012-09-22,Likely Voters,600,Live Phone,Nonpartisan,None,2012,florida,Other,1
2012-florida-president-romney-vs-obama,15269,ARG,2012-09-20,2012-09-22,Likely Voters,600,Live Phone,Nonpartisan,None,2012,florida,Undecided,4
2012-florida-president-romney-vs-obama,15286,Mason-Dixon,2012-09-17,2012-09-19,Likely Voters,800,Live Phone,Nonpartisan,None,2012,florida,Obama,48
2012-florida-president-romney-vs-obama,15286,Mason-Dixon,2012-09-17,2012-09-19,Likely Voters,800,Live Phone,Nonpartisan,None,2012,florida,Romney,47
2012-florida-president-romney-vs-obama,15286,Mason-Dixon,2012-09-17,2012-09-19,Likely Voters,800,Live Phone,Nonpartisan,None,2012,florida,Other,1
2012-florida-president-romney-vs-obama,15286,Mason-Dixon,2012-09-17,2012-09-19,Likely Voters,800,Live Phone,Nonpartisan,None,2012,florida,Undecided,4
2012-florida-president-romney-vs-obama,15199,Purple Strategies,2012-09-15,2012-09-19,Likely Voters,600,IVR/Online,Nonpartisan,None,2012,florida,Obama,47
2012-florida-president-romney-vs-obama,15199,Purple Strategies,2012-09-15,2012-09-19,Likely Voters,600,IVR/Online,Nonpartisan,None,2012,florida,Romney,48
2012-florida-president-romney-vs-obama,15199,Purple Strategies,2012-09-15,2012-09-19,Likely Voters,600,IVR/Online,Nonpartisan,None,2012,florida,Other,NA
2012-florida-president-romney-vs-obama,15199,Purple Strategies,2012-09-15,2012-09-19,Likely Voters,600,IVR/Online,Nonpartisan,None,2012,florida,Undecided,5
2012-florida-president-romney-vs-obama,15158,We Ask America,2012-09-18,2012-09-18,Likely Voters,1230,Automated Phone,Nonpartisan,None,2012,florida,Obama,49
2012-florida-president-romney-vs-obama,15158,We Ask America,2012-09-18,2012-09-18,Likely Voters,1230,Automated Phone,Nonpartisan,None,2012,florida,Romney,46
2012-florida-president-romney-vs-obama,15158,We Ask America,2012-09-18,2012-09-18,Likely Voters,1230,Automated Phone,Nonpartisan,None,2012,florida,Other,NA
2012-florida-president-romney-vs-obama,15158,We Ask America,2012-09-18,2012-09-18,Likely Voters,1230,Automated Phone,Nonpartisan,None,2012,florida,Undecided,4
2012-florida-president-romney-vs-obama,15146,FOX,2012-09-16,2012-09-18,Likely Voters,829,Live Phone,Nonpartisan,None,2012,florida,Obama,49
2012-florida-president-romney-vs-obama,15146,FOX,2012-09-16,2012-09-18,Likely Voters,829,Live Phone,Nonpartisan,None,2012,florida,Romney,44
2012-florida-president-romney-vs-obama,15146,FOX,2012-09-16,2012-09-18,Likely Voters,829,Live Phone,Nonpartisan,None,2012,florida,Other,2
2012-florida-president-romney-vs-obama,15146,FOX,2012-09-16,2012-09-18,Likely Voters,829,Live Phone,Nonpartisan,None,2012,florida,Undecided,5
2012-florida-president-romney-vs-obama,15096,Gravis Marketing,2012-09-15,2012-09-16,Likely Voters,1728,Automated Phone,Nonpartisan,None,2012,florida,Obama,47
2012-florida-president-romney-vs-obama,15096,Gravis Marketing,2012-09-15,2012-09-16,Likely Voters,1728,Automated Phone,Nonpartisan,None,2012,florida,Romney,48
2012-florida-president-romney-vs-obama,15096,Gravis Marketing,2012-09-15,2012-09-16,Likely Voters,1728,Automated Phone,Nonpartisan,None,2012,florida,Other,NA
2012-florida-president-romney-vs-obama,15096,Gravis Marketing,2012-09-15,2012-09-16,Likely Voters,1728,Automated Phone,Nonpartisan,None,2012,florida,Undecided,5
2012-florida-president-romney-vs-obama,15163,YouGov,2012-09-07,2012-09-14,Likely Voters,1415,Internet,Nonpartisan,None,2012,florida,Obama,49
2012-florida-president-romney-vs-obama,15163,YouGov,2012-09-07,2012-09-14,Likely Voters,1415,Internet,Nonpartisan,None,2012,florida,Romney,47
2012-florida-president-romney-vs-obama,15163,YouGov,2012-09-07,2012-09-14,Likely Voters,1415,Internet,Nonpartisan,None,2012,florida,Other,3
2012-florida-president-romney-vs-obama,15163,YouGov,2012-09-07,2012-09-14,Likely Voters,1415,Internet,Nonpartisan,None,2012,florida,Undecided,2
2012-florida-president-romney-vs-obama,15008,Rasmussen,2012-09-12,2012-09-12,Likely Voters,500,Automated Phone,Nonpartisan,None,2012,florida,Obama,48
2012-florida-president-romney-vs-obama,15008,Rasmussen,2012-09-12,2012-09-12,Likely Voters,500,Automated Phone,Nonpartisan,None,2012,florida,Romney,46
2012-florida-president-romney-vs-obama,15008,Rasmussen,2012-09-12,2012-09-12,Likely Voters,500,Automated Phone,Nonpartisan,None,2012,florida,Other,3
2012-florida-president-romney-vs-obama,15008,Rasmussen,2012-09-12,2012-09-12,Likely Voters,500,Automated Phone,Nonpartisan,None,2012,florida,Undecided,3
2012-florida-president-romney-vs-obama,15173,Caddell/McLaughlin (R)/Secure America Now,2012-09-11,2012-09-12,Likely Voters,600,Live Phone,Pollster,Rep,2012,florida,Obama,44
2012-florida-president-romney-vs-obama,15173,Caddell/McLaughlin (R)/Secure America Now,2012-09-11,2012-09-12,Likely Voters,600,Live Phone,Pollster,Rep,2012,florida,Romney,48
2012-florida-president-romney-vs-obama,15173,Caddell/McLaughlin (R)/Secure America Now,2012-09-11,2012-09-12,Likely Voters,600,Live Phone,Pollster,Rep,2012,florida,Other,NA
2012-florida-president-romney-vs-obama,15173,Caddell/McLaughlin (R)/Secure America Now,2012-09-11,2012-09-12,Likely Voters,600,Live Phone,Pollster,Rep,2012,florida,Undecided,9
2012-florida-president-romney-vs-obama,15028,NBC/WSJ/Marist,2012-09-09,2012-09-11,Likely Voters,980,Live Phone,Nonpartisan,None,2012,florida,Obama,49
2012-florida-president-romney-vs-obama,15028,NBC/WSJ/Marist,2012-09-09,2012-09-11,Likely Voters,980,Live Phone,Nonpartisan,None,2012,florida,Romney,44
2012-florida-president-romney-vs-obama,15028,NBC/WSJ/Marist,2012-09-09,2012-09-11,Likely Voters,980,Live Phone,Nonpartisan,None,2012,florida,Other,1
2012-florida-president-romney-vs-obama,15028,NBC/WSJ/Marist,2012-09-09,2012-09-11,Likely Voters,980,Live Phone,Nonpartisan,None,2012,florida,Undecided,5
2012-florida-president-romney-vs-obama,15038,Consensus Communications (R),2012-09-08,2012-09-11,Likely Voters,606,Live Phone,Pollster,Rep,2012,florida,Obama,42
2012-florida-president-romney-vs-obama,15038,Consensus Communications (R),2012-09-08,2012-09-11,Likely Voters,606,Live Phone,Pollster,Rep,2012,florida,Romney,42
2012-florida-president-romney-vs-obama,15038,Consensus Communications (R),2012-09-08,2012-09-11,Likely Voters,606,Live Phone,Pollster,Rep,2012,florida,Other,NA
2012-florida-president-romney-vs-obama,15038,Consensus Communications (R),2012-09-08,2012-09-11,Likely Voters,606,Live Phone,Pollster,Rep,2012,florida,Undecided,NA
2012-florida-president-romney-vs-obama,15012,McLaughlin (R)/AIF,2012-09-09,2012-09-10,Likely Voters,600,Live Phone,Pollster,Rep,2012,florida,Obama,47
2012-florida-president-romney-vs-obama,15012,McLaughlin (R)/AIF,2012-09-09,2012-09-10,Likely Voters,600,Live Phone,Pollster,Rep,2012,florida,Romney,50
2012-florida-president-romney-vs-obama,15012,McLaughlin (R)/AIF,2012-09-09,2012-09-10,Likely Voters,600,Live Phone,Pollster,Rep,2012,florida,Other,NA
2012-florida-president-romney-vs-obama,15012,McLaughlin (R)/AIF,2012-09-09,2012-09-10,Likely Voters,600,Live Phone,Pollster,Rep,2012,florida,Undecided,3
2012-florida-president-romney-vs-obama,14979,SurveyUSA,2012-09-07,2012-09-09,Likely Voters,596,IVR/Online,Nonpartisan,None,2012,florida,Obama,48
2012-florida-president-romney-vs-obama,14979,SurveyUSA,2012-09-07,2012-09-09,Likely Voters,596,IVR/Online,Nonpartisan,None,2012,florida,Romney,44
2012-florida-president-romney-vs-obama,14979,SurveyUSA,2012-09-07,2012-09-09,Likely Voters,596,IVR/Online,Nonpartisan,None,2012,florida,Other,2
2012-florida-president-romney-vs-obama,14979,SurveyUSA,2012-09-07,2012-09-09,Likely Voters,596,IVR/Online,Nonpartisan,None,2012,florida,Undecided,5
2012-florida-president-romney-vs-obama,14879,Gravis Marketing,2012-09-02,2012-09-02,Likely Voters,1288,Automated Phone,Nonpartisan,None,2012,florida,Obama,47
2012-florida-president-romney-vs-obama,14879,Gravis Marketing,2012-09-02,2012-09-02,Likely Voters,1288,Automated Phone,Nonpartisan,None,2012,florida,Romney,48
2012-florida-president-romney-vs-obama,14879,Gravis Marketing,2012-09-02,2012-09-02,Likely Voters,1288,Automated Phone,Nonpartisan,None,2012,florida,Other,NA
2012-florida-president-romney-vs-obama,14879,Gravis Marketing,2012-09-02,2012-09-02,Likely Voters,1288,Automated Phone,Nonpartisan,None,2012,florida,Undecided,5
2012-florida-president-romney-vs-obama,14868,PPP (D),2012-08-31,2012-09-02,Likely Voters,1548,Automated Phone,Pollster,Dem,2012,florida,Obama,48
2012-florida-president-romney-vs-obama,14868,PPP (D),2012-08-31,2012-09-02,Likely Voters,1548,Automated Phone,Pollster,Dem,2012,florida,Romney,47
2012-florida-president-romney-vs-obama,14868,PPP (D),2012-08-31,2012-09-02,Likely Voters,1548,Automated Phone,Pollster,Dem,2012,florida,Other,NA
2012-florida-president-romney-vs-obama,14868,PPP (D),2012-08-31,2012-09-02,Likely Voters,1548,Automated Phone,Pollster,Dem,2012,florida,Undecided,4
2012-florida-president-romney-vs-obama,14800,CNN/Time/ORC,2012-08-22,2012-08-26,Likely Voters,776,Live Phone,Nonpartisan,None,2012,florida,Obama,50
2012-florida-president-romney-vs-obama,14800,CNN/Time/ORC,2012-08-22,2012-08-26,Likely Voters,776,Live Phone,Nonpartisan,None,2012,florida,Romney,46
2012-florida-president-romney-vs-obama,14800,CNN/Time/ORC,2012-08-22,2012-08-26,Likely Voters,776,Live Phone,Nonpartisan,None,2012,florida,Other,NA
2012-florida-president-romney-vs-obama,14800,CNN/Time/ORC,2012-08-22,2012-08-26,Likely Voters,776,Live Phone,Nonpartisan,None,2012,florida,Undecided,3
2012-florida-president-romney-vs-obama,14739,Quinnipiac/NYT/CBS,2012-08-15,2012-08-21,Likely Voters,1241,Live Phone,Nonpartisan,None,2012,florida,Obama,49
2012-florida-president-romney-vs-obama,14739,Quinnipiac/NYT/CBS,2012-08-15,2012-08-21,Likely Voters,1241,Live Phone,Nonpartisan,None,2012,florida,Romney,46
2012-florida-president-romney-vs-obama,14739,Quinnipiac/NYT/CBS,2012-08-15,2012-08-21,Likely Voters,1241,Live Phone,Nonpartisan,None,2012,florida,Other,1
2012-florida-president-romney-vs-obama,14739,Quinnipiac/NYT/CBS,2012-08-15,2012-08-21,Likely Voters,1241,Live Phone,Nonpartisan,None,2012,florida,Undecided,NA
2012-florida-president-romney-vs-obama,14737,Gravis Marketing,2012-08-20,2012-08-20,Likely Voters,728,Automated Phone,Nonpartisan,None,2012,florida,Obama,45
2012-florida-president-romney-vs-obama,14737,Gravis Marketing,2012-08-20,2012-08-20,Likely Voters,728,Automated Phone,Nonpartisan,None,2012,florida,Romney,48
2012-florida-president-romney-vs-obama,14737,Gravis Marketing,2012-08-20,2012-08-20,Likely Voters,728,Automated Phone,Nonpartisan,None,2012,florida,Other,NA
2012-florida-president-romney-vs-obama,14737,Gravis Marketing,2012-08-20,2012-08-20,Likely Voters,728,Automated Phone,Nonpartisan,None,2012,florida,Undecided,NA
2012-florida-president-romney-vs-obama,14708,FMWB (D),2012-08-17,2012-08-17,Likely Voters,1503,Automated Phone,Pollster,Dem,2012,florida,Obama,40
2012-florida-president-romney-vs-obama,14708,FMWB (D),2012-08-17,2012-08-17,Likely Voters,1503,Automated Phone,Pollster,Dem,2012,florida,Romney,54
2012-florida-president-romney-vs-obama,14708,FMWB (D),2012-08-17,2012-08-17,Likely Voters,1503,Automated Phone,Pollster,Dem,2012,florida,Other,3
2012-florida-president-romney-vs-obama,14708,FMWB (D),2012-08-17,2012-08-17,Likely Voters,1503,Automated Phone,Pollster,Dem,2012,florida,Undecided,5
2012-florida-president-romney-vs-obama,14675,Rasmussen,2012-08-15,2012-08-15,Likely Voters,500,Automated Phone,Nonpartisan,None,2012,florida,Obama,43
2012-florida-president-romney-vs-obama,14675,Rasmussen,2012-08-15,2012-08-15,Likely Voters,500,Automated Phone,Nonpartisan,None,2012,florida,Romney,45
2012-florida-president-romney-vs-obama,14675,Rasmussen,2012-08-15,2012-08-15,Likely Voters,500,Automated Phone,Nonpartisan,None,2012,florida,Other,3
2012-florida-president-romney-vs-obama,14675,Rasmussen,2012-08-15,2012-08-15,Likely Voters,500,Automated Phone,Nonpartisan,None,2012,florida,Undecided,8
2012-florida-president-romney-vs-obama,14667,Purple Strategies,2012-08-13,2012-08-14,Likely Voters,600,Automated Phone,Nonpartisan,None,2012,florida,Obama,47
2012-florida-president-romney-vs-obama,14667,Purple Strategies,2012-08-13,2012-08-14,Likely Voters,600,Automated Phone,Nonpartisan,None,2012,florida,Romney,48
2012-florida-president-romney-vs-obama,14667,Purple Strategies,2012-08-13,2012-08-14,Likely Voters,600,Automated Phone,Nonpartisan,None,2012,florida,Other,NA
2012-florida-president-romney-vs-obama,14667,Purple Strategies,2012-08-13,2012-08-14,Likely Voters,600,Automated Phone,Nonpartisan,None,2012,florida,Undecided,5
2012-florida-president-romney-vs-obama,14519,Quinnipiac/NYT/CBS,2012-07-24,2012-07-30,Likely Voters,1177,Live Phone,Nonpartisan,None,2012,florida,Obama,51
2012-florida-president-romney-vs-obama,14519,Quinnipiac/NYT/CBS,2012-07-24,2012-07-30,Likely Voters,1177,Live Phone,Nonpartisan,None,2012,florida,Romney,45
2012-florida-president-romney-vs-obama,14519,Quinnipiac/NYT/CBS,2012-07-24,2012-07-30,Likely Voters,1177,Live Phone,Nonpartisan,None,2012,florida,Other,1
2012-florida-president-romney-vs-obama,14519,Quinnipiac/NYT/CBS,2012-07-24,2012-07-30,Likely Voters,1177,Live Phone,Nonpartisan,None,2012,florida,Undecided,4
2012-florida-president-romney-vs-obama,14511,PPP (D),2012-07-26,2012-07-29,Likely Voters,871,Automated Phone,Pollster,Dem,2012,florida,Obama,48
2012-florida-president-romney-vs-obama,14511,PPP (D),2012-07-26,2012-07-29,Likely Voters,871,Automated Phone,Pollster,Dem,2012,florida,Romney,47
2012-florida-president-romney-vs-obama,14511,PPP (D),2012-07-26,2012-07-29,Likely Voters,871,Automated Phone,Pollster,Dem,2012,florida,Other,NA
2012-florida-president-romney-vs-obama,14511,PPP (D),2012-07-26,2012-07-29,Likely Voters,871,Automated Phone,Pollster,Dem,2012,florida,Undecided,5
2012-florida-president-romney-vs-obama,14406,SurveyUSA,2012-07-17,2012-07-19,Likely Voters,647,IVR/Online,Nonpartisan,None,2012,florida,Obama,48
2012-florida-president-romney-vs-obama,14406,SurveyUSA,2012-07-17,2012-07-19,Likely Voters,647,IVR/Online,Nonpartisan,None,2012,florida,Romney,43
2012-florida-president-romney-vs-obama,14406,SurveyUSA,2012-07-17,2012-07-19,Likely Voters,647,IVR/Online,Nonpartisan,None,2012,florida,Other,4
2012-florida-president-romney-vs-obama,14406,SurveyUSA,2012-07-17,2012-07-19,Likely Voters,647,IVR/Online,Nonpartisan,None,2012,florida,Undecided,5
2012-florida-president-romney-vs-obama,14357,Purple Strategies,2012-07-09,2012-07-13,Likely Voters,600,Automated Phone,Nonpartisan,None,2012,florida,Obama,45
2012-florida-president-romney-vs-obama,14357,Purple Strategies,2012-07-09,2012-07-13,Likely Voters,600,Automated Phone,Nonpartisan,None,2012,florida,Romney,48
2012-florida-president-romney-vs-obama,14357,Purple Strategies,2012-07-09,2012-07-13,Likely Voters,600,Automated Phone,Nonpartisan,None,2012,florida,Other,NA
2012-florida-president-romney-vs-obama,14357,Purple Strategies,2012-07-09,2012-07-13,Likely Voters,600,Automated Phone,Nonpartisan,None,2012,florida,Undecided,7
2012-florida-president-romney-vs-obama,14349,Mason-Dixon,2012-07-09,2012-07-11,Likely Voters,800,Live Phone,Nonpartisan,None,2012,florida,Obama,46
2012-florida-president-romney-vs-obama,14349,Mason-Dixon,2012-07-09,2012-07-11,Likely Voters,800,Live Phone,Nonpartisan,None,2012,florida,Romney,45
2012-florida-president-romney-vs-obama,14349,Mason-Dixon,2012-07-09,2012-07-11,Likely Voters,800,Live Phone,Nonpartisan,None,2012,florida,Other,2
2012-florida-president-romney-vs-obama,14349,Mason-Dixon,2012-07-09,2012-07-11,Likely Voters,800,Live Phone,Nonpartisan,None,2012,florida,Undecided,7
2012-florida-president-romney-vs-obama,14288,Rasmussen,2012-07-09,2012-07-09,Likely Voters,500,Automated Phone,Nonpartisan,None,2012,florida,Obama,45
2012-florida-president-romney-vs-obama,14288,Rasmussen,2012-07-09,2012-07-09,Likely Voters,500,Automated Phone,Nonpartisan,None,2012,florida,Romney,46
2012-florida-president-romney-vs-obama,14288,Rasmussen,2012-07-09,2012-07-09,Likely Voters,500,Automated Phone,Nonpartisan,None,2012,florida,Other,5
2012-florida-president-romney-vs-obama,14288,Rasmussen,2012-07-09,2012-07-09,Likely Voters,500,Automated Phone,Nonpartisan,None,2012,florida,Undecided,4
2012-florida-president-romney-vs-obama,14321,Garin-Hart-Yang (D-Priorities USA),2012-06-25,2012-07-03,Likely Voters,803,Live Phone,Sponsor,Dem,2012,florida,Obama,48
2012-florida-president-romney-vs-obama,14321,Garin-Hart-Yang (D-Priorities USA),2012-06-25,2012-07-03,Likely Voters,803,Live Phone,Sponsor,Dem,2012,florida,Romney,44
2012-florida-president-romney-vs-obama,14321,Garin-Hart-Yang (D-Priorities USA),2012-06-25,2012-07-03,Likely Voters,803,Live Phone,Sponsor,Dem,2012,florida,Other,NA
2012-florida-president-romney-vs-obama,14321,Garin-Hart-Yang (D-Priorities USA),2012-06-25,2012-07-03,Likely Voters,803,Live Phone,Sponsor,Dem,2012,florida,Undecided,NA
2012-florida-president-romney-vs-obama,14241,We Ask America,2012-07-01,2012-07-02,Likely Voters,1127,Automated Phone,Nonpartisan,None,2012,florida,Obama,46
2012-florida-president-romney-vs-obama,14241,We Ask America,2012-07-01,2012-07-02,Likely Voters,1127,Automated Phone,Nonpartisan,None,2012,florida,Romney,45
2012-florida-president-romney-vs-obama,14241,We Ask America,2012-07-01,2012-07-02,Likely Voters,1127,Automated Phone,Nonpartisan,None,2012,florida,Other,NA
2012-florida-president-romney-vs-obama,14241,We Ask America,2012-07-01,2012-07-02,Likely Voters,1127,Automated Phone,Nonpartisan,None,2012,florida,Undecided,9
2012-florida-president-romney-vs-obama,14187,Quinnipiac,2012-06-19,2012-06-25,Registered Voters,1200,Live Phone,Nonpartisan,None,2012,florida,Obama,45
2012-florida-president-romney-vs-obama,14187,Quinnipiac,2012-06-19,2012-06-25,Registered Voters,1200,Live Phone,Nonpartisan,None,2012,florida,Romney,41
2012-florida-president-romney-vs-obama,14187,Quinnipiac,2012-06-19,2012-06-25,Registered Voters,1200,Live Phone,Nonpartisan,None,2012,florida,Other,2
2012-florida-president-romney-vs-obama,14187,Quinnipiac,2012-06-19,2012-06-25,Registered Voters,1200,Live Phone,Nonpartisan,None,2012,florida,Undecided,12
2012-florida-president-romney-vs-obama,14141,Quinnipiac,2012-06-12,2012-06-18,Registered Voters,1697,Live Phone,Nonpartisan,None,2012,florida,Obama,46
2012-florida-president-romney-vs-obama,14141,Quinnipiac,2012-06-12,2012-06-18,Registered Voters,1697,Live Phone,Nonpartisan,None,2012,florida,Romney,42
2012-florida-president-romney-vs-obama,14141,Quinnipiac,2012-06-12,2012-06-18,Registered Voters,1697,Live Phone,Nonpartisan,None,2012,florida,Other,2
2012-florida-president-romney-vs-obama,14141,Quinnipiac,2012-06-12,2012-06-18,Registered Voters,1697,Live Phone,Nonpartisan,None,2012,florida,Undecided,9
2012-florida-president-romney-vs-obama,14037,Purple Strategies,2012-05-31,2012-06-05,Likely Voters,600,Automated Phone,Nonpartisan,None,2012,florida,Obama,45
2012-florida-president-romney-vs-obama,14037,Purple Strategies,2012-05-31,2012-06-05,Likely Voters,600,Automated Phone,Nonpartisan,None,2012,florida,Romney,49
2012-florida-president-romney-vs-obama,14037,Purple Strategies,2012-05-31,2012-06-05,Likely Voters,600,Automated Phone,Nonpartisan,None,2012,florida,Other,NA
2012-florida-president-romney-vs-obama,14037,Purple Strategies,2012-05-31,2012-06-05,Likely Voters,600,Automated Phone,Nonpartisan,None,2012,florida,Undecided,6
2012-florida-president-romney-vs-obama,14009,PPP (D),2012-05-31,2012-06-03,Likely Voters,642,Automated Phone,Pollster,Dem,2012,florida,Obama,50
2012-florida-president-romney-vs-obama,14009,PPP (D),2012-05-31,2012-06-03,Likely Voters,642,Automated Phone,Pollster,Dem,2012,florida,Romney,46
2012-florida-president-romney-vs-obama,14009,PPP (D),2012-05-31,2012-06-03,Likely Voters,642,Automated Phone,Pollster,Dem,2012,florida,Other,NA
2012-florida-president-romney-vs-obama,14009,PPP (D),2012-05-31,2012-06-03,Likely Voters,642,Automated Phone,Pollster,Dem,2012,florida,Undecided,4
2012-florida-president-romney-vs-obama,13872,Quinnipiac,2012-05-15,2012-05-21,Registered Voters,1722,Live Phone,Nonpartisan,None,2012,florida,Obama,41
2012-florida-president-romney-vs-obama,13872,Quinnipiac,2012-05-15,2012-05-21,Registered Voters,1722,Live Phone,Nonpartisan,None,2012,florida,Romney,47
2012-florida-president-romney-vs-obama,13872,Quinnipiac,2012-05-15,2012-05-21,Registered Voters,1722,Live Phone,Nonpartisan,None,2012,florida,Other,2
2012-florida-president-romney-vs-obama,13872,Quinnipiac,2012-05-15,2012-05-21,Registered Voters,1722,Live Phone,Nonpartisan,None,2012,florida,Undecided,10
2012-florida-president-romney-vs-obama,13891,NBC/Marist,2012-05-17,2012-05-20,Registered Voters,1078,Live Phone,Nonpartisan,None,2012,florida,Obama,48
2012-florida-president-romney-vs-obama,13891,NBC/Marist,2012-05-17,2012-05-20,Registered Voters,1078,Live Phone,Nonpartisan,None,2012,florida,Romney,44
2012-florida-president-romney-vs-obama,13891,NBC/Marist,2012-05-17,2012-05-20,Registered Voters,1078,Live Phone,Nonpartisan,None,2012,florida,Other,1
2012-florida-president-romney-vs-obama,13891,NBC/Marist,2012-05-17,2012-05-20,Registered Voters,1078,Live Phone,Nonpartisan,None,2012,florida,Undecided,7
2012-florida-president-romney-vs-obama,13725,Suffolk,2012-05-06,2012-05-08,Registered Voters,600,Live Phone,Nonpartisan,None,2012,florida,Obama,46
2012-florida-president-romney-vs-obama,13725,Suffolk,2012-05-06,2012-05-08,Registered Voters,600,Live Phone,Nonpartisan,None,2012,florida,Romney,45
2012-florida-president-romney-vs-obama,13725,Suffolk,2012-05-06,2012-05-08,Registered Voters,600,Live Phone,Nonpartisan,None,2012,florida,Other,2
2012-florida-president-romney-vs-obama,13725,Suffolk,2012-05-06,2012-05-08,Registered Voters,600,Live Phone,Nonpartisan,None,2012,florida,Undecided,8
2012-florida-president-romney-vs-obama,13677,Quinnipiac,2012-04-25,2012-05-01,Registered Voters,1169,Live Phone,Nonpartisan,None,2012,florida,Obama,43
2012-florida-president-romney-vs-obama,13677,Quinnipiac,2012-04-25,2012-05-01,Registered Voters,1169,Live Phone,Nonpartisan,None,2012,florida,Romney,44
2012-florida-president-romney-vs-obama,13677,Quinnipiac,2012-04-25,2012-05-01,Registered Voters,1169,Live Phone,Nonpartisan,None,2012,florida,Other,3
2012-florida-president-romney-vs-obama,13677,Quinnipiac,2012-04-25,2012-05-01,Registered Voters,1169,Live Phone,Nonpartisan,None,2012,florida,Undecided,11
2012-florida-president-romney-vs-obama,13635,Rasmussen,2012-04-25,2012-04-25,Likely Voters,500,Automated Phone,Nonpartisan,None,2012,florida,Obama,45
2012-florida-president-romney-vs-obama,13635,Rasmussen,2012-04-25,2012-04-25,Likely Voters,500,Automated Phone,Nonpartisan,None,2012,florida,Romney,46
2012-florida-president-romney-vs-obama,13635,Rasmussen,2012-04-25,2012-04-25,Likely Voters,500,Automated Phone,Nonpartisan,None,2012,florida,Other,6
2012-florida-president-romney-vs-obama,13635,Rasmussen,2012-04-25,2012-04-25,Likely Voters,500,Automated Phone,Nonpartisan,None,2012,florida,Undecided,3
2012-florida-president-romney-vs-obama,13618,Purple Strategies,2012-04-19,2012-04-23,Likely Voters,600,Automated Phone,Nonpartisan,None,2012,florida,Obama,45
2012-florida-president-romney-vs-obama,13618,Purple Strategies,2012-04-19,2012-04-23,Likely Voters,600,Automated Phone,Nonpartisan,None,2012,florida,Romney,47
2012-florida-president-romney-vs-obama,13618,Purple Strategies,2012-04-19,2012-04-23,Likely Voters,600,Automated Phone,Nonpartisan,None,2012,florida,Other,NA
2012-florida-president-romney-vs-obama,13618,Purple Strategies,2012-04-19,2012-04-23,Likely Voters,600,Automated Phone,Nonpartisan,None,2012,florida,Undecided,7
2012-florida-president-romney-vs-obama,13570,FOX,2012-04-15,2012-04-17,Registered Voters,757,Live Phone,Nonpartisan,None,2012,florida,Obama,45
2012-florida-president-romney-vs-obama,13570,FOX,2012-04-15,2012-04-17,Registered Voters,757,Live Phone,Nonpartisan,None,2012,florida,Romney,43
2012-florida-president-romney-vs-obama,13570,FOX,2012-04-15,2012-04-17,Registered Voters,757,Live Phone,Nonpartisan,None,2012,florida,Other,2
2012-florida-president-romney-vs-obama,13570,FOX,2012-04-15,2012-04-17,Registered Voters,757,Live Phone,Nonpartisan,None,2012,florida,Undecided,11
2012-florida-president-romney-vs-obama,13541,PPP (D),2012-04-12,2012-04-15,Likely Voters,700,Automated Phone,Pollster,Dem,2012,florida,Obama,50
2012-florida-president-romney-vs-obama,13541,PPP (D),2012-04-12,2012-04-15,Likely Voters,700,Automated Phone,Pollster,Dem,2012,florida,Romney,45
2012-florida-president-romney-vs-obama,13541,PPP (D),2012-04-12,2012-04-15,Likely Voters,700,Automated Phone,Pollster,Dem,2012,florida,Other,NA
2012-florida-president-romney-vs-obama,13541,PPP (D),2012-04-12,2012-04-15,Likely Voters,700,Automated Phone,Pollster,Dem,2012,florida,Undecided,5
2012-florida-president-romney-vs-obama,13368,Quinnipiac,2012-03-20,2012-03-26,Registered Voters,1228,Live Phone,Nonpartisan,None,2012,florida,Obama,49
2012-florida-president-romney-vs-obama,13368,Quinnipiac,2012-03-20,2012-03-26,Registered Voters,1228,Live Phone,Nonpartisan,None,2012,florida,Romney,42
2012-florida-president-romney-vs-obama,13368,Quinnipiac,2012-03-20,2012-03-26,Registered Voters,1228,Live Phone,Nonpartisan,None,2012,florida,Other,2
2012-florida-president-romney-vs-obama,13368,Quinnipiac,2012-03-20,2012-03-26,Registered Voters,1228,Live Phone,Nonpartisan,None,2012,florida,Undecided,5
2012-florida-president-romney-vs-obama,13220,Rasmussen,2012-03-13,2012-03-13,Likely Voters,500,Automated Phone,Nonpartisan,None,2012,florida,Obama,46
2012-florida-president-romney-vs-obama,13220,Rasmussen,2012-03-13,2012-03-13,Likely Voters,500,Automated Phone,Nonpartisan,None,2012,florida,Romney,43
2012-florida-president-romney-vs-obama,13220,Rasmussen,2012-03-13,2012-03-13,Likely Voters,500,Automated Phone,Nonpartisan,None,2012,florida,Other,7
2012-florida-president-romney-vs-obama,13220,Rasmussen,2012-03-13,2012-03-13,Likely Voters,500,Automated Phone,Nonpartisan,None,2012,florida,Undecided,4
2012-florida-president-romney-vs-obama,12832,Rasmussen,2012-02-09,2012-02-09,Likely Voters,500,Automated Phone,Nonpartisan,None,2012,florida,Obama,47
2012-florida-president-romney-vs-obama,12832,Rasmussen,2012-02-09,2012-02-09,Likely Voters,500,Automated Phone,Nonpartisan,None,2012,florida,Romney,44
2012-florida-president-romney-vs-obama,12832,Rasmussen,2012-02-09,2012-02-09,Likely Voters,500,Automated Phone,Nonpartisan,None,2012,florida,Other,5
2012-florida-president-romney-vs-obama,12832,Rasmussen,2012-02-09,2012-02-09,Likely Voters,500,Automated Phone,Nonpartisan,None,2012,florida,Undecided,3
2012-florida-president-romney-vs-obama,12652,Marist College,2012-01-25,2012-01-27,Likely Voters,1379,Live Phone,Nonpartisan,None,2012,florida,Obama,49
2012-florida-president-romney-vs-obama,12652,Marist College,2012-01-25,2012-01-27,Likely Voters,1379,Live Phone,Nonpartisan,None,2012,florida,Romney,41
2012-florida-president-romney-vs-obama,12652,Marist College,2012-01-25,2012-01-27,Likely Voters,1379,Live Phone,Nonpartisan,None,2012,florida,Other,NA
2012-florida-president-romney-vs-obama,12652,Marist College,2012-01-25,2012-01-27,Likely Voters,1379,Live Phone,Nonpartisan,None,2012,florida,Undecided,10
2012-florida-president-romney-vs-obama,12651,Mason-Dixon,2012-01-24,2012-01-26,Likely Voters,800,Live Phone,Nonpartisan,None,2012,florida,Obama,44
2012-florida-president-romney-vs-obama,12651,Mason-Dixon,2012-01-24,2012-01-26,Likely Voters,800,Live Phone,Nonpartisan,None,2012,florida,Romney,48
2012-florida-president-romney-vs-obama,12651,Mason-Dixon,2012-01-24,2012-01-26,Likely Voters,800,Live Phone,Nonpartisan,None,2012,florida,Other,NA
2012-florida-president-romney-vs-obama,12651,Mason-Dixon,2012-01-24,2012-01-26,Likely Voters,800,Live Phone,Nonpartisan,None,2012,florida,Undecided,NA
2012-florida-president-romney-vs-obama,12640,Suffolk,2012-01-22,2012-01-24,Registered Voters,600,Live Phone,Nonpartisan,None,2012,florida,Obama,42
2012-florida-president-romney-vs-obama,12640,Suffolk,2012-01-22,2012-01-24,Registered Voters,600,Live Phone,Nonpartisan,None,2012,florida,Romney,47
2012-florida-president-romney-vs-obama,12640,Suffolk,2012-01-22,2012-01-24,Registered Voters,600,Live Phone,Nonpartisan,None,2012,florida,Other,1
2012-florida-president-romney-vs-obama,12640,Suffolk,2012-01-22,2012-01-24,Registered Voters,600,Live Phone,Nonpartisan,None,2012,florida,Undecided,10
2012-florida-president-romney-vs-obama,12639,Quinnipiac,2012-01-19,2012-01-23,Registered Voters,1518,Live Phone,Nonpartisan,None,2012,florida,Obama,45
2012-florida-president-romney-vs-obama,12639,Quinnipiac,2012-01-19,2012-01-23,Registered Voters,1518,Live Phone,Nonpartisan,None,2012,florida,Romney,45
2012-florida-president-romney-vs-obama,12639,Quinnipiac,2012-01-19,2012-01-23,Registered Voters,1518,Live Phone,Nonpartisan,None,2012,florida,Other,2
2012-florida-president-romney-vs-obama,12639,Quinnipiac,2012-01-19,2012-01-23,Registered Voters,1518,Live Phone,Nonpartisan,None,2012,florida,Undecided,6
2012-florida-president-romney-vs-obama,12580,Tarrance (R-Walker),2012-01-17,2012-01-18,Likely Voters,607,Live Phone,Pollster,Rep,2012,florida,Obama,46
2012-florida-president-romney-vs-obama,12580,Tarrance (R-Walker),2012-01-17,2012-01-18,Likely Voters,607,Live Phone,Pollster,Rep,2012,florida,Romney,45
2012-florida-president-romney-vs-obama,12580,Tarrance (R-Walker),2012-01-17,2012-01-18,Likely Voters,607,Live Phone,Pollster,Rep,2012,florida,Other,NA
2012-florida-president-romney-vs-obama,12580,Tarrance (R-Walker),2012-01-17,2012-01-18,Likely Voters,607,Live Phone,Pollster,Rep,2012,florida,Undecided,9
2012-florida-president-romney-vs-obama,12445,Quinnipiac,2012-01-04,2012-01-08,Registered Voters,1412,Live Phone,Nonpartisan,None,2012,florida,Obama,43
2012-florida-president-romney-vs-obama,12445,Quinnipiac,2012-01-04,2012-01-08,Registered Voters,1412,Live Phone,Nonpartisan,None,2012,florida,Romney,46
2012-florida-president-romney-vs-obama,12445,Quinnipiac,2012-01-04,2012-01-08,Registered Voters,1412,Live Phone,Nonpartisan,None,2012,florida,Other,2
2012-florida-president-romney-vs-obama,12445,Quinnipiac,2012-01-04,2012-01-08,Registered Voters,1412,Live Phone,Nonpartisan,None,2012,florida,Undecided,6
2012-colorado-president-romney-vs-obama,16667,Ipsos/Reuters (Web),2012-11-03,2012-11-05,Likely Voters,774,Internet,Nonpartisan,None,2012,colorado,Obama,48
2012-colorado-president-romney-vs-obama,16667,Ipsos/Reuters (Web),2012-11-03,2012-11-05,Likely Voters,774,Internet,Nonpartisan,None,2012,colorado,Romney,47
2012-colorado-president-romney-vs-obama,16667,Ipsos/Reuters (Web),2012-11-03,2012-11-05,Likely Voters,774,Internet,Nonpartisan,None,2012,colorado,Other,3
2012-colorado-president-romney-vs-obama,16667,Ipsos/Reuters (Web),2012-11-03,2012-11-05,Likely Voters,774,Internet,Nonpartisan,None,2012,colorado,Undecided,1
2012-colorado-president-romney-vs-obama,16643,PPP (D),2012-11-03,2012-11-04,Likely Voters,1096,Automated Phone,Pollster,Dem,2012,colorado,Obama,52
2012-colorado-president-romney-vs-obama,16643,PPP (D),2012-11-03,2012-11-04,Likely Voters,1096,Automated Phone,Pollster,Dem,2012,colorado,Romney,46
2012-colorado-president-romney-vs-obama,16643,PPP (D),2012-11-03,2012-11-04,Likely Voters,1096,Automated Phone,Pollster,Dem,2012,colorado,Other,NA
2012-colorado-president-romney-vs-obama,16643,PPP (D),2012-11-03,2012-11-04,Likely Voters,1096,Automated Phone,Pollster,Dem,2012,colorado,Undecided,3
2012-colorado-president-romney-vs-obama,16668,OnSight/Keating (D),2012-11-02,2012-11-04,Likely Voters,603,Live Phone,Sponsor,Dem,2012,colorado,Obama,50
2012-colorado-president-romney-vs-obama,16668,OnSight/Keating (D),2012-11-02,2012-11-04,Likely Voters,603,Live Phone,Sponsor,Dem,2012,colorado,Romney,46
2012-colorado-president-romney-vs-obama,16668,OnSight/Keating (D),2012-11-02,2012-11-04,Likely Voters,603,Live Phone,Sponsor,Dem,2012,colorado,Other,2
2012-colorado-president-romney-vs-obama,16668,OnSight/Keating (D),2012-11-02,2012-11-04,Likely Voters,603,Live Phone,Sponsor,Dem,2012,colorado,Undecided,2
2012-colorado-president-romney-vs-obama,16626,Lake Research (D),2012-10-31,2012-11-04,Likely Voters,400,Live Phone,Pollster,Dem,2012,colorado,Obama,45
2012-colorado-president-romney-vs-obama,16626,Lake Research (D),2012-10-31,2012-11-04,Likely Voters,400,Live Phone,Pollster,Dem,2012,colorado,Romney,44
2012-colorado-president-romney-vs-obama,16626,Lake Research (D),2012-10-31,2012-11-04,Likely Voters,400,Live Phone,Pollster,Dem,2012,colorado,Other,3
2012-colorado-president-romney-vs-obama,16626,Lake Research (D),2012-10-31,2012-11-04,Likely Voters,400,Live Phone,Pollster,Dem,2012,colorado,Undecided,9
2012-colorado-president-romney-vs-obama,16585,YouGov,2012-10-31,2012-11-03,Likely Voters,752,Internet,Nonpartisan,None,2012,colorado,Obama,48
2012-colorado-president-romney-vs-obama,16585,YouGov,2012-10-31,2012-11-03,Likely Voters,752,Internet,Nonpartisan,None,2012,colorado,Romney,47
2012-colorado-president-romney-vs-obama,16585,YouGov,2012-10-31,2012-11-03,Likely Voters,752,Internet,Nonpartisan,None,2012,colorado,Other,3
2012-colorado-president-romney-vs-obama,16585,YouGov,2012-10-31,2012-11-03,Likely Voters,752,Internet,Nonpartisan,None,2012,colorado,Undecided,2
2012-colorado-president-romney-vs-obama,16481,Ipsos/Reuters (Web),2012-10-31,2012-11-02,Likely Voters,1052,Internet,Nonpartisan,None,2012,colorado,Obama,46
2012-colorado-president-romney-vs-obama,16481,Ipsos/Reuters (Web),2012-10-31,2012-11-02,Likely Voters,1052,Internet,Nonpartisan,None,2012,colorado,Romney,46
2012-colorado-president-romney-vs-obama,16481,Ipsos/Reuters (Web),2012-10-31,2012-11-02,Likely Voters,1052,Internet,Nonpartisan,None,2012,colorado,Other,4
2012-colorado-president-romney-vs-obama,16481,Ipsos/Reuters (Web),2012-10-31,2012-11-02,Likely Voters,1052,Internet,Nonpartisan,None,2012,colorado,Undecided,4
2012-colorado-president-romney-vs-obama,16462,PPP (D-LCV),2012-10-31,2012-11-01,Likely Voters,825,Automated Phone,Sponsor,Dem,2012,colorado,Obama,50
2012-colorado-president-romney-vs-obama,16462,PPP (D-LCV),2012-10-31,2012-11-01,Likely Voters,825,Automated Phone,Sponsor,Dem,2012,colorado,Romney,46
2012-colorado-president-romney-vs-obama,16462,PPP (D-LCV),2012-10-31,2012-11-01,Likely Voters,825,Automated Phone,Sponsor,Dem,2012,colorado,Other,NA
2012-colorado-president-romney-vs-obama,16462,PPP (D-LCV),2012-10-31,2012-11-01,Likely Voters,825,Automated Phone,Sponsor,Dem,2012,colorado,Undecided,4
2012-colorado-president-romney-vs-obama,16465,Denver Post/SurveyUSA,2012-10-28,2012-10-31,Likely Voters,695,Mixed,Nonpartisan,None,2012,colorado,Obama,47
2012-colorado-president-romney-vs-obama,16465,Denver Post/SurveyUSA,2012-10-28,2012-10-31,Likely Voters,695,Mixed,Nonpartisan,None,2012,colorado,Romney,45
2012-colorado-president-romney-vs-obama,16465,Denver Post/SurveyUSA,2012-10-28,2012-10-31,Likely Voters,695,Mixed,Nonpartisan,None,2012,colorado,Other,NA
2012-colorado-president-romney-vs-obama,16465,Denver Post/SurveyUSA,2012-10-28,2012-10-31,Likely Voters,695,Mixed,Nonpartisan,None,2012,colorado,Undecided,NA
2012-colorado-president-romney-vs-obama,16434,CNN,2012-10-26,2012-10-31,Likely Voters,764,Live Phone,Nonpartisan,None,2012,colorado,Obama,50
2012-colorado-president-romney-vs-obama,16434,CNN,2012-10-26,2012-10-31,Likely Voters,764,Live Phone,Nonpartisan,None,2012,colorado,Romney,48
2012-colorado-president-romney-vs-obama,16434,CNN,2012-10-26,2012-10-31,Likely Voters,764,Live Phone,Nonpartisan,None,2012,colorado,Other,NA
2012-colorado-president-romney-vs-obama,16434,CNN,2012-10-26,2012-10-31,Likely Voters,764,Live Phone,Nonpartisan,None,2012,colorado,Undecided,2
2012-colorado-president-romney-vs-obama,16392,We Ask America,2012-10-30,2012-10-30,Likely Voters,1246,Automated Phone,Nonpartisan,None,2012,colorado,Obama,50
2012-colorado-president-romney-vs-obama,16392,We Ask America,2012-10-30,2012-10-30,Likely Voters,1246,Automated Phone,Nonpartisan,None,2012,colorado,Romney,47
2012-colorado-president-romney-vs-obama,16392,We Ask America,2012-10-30,2012-10-30,Likely Voters,1246,Automated Phone,Nonpartisan,None,2012,colorado,Other,3
2012-colorado-president-romney-vs-obama,16392,We Ask America,2012-10-30,2012-10-30,Likely Voters,1246,Automated Phone,Nonpartisan,None,2012,colorado,Undecided,NA
2012-colorado-president-romney-vs-obama,16443,Rasmussen,2012-10-29,2012-10-29,Likely Voters,750,Automated Phone,Nonpartisan,None,2012,colorado,Obama,47
2012-colorado-president-romney-vs-obama,16443,Rasmussen,2012-10-29,2012-10-29,Likely Voters,750,Automated Phone,Nonpartisan,None,2012,colorado,Romney,50
2012-colorado-president-romney-vs-obama,16443,Rasmussen,2012-10-29,2012-10-29,Likely Voters,750,Automated Phone,Nonpartisan,None,2012,colorado,Other,2
2012-colorado-president-romney-vs-obama,16443,Rasmussen,2012-10-29,2012-10-29,Likely Voters,750,Automated Phone,Nonpartisan,None,2012,colorado,Undecided,1
2012-colorado-president-romney-vs-obama,16374,Grove Insight (D-Project New America/USAction),2012-10-28,2012-10-29,Likely Voters,500,Live Phone,Sponsor,Dem,2012,colorado,Obama,48
2012-colorado-president-romney-vs-obama,16374,Grove Insight (D-Project New America/USAction),2012-10-28,2012-10-29,Likely Voters,500,Live Phone,Sponsor,Dem,2012,colorado,Romney,45
2012-colorado-president-romney-vs-obama,16374,Grove Insight (D-Project New America/USAction),2012-10-28,2012-10-29,Likely Voters,500,Live Phone,Sponsor,Dem,2012,colorado,Other,1
2012-colorado-president-romney-vs-obama,16374,Grove Insight (D-Project New America/USAction),2012-10-28,2012-10-29,Likely Voters,500,Live Phone,Sponsor,Dem,2012,colorado,Undecided,6
2012-colorado-president-romney-vs-obama,16277,ARG,2012-10-25,2012-10-28,Likely Voters,600,Live Phone,Nonpartisan,None,2012,colorado,Obama,47
2012-colorado-president-romney-vs-obama,16277,ARG,2012-10-25,2012-10-28,Likely Voters,600,Live Phone,Nonpartisan,None,2012,colorado,Romney,48
2012-colorado-president-romney-vs-obama,16277,ARG,2012-10-25,2012-10-28,Likely Voters,600,Live Phone,Nonpartisan,None,2012,colorado,Other,1
2012-colorado-president-romney-vs-obama,16277,ARG,2012-10-25,2012-10-28,Likely Voters,600,Live Phone,Nonpartisan,None,2012,colorado,Undecided,4
2012-colorado-president-romney-vs-obama,16206,Purple Strategies,2012-10-23,2012-10-25,Likely Voters,600,IVR/Online,Nonpartisan,None,2012,colorado,Obama,47
2012-colorado-president-romney-vs-obama,16206,Purple Strategies,2012-10-23,2012-10-25,Likely Voters,600,IVR/Online,Nonpartisan,None,2012,colorado,Romney,46
2012-colorado-president-romney-vs-obama,16206,Purple Strategies,2012-10-23,2012-10-25,Likely Voters,600,IVR/Online,Nonpartisan,None,2012,colorado,Other,1
2012-colorado-president-romney-vs-obama,16206,Purple Strategies,2012-10-23,2012-10-25,Likely Voters,600,IVR/Online,Nonpartisan,None,2012,colorado,Undecided,5
2012-colorado-president-romney-vs-obama,16172,PPP (D),2012-10-23,2012-10-25,Likely Voters,904,Automated Phone,Pollster,Dem,2012,colorado,Obama,51
2012-colorado-president-romney-vs-obama,16172,PPP (D),2012-10-23,2012-10-25,Likely Voters,904,Automated Phone,Pollster,Dem,2012,colorado,Romney,47
2012-colorado-president-romney-vs-obama,16172,PPP (D),2012-10-23,2012-10-25,Likely Voters,904,Automated Phone,Pollster,Dem,2012,colorado,Other,NA
2012-colorado-president-romney-vs-obama,16172,PPP (D),2012-10-23,2012-10-25,Likely Voters,904,Automated Phone,Pollster,Dem,2012,colorado,Undecided,2
2012-colorado-president-romney-vs-obama,16176,OnSight/Keating (D),2012-10-23,2012-10-24,Likely Voters,502,Live Phone,Sponsor,Dem,2012,colorado,Obama,48
2012-colorado-president-romney-vs-obama,16176,OnSight/Keating (D),2012-10-23,2012-10-24,Likely Voters,502,Live Phone,Sponsor,Dem,2012,colorado,Romney,45
2012-colorado-president-romney-vs-obama,16176,OnSight/Keating (D),2012-10-23,2012-10-24,Likely Voters,502,Live Phone,Sponsor,Dem,2012,colorado,Other,NA
2012-colorado-president-romney-vs-obama,16176,OnSight/Keating (D),2012-10-23,2012-10-24,Likely Voters,502,Live Phone,Sponsor,Dem,2012,colorado,Undecided,NA
2012-colorado-president-romney-vs-obama,16175,NBC/WSJ/Marist,2012-10-23,2012-10-24,Likely Voters,1128,Live Phone,Nonpartisan,None,2012,colorado,Obama,48
2012-colorado-president-romney-vs-obama,16175,NBC/WSJ/Marist,2012-10-23,2012-10-24,Likely Voters,1128,Live Phone,Nonpartisan,None,2012,colorado,Romney,48
2012-colorado-president-romney-vs-obama,16175,NBC/WSJ/Marist,2012-10-23,2012-10-24,Likely Voters,1128,Live Phone,Nonpartisan,None,2012,colorado,Other,2
2012-colorado-president-romney-vs-obama,16175,NBC/WSJ/Marist,2012-10-23,2012-10-24,Likely Voters,1128,Live Phone,Nonpartisan,None,2012,colorado,Undecided,2
2012-colorado-president-romney-vs-obama,16156,Grove Insight (D-Project New America/USAction),2012-10-23,2012-10-24,Likely Voters,500,Live Phone,Sponsor,Dem,2012,colorado,Obama,46
2012-colorado-president-romney-vs-obama,16156,Grove Insight (D-Project New America/USAction),2012-10-23,2012-10-24,Likely Voters,500,Live Phone,Sponsor,Dem,2012,colorado,Romney,43
2012-colorado-president-romney-vs-obama,16156,Grove Insight (D-Project New America/USAction),2012-10-23,2012-10-24,Likely Voters,500,Live Phone,Sponsor,Dem,2012,colorado,Other,3
2012-colorado-president-romney-vs-obama,16156,Grove Insight (D-Project New America/USAction),2012-10-23,2012-10-24,Likely Voters,500,Live Phone,Sponsor,Dem,2012,colorado,Undecided,8
2012-colorado-president-romney-vs-obama,16022,Rasmussen,2012-10-21,2012-10-21,Likely Voters,500,Automated Phone,Nonpartisan,None,2012,colorado,Obama,46
2012-colorado-president-romney-vs-obama,16022,Rasmussen,2012-10-21,2012-10-21,Likely Voters,500,Automated Phone,Nonpartisan,None,2012,colorado,Romney,50
2012-colorado-president-romney-vs-obama,16022,Rasmussen,2012-10-21,2012-10-21,Likely Voters,500,Automated Phone,Nonpartisan,None,2012,colorado,Other,2
2012-colorado-president-romney-vs-obama,16022,Rasmussen,2012-10-21,2012-10-21,Likely Voters,500,Automated Phone,Nonpartisan,None,2012,colorado,Undecided,1
2012-colorado-president-romney-vs-obama,15931,PPP (D),2012-10-16,2012-10-18,Likely Voters,1000,Automated Phone,Pollster,Dem,2012,colorado,Obama,50
2012-colorado-president-romney-vs-obama,15931,PPP (D),2012-10-16,2012-10-18,Likely Voters,1000,Automated Phone,Pollster,Dem,2012,colorado,Romney,47
2012-colorado-president-romney-vs-obama,15931,PPP (D),2012-10-16,2012-10-18,Likely Voters,1000,Automated Phone,Pollster,Dem,2012,colorado,Other,NA
2012-colorado-president-romney-vs-obama,15931,PPP (D),2012-10-16,2012-10-18,Likely Voters,1000,Automated Phone,Pollster,Dem,2012,colorado,Undecided,3
2012-colorado-president-romney-vs-obama,15897,Grove Insight (D-Project New America),2012-10-15,2012-10-16,Likely Voters,500,Live Phone,Pollster,Dem,2012,colorado,Obama,47
2012-colorado-president-romney-vs-obama,15897,Grove Insight (D-Project New America),2012-10-15,2012-10-16,Likely Voters,500,Live Phone,Pollster,Dem,2012,colorado,Romney,44
2012-colorado-president-romney-vs-obama,15897,Grove Insight (D-Project New America),2012-10-15,2012-10-16,Likely Voters,500,Live Phone,Pollster,Dem,2012,colorado,Other,2
2012-colorado-president-romney-vs-obama,15897,Grove Insight (D-Project New America),2012-10-15,2012-10-16,Likely Voters,500,Live Phone,Pollster,Dem,2012,colorado,Undecided,7
2012-colorado-president-romney-vs-obama,15821,We Ask America,2012-10-15,2012-10-15,Likely Voters,1206,Automated Phone,Nonpartisan,None,2012,colorado,Obama,47
2012-colorado-president-romney-vs-obama,15821,We Ask America,2012-10-15,2012-10-15,Likely Voters,1206,Automated Phone,Nonpartisan,None,2012,colorado,Romney,48
2012-colorado-president-romney-vs-obama,15821,We Ask America,2012-10-15,2012-10-15,Likely Voters,1206,Automated Phone,Nonpartisan,None,2012,colorado,Other,1
2012-colorado-president-romney-vs-obama,15821,We Ask America,2012-10-15,2012-10-15,Likely Voters,1206,Automated Phone,Nonpartisan,None,2012,colorado,Undecided,4
2012-colorado-president-romney-vs-obama,15777,Gravis Marketing,2012-10-05,2012-10-11,Likely Voters,2089,Automated Phone,Nonpartisan,None,2012,colorado,Obama,48
2012-colorado-president-romney-vs-obama,15777,Gravis Marketing,2012-10-05,2012-10-11,Likely Voters,2089,Automated Phone,Nonpartisan,None,2012,colorado,Romney,46
2012-colorado-president-romney-vs-obama,15777,Gravis Marketing,2012-10-05,2012-10-11,Likely Voters,2089,Automated Phone,Nonpartisan,None,2012,colorado,Other,NA
2012-colorado-president-romney-vs-obama,15777,Gravis Marketing,2012-10-05,2012-10-11,Likely Voters,2089,Automated Phone,Nonpartisan,None,2012,colorado,Undecided,6
2012-colorado-president-romney-vs-obama,15842,YouGov,2012-10-04,2012-10-11,Likely Voters,527,Internet,Nonpartisan,None,2012,colorado,Obama,48
2012-colorado-president-romney-vs-obama,15842,YouGov,2012-10-04,2012-10-11,Likely Voters,527,Internet,Nonpartisan,None,2012,colorado,Romney,45
2012-colorado-president-romney-vs-obama,15842,YouGov,2012-10-04,2012-10-11,Likely Voters,527,Internet,Nonpartisan,None,2012,colorado,Other,2
2012-colorado-president-romney-vs-obama,15842,YouGov,2012-10-04,2012-10-11,Likely Voters,527,Internet,Nonpartisan,None,2012,colorado,Undecided,5
2012-colorado-president-romney-vs-obama,15754,Denver Post/SurveyUSA,2012-10-09,2012-10-10,Likely Voters,614,IVR/Online,Nonpartisan,None,2012,colorado,Obama,45
2012-colorado-president-romney-vs-obama,15754,Denver Post/SurveyUSA,2012-10-09,2012-10-10,Likely Voters,614,IVR/Online,Nonpartisan,None,2012,colorado,Romney,46
2012-colorado-president-romney-vs-obama,15754,Denver Post/SurveyUSA,2012-10-09,2012-10-10,Likely Voters,614,IVR/Online,Nonpartisan,None,2012,colorado,Other,3
2012-colorado-president-romney-vs-obama,15754,Denver Post/SurveyUSA,2012-10-09,2012-10-10,Likely Voters,614,IVR/Online,Nonpartisan,None,2012,colorado,Undecided,5
2012-colorado-president-romney-vs-obama,15680,Quinnipiac/NYT/CBS,2012-10-04,2012-10-09,Likely Voters,1254,Live Phone,Nonpartisan,None,2012,colorado,Obama,47
2012-colorado-president-romney-vs-obama,15680,Quinnipiac/NYT/CBS,2012-10-04,2012-10-09,Likely Voters,1254,Live Phone,Nonpartisan,None,2012,colorado,Romney,48
2012-colorado-president-romney-vs-obama,15680,Quinnipiac/NYT/CBS,2012-10-04,2012-10-09,Likely Voters,1254,Live Phone,Nonpartisan,None,2012,colorado,Other,2
2012-colorado-president-romney-vs-obama,15680,Quinnipiac/NYT/CBS,2012-10-04,2012-10-09,Likely Voters,1254,Live Phone,Nonpartisan,None,2012,colorado,Undecided,2
2012-colorado-president-romney-vs-obama,15628,ARG,2012-10-05,2012-10-08,Likely Voters,600,Live Phone,Nonpartisan,None,2012,colorado,Obama,46
2012-colorado-president-romney-vs-obama,15628,ARG,2012-10-05,2012-10-08,Likely Voters,600,Live Phone,Nonpartisan,None,2012,colorado,Romney,50
2012-colorado-president-romney-vs-obama,15628,ARG,2012-10-05,2012-10-08,Likely Voters,600,Live Phone,Nonpartisan,None,2012,colorado,Other,1
2012-colorado-president-romney-vs-obama,15628,ARG,2012-10-05,2012-10-08,Likely Voters,600,Live Phone,Nonpartisan,None,2012,colorado,Undecided,3
2012-colorado-president-romney-vs-obama,15583,Rasmussen,2012-10-07,2012-10-07,Likely Voters,500,Automated Phone,Nonpartisan,None,2012,colorado,Obama,49
2012-colorado-president-romney-vs-obama,15583,Rasmussen,2012-10-07,2012-10-07,Likely Voters,500,Automated Phone,Nonpartisan,None,2012,colorado,Romney,48
2012-colorado-president-romney-vs-obama,15583,Rasmussen,2012-10-07,2012-10-07,Likely Voters,500,Automated Phone,Nonpartisan,None,2012,colorado,Other,1
2012-colorado-president-romney-vs-obama,15583,Rasmussen,2012-10-07,2012-10-07,Likely Voters,500,Automated Phone,Nonpartisan,None,2012,colorado,Undecided,2
2012-colorado-president-romney-vs-obama,15567,Selzer/University of Denver,2012-10-04,2012-10-05,Likely Voters,604,Live Phone,Nonpartisan,None,2012,colorado,Obama,47
2012-colorado-president-romney-vs-obama,15567,Selzer/University of Denver,2012-10-04,2012-10-05,Likely Voters,604,Live Phone,Nonpartisan,None,2012,colorado,Romney,43
2012-colorado-president-romney-vs-obama,15567,Selzer/University of Denver,2012-10-04,2012-10-05,Likely Voters,604,Live Phone,Nonpartisan,None,2012,colorado,Other,4
2012-colorado-president-romney-vs-obama,15567,Selzer/University of Denver,2012-10-04,2012-10-05,Likely Voters,604,Live Phone,Nonpartisan,None,2012,colorado,Undecided,5
2012-colorado-president-romney-vs-obama,15569,Gravis Marketing,2012-10-03,2012-10-04,Likely Voters,1285,Automated Phone,Nonpartisan,None,2012,colorado,Obama,46
2012-colorado-president-romney-vs-obama,15569,Gravis Marketing,2012-10-03,2012-10-04,Likely Voters,1285,Automated Phone,Nonpartisan,None,2012,colorado,Romney,49
2012-colorado-president-romney-vs-obama,15569,Gravis Marketing,2012-10-03,2012-10-04,Likely Voters,1285,Automated Phone,Nonpartisan,None,2012,colorado,Other,NA
2012-colorado-president-romney-vs-obama,15569,Gravis Marketing,2012-10-03,2012-10-04,Likely Voters,1285,Automated Phone,Nonpartisan,None,2012,colorado,Undecided,5
2012-colorado-president-romney-vs-obama,15545,McLaughlin (R-American Conservative Union),2012-09-30,2012-10-02,Likely Voters,300,Live Phone,Sponsor,Rep,2012,colorado,Obama,46
2012-colorado-president-romney-vs-obama,15545,McLaughlin (R-American Conservative Union),2012-09-30,2012-10-02,Likely Voters,300,Live Phone,Sponsor,Rep,2012,colorado,Romney,50
2012-colorado-president-romney-vs-obama,15545,McLaughlin (R-American Conservative Union),2012-09-30,2012-10-02,Likely Voters,300,Live Phone,Sponsor,Rep,2012,colorado,Other,NA
2012-colorado-president-romney-vs-obama,15545,McLaughlin (R-American Conservative Union),2012-09-30,2012-10-02,Likely Voters,300,Live Phone,Sponsor,Rep,2012,colorado,Undecided,4
2012-colorado-president-romney-vs-obama,15444,We Ask America,2012-09-25,2012-09-27,Likely Voters,1273,Automated Phone,Nonpartisan,None,2012,colorado,Obama,49
2012-colorado-president-romney-vs-obama,15444,We Ask America,2012-09-25,2012-09-27,Likely Voters,1273,Automated Phone,Nonpartisan,None,2012,colorado,Romney,46
2012-colorado-president-romney-vs-obama,15444,We Ask America,2012-09-25,2012-09-27,Likely Voters,1273,Automated Phone,Nonpartisan,None,2012,colorado,Other,1
2012-colorado-president-romney-vs-obama,15444,We Ask America,2012-09-25,2012-09-27,Likely Voters,1273,Automated Phone,Nonpartisan,None,2012,colorado,Undecided,4
2012-colorado-president-romney-vs-obama,15254,PPP (D),2012-09-20,2012-09-23,Likely Voters,940,Automated Phone,Pollster,Dem,2012,colorado,Obama,51
2012-colorado-president-romney-vs-obama,15254,PPP (D),2012-09-20,2012-09-23,Likely Voters,940,Automated Phone,Pollster,Dem,2012,colorado,Romney,45
2012-colorado-president-romney-vs-obama,15254,PPP (D),2012-09-20,2012-09-23,Likely Voters,940,Automated Phone,Pollster,Dem,2012,colorado,Other,NA
2012-colorado-president-romney-vs-obama,15254,PPP (D),2012-09-20,2012-09-23,Likely Voters,940,Automated Phone,Pollster,Dem,2012,colorado,Undecided,4
2012-colorado-president-romney-vs-obama,15345,Gravis Marketing,2012-09-21,2012-09-22,Likely Voters,765,Automated Phone,Nonpartisan,None,2012,colorado,Obama,50
2012-colorado-president-romney-vs-obama,15345,Gravis Marketing,2012-09-21,2012-09-22,Likely Voters,765,Automated Phone,Nonpartisan,None,2012,colorado,Romney,46
2012-colorado-president-romney-vs-obama,15345,Gravis Marketing,2012-09-21,2012-09-22,Likely Voters,765,Automated Phone,Nonpartisan,None,2012,colorado,Other,NA
2012-colorado-president-romney-vs-obama,15345,Gravis Marketing,2012-09-21,2012-09-22,Likely Voters,765,Automated Phone,Nonpartisan,None,2012,colorado,Undecided,4
2012-colorado-president-romney-vs-obama,15197,Purple Strategies,2012-09-15,2012-09-19,Likely Voters,600,IVR/Online,Nonpartisan,None,2012,colorado,Obama,48
2012-colorado-president-romney-vs-obama,15197,Purple Strategies,2012-09-15,2012-09-19,Likely Voters,600,IVR/Online,Nonpartisan,None,2012,colorado,Romney,45
2012-colorado-president-romney-vs-obama,15197,Purple Strategies,2012-09-15,2012-09-19,Likely Voters,600,IVR/Online,Nonpartisan,None,2012,colorado,Other,NA
2012-colorado-president-romney-vs-obama,15197,Purple Strategies,2012-09-15,2012-09-19,Likely Voters,600,IVR/Online,Nonpartisan,None,2012,colorado,Undecided,7
2012-colorado-president-romney-vs-obama,15196,NBC/WSJ/Marist,2012-09-16,2012-09-18,Likely Voters,971,Live Phone,Nonpartisan,None,2012,colorado,Obama,50
2012-colorado-president-romney-vs-obama,15196,NBC/WSJ/Marist,2012-09-16,2012-09-18,Likely Voters,971,Live Phone,Nonpartisan,None,2012,colorado,Romney,45
2012-colorado-president-romney-vs-obama,15196,NBC/WSJ/Marist,2012-09-16,2012-09-18,Likely Voters,971,Live Phone,Nonpartisan,None,2012,colorado,Other,1
2012-colorado-president-romney-vs-obama,15196,NBC/WSJ/Marist,2012-09-16,2012-09-18,Likely Voters,971,Live Phone,Nonpartisan,None,2012,colorado,Undecided,4
2012-colorado-president-romney-vs-obama,15104,Rasmussen,2012-09-17,2012-09-17,Likely Voters,500,Automated Phone,Nonpartisan,None,2012,colorado,Obama,45
2012-colorado-president-romney-vs-obama,15104,Rasmussen,2012-09-17,2012-09-17,Likely Voters,500,Automated Phone,Nonpartisan,None,2012,colorado,Romney,47
2012-colorado-president-romney-vs-obama,15104,Rasmussen,2012-09-17,2012-09-17,Likely Voters,500,Automated Phone,Nonpartisan,None,2012,colorado,Other,2
2012-colorado-president-romney-vs-obama,15104,Rasmussen,2012-09-17,2012-09-17,Likely Voters,500,Automated Phone,Nonpartisan,None,2012,colorado,Undecided,6
2012-colorado-president-romney-vs-obama,15120,Quinnipiac/NYT/CBS,2012-09-11,2012-09-17,Likely Voters,1497,Live Phone,Nonpartisan,None,2012,colorado,Obama,48
2012-colorado-president-romney-vs-obama,15120,Quinnipiac/NYT/CBS,2012-09-11,2012-09-17,Likely Voters,1497,Live Phone,Nonpartisan,None,2012,colorado,Romney,47
2012-colorado-president-romney-vs-obama,15120,Quinnipiac/NYT/CBS,2012-09-11,2012-09-17,Likely Voters,1497,Live Phone,Nonpartisan,None,2012,colorado,Other,2
2012-colorado-president-romney-vs-obama,15120,Quinnipiac/NYT/CBS,2012-09-11,2012-09-17,Likely Voters,1497,Live Phone,Nonpartisan,None,2012,colorado,Undecided,3
2012-colorado-president-romney-vs-obama,15151,YouGov,2012-09-07,2012-09-14,Likely Voters,707,Internet,Nonpartisan,None,2012,colorado,Obama,50
2012-colorado-president-romney-vs-obama,15151,YouGov,2012-09-07,2012-09-14,Likely Voters,707,Internet,Nonpartisan,None,2012,colorado,Romney,45
2012-colorado-president-romney-vs-obama,15151,YouGov,2012-09-07,2012-09-14,Likely Voters,707,Internet,Nonpartisan,None,2012,colorado,Other,3
2012-colorado-president-romney-vs-obama,15151,YouGov,2012-09-07,2012-09-14,Likely Voters,707,Internet,Nonpartisan,None,2012,colorado,Undecided,2
2012-colorado-president-romney-vs-obama,15010,ARG,2012-09-10,2012-09-12,Likely Voters,600,Live Phone,Nonpartisan,None,2012,colorado,Obama,49
2012-colorado-president-romney-vs-obama,15010,ARG,2012-09-10,2012-09-12,Likely Voters,600,Live Phone,Nonpartisan,None,2012,colorado,Romney,47
2012-colorado-president-romney-vs-obama,15010,ARG,2012-09-10,2012-09-12,Likely Voters,600,Live Phone,Nonpartisan,None,2012,colorado,Other,1
2012-colorado-president-romney-vs-obama,15010,ARG,2012-09-10,2012-09-12,Likely Voters,600,Live Phone,Nonpartisan,None,2012,colorado,Undecided,3
2012-colorado-president-romney-vs-obama,15050,Denver Post/SurveyUSA,2012-09-09,2012-09-12,Likely Voters,615,IVR/Online,Nonpartisan,None,2012,colorado,Obama,45
2012-colorado-president-romney-vs-obama,15050,Denver Post/SurveyUSA,2012-09-09,2012-09-12,Likely Voters,615,IVR/Online,Nonpartisan,None,2012,colorado,Romney,44
2012-colorado-president-romney-vs-obama,15050,Denver Post/SurveyUSA,2012-09-09,2012-09-12,Likely Voters,615,IVR/Online,Nonpartisan,None,2012,colorado,Other,4
2012-colorado-president-romney-vs-obama,15050,Denver Post/SurveyUSA,2012-09-09,2012-09-12,Likely Voters,615,IVR/Online,Nonpartisan,None,2012,colorado,Undecided,7
2012-colorado-president-romney-vs-obama,15011,OnSight/Project New America/Keating (D),2012-09-10,2012-09-11,Likely Voters,503,Live Phone,Sponsor,Dem,2012,colorado,Obama,49
2012-colorado-president-romney-vs-obama,15011,OnSight/Project New America/Keating (D),2012-09-10,2012-09-11,Likely Voters,503,Live Phone,Sponsor,Dem,2012,colorado,Romney,44
2012-colorado-president-romney-vs-obama,15011,OnSight/Project New America/Keating (D),2012-09-10,2012-09-11,Likely Voters,503,Live Phone,Sponsor,Dem,2012,colorado,Other,NA
2012-colorado-president-romney-vs-obama,15011,OnSight/Project New America/Keating (D),2012-09-10,2012-09-11,Likely Voters,503,Live Phone,Sponsor,Dem,2012,colorado,Undecided,NA
2012-colorado-president-romney-vs-obama,14870,PPP (D),2012-08-31,2012-09-02,Likely Voters,1001,Automated Phone,Pollster,Dem,2012,colorado,Obama,49
2012-colorado-president-romney-vs-obama,14870,PPP (D),2012-08-31,2012-09-02,Likely Voters,1001,Automated Phone,Pollster,Dem,2012,colorado,Romney,46
2012-colorado-president-romney-vs-obama,14870,PPP (D),2012-08-31,2012-09-02,Likely Voters,1001,Automated Phone,Pollster,Dem,2012,colorado,Other,NA
2012-colorado-president-romney-vs-obama,14870,PPP (D),2012-08-31,2012-09-02,Likely Voters,1001,Automated Phone,Pollster,Dem,2012,colorado,Undecided,5
2012-colorado-president-romney-vs-obama,14767,OnSight/Keating (D),2012-08-21,2012-08-22,Likely Voters,500,Live Phone,Sponsor,Dem,2012,colorado,Obama,48
2012-colorado-president-romney-vs-obama,14767,OnSight/Keating (D),2012-08-21,2012-08-22,Likely Voters,500,Live Phone,Sponsor,Dem,2012,colorado,Romney,44
2012-colorado-president-romney-vs-obama,14767,OnSight/Keating (D),2012-08-21,2012-08-22,Likely Voters,500,Live Phone,Sponsor,Dem,2012,colorado,Other,2
2012-colorado-president-romney-vs-obama,14767,OnSight/Keating (D),2012-08-21,2012-08-22,Likely Voters,500,Live Phone,Sponsor,Dem,2012,colorado,Undecided,5
2012-colorado-president-romney-vs-obama,14665,Purple Strategies,2012-08-13,2012-08-14,Likely Voters,600,Automated Phone,Nonpartisan,None,2012,colorado,Obama,49
2012-colorado-president-romney-vs-obama,14665,Purple Strategies,2012-08-13,2012-08-14,Likely Voters,600,Automated Phone,Nonpartisan,None,2012,colorado,Romney,46
2012-colorado-president-romney-vs-obama,14665,Purple Strategies,2012-08-13,2012-08-14,Likely Voters,600,Automated Phone,Nonpartisan,None,2012,colorado,Other,NA
2012-colorado-president-romney-vs-obama,14665,Purple Strategies,2012-08-13,2012-08-14,Likely Voters,600,Automated Phone,Nonpartisan,None,2012,colorado,Undecided,5
2012-colorado-president-romney-vs-obama,14784,Gravis Marketing,2012-08-09,2012-08-09,Likely Voters,607,Automated Phone,Nonpartisan,None,2012,colorado,Obama,45
2012-colorado-president-romney-vs-obama,14784,Gravis Marketing,2012-08-09,2012-08-09,Likely Voters,607,Automated Phone,Nonpartisan,None,2012,colorado,Romney,46
2012-colorado-president-romney-vs-obama,14784,Gravis Marketing,2012-08-09,2012-08-09,Likely Voters,607,Automated Phone,Nonpartisan,None,2012,colorado,Other,NA
2012-colorado-president-romney-vs-obama,14784,Gravis Marketing,2012-08-09,2012-08-09,Likely Voters,607,Automated Phone,Nonpartisan,None,2012,colorado,Undecided,NA
2012-colorado-president-romney-vs-obama,14579,Rasmussen,2012-08-06,2012-08-06,Likely Voters,500,Automated Phone,Nonpartisan,None,2012,colorado,Obama,47
2012-colorado-president-romney-vs-obama,14579,Rasmussen,2012-08-06,2012-08-06,Likely Voters,500,Automated Phone,Nonpartisan,None,2012,colorado,Romney,47
2012-colorado-president-romney-vs-obama,14579,Rasmussen,2012-08-06,2012-08-06,Likely Voters,500,Automated Phone,Nonpartisan,None,2012,colorado,Other,3
2012-colorado-president-romney-vs-obama,14579,Rasmussen,2012-08-06,2012-08-06,Likely Voters,500,Automated Phone,Nonpartisan,None,2012,colorado,Undecided,2
2012-colorado-president-romney-vs-obama,14584,Quinnipiac/NYT/CBS,2012-07-31,2012-08-06,Likely Voters,1463,Live Phone,Nonpartisan,None,2012,colorado,Obama,45
2012-colorado-president-romney-vs-obama,14584,Quinnipiac/NYT/CBS,2012-07-31,2012-08-06,Likely Voters,1463,Live Phone,Nonpartisan,None,2012,colorado,Romney,50
2012-colorado-president-romney-vs-obama,14584,Quinnipiac/NYT/CBS,2012-07-31,2012-08-06,Likely Voters,1463,Live Phone,Nonpartisan,None,2012,colorado,Other,1
2012-colorado-president-romney-vs-obama,14584,Quinnipiac/NYT/CBS,2012-07-31,2012-08-06,Likely Voters,1463,Live Phone,Nonpartisan,None,2012,colorado,Undecided,4
2012-colorado-president-romney-vs-obama,14583,PPP (D),2012-08-02,2012-08-05,Likely Voters,799,Automated Phone,Pollster,Dem,2012,colorado,Obama,49
2012-colorado-president-romney-vs-obama,14583,PPP (D),2012-08-02,2012-08-05,Likely Voters,799,Automated Phone,Pollster,Dem,2012,colorado,Romney,43
2012-colorado-president-romney-vs-obama,14583,PPP (D),2012-08-02,2012-08-05,Likely Voters,799,Automated Phone,Pollster,Dem,2012,colorado,Other,NA
2012-colorado-president-romney-vs-obama,14583,PPP (D),2012-08-02,2012-08-05,Likely Voters,799,Automated Phone,Pollster,Dem,2012,colorado,Undecided,7
2012-colorado-president-romney-vs-obama,14355,Purple Strategies,2012-07-09,2012-07-13,Likely Voters,600,Automated Phone,Nonpartisan,None,2012,colorado,Obama,45
2012-colorado-president-romney-vs-obama,14355,Purple Strategies,2012-07-09,2012-07-13,Likely Voters,600,Automated Phone,Nonpartisan,None,2012,colorado,Romney,44
2012-colorado-president-romney-vs-obama,14355,Purple Strategies,2012-07-09,2012-07-13,Likely Voters,600,Automated Phone,Nonpartisan,None,2012,colorado,Other,NA
2012-colorado-president-romney-vs-obama,14355,Purple Strategies,2012-07-09,2012-07-13,Likely Voters,600,Automated Phone,Nonpartisan,None,2012,colorado,Undecided,11
2012-colorado-president-romney-vs-obama,14320,Garin-Hart-Yang (D-Priorities USA),2012-06-25,2012-07-03,Likely Voters,600,Live Phone,Sponsor,Dem,2012,colorado,Obama,49
2012-colorado-president-romney-vs-obama,14320,Garin-Hart-Yang (D-Priorities USA),2012-06-25,2012-07-03,Likely Voters,600,Live Phone,Sponsor,Dem,2012,colorado,Romney,42
2012-colorado-president-romney-vs-obama,14320,Garin-Hart-Yang (D-Priorities USA),2012-06-25,2012-07-03,Likely Voters,600,Live Phone,Sponsor,Dem,2012,colorado,Other,NA
2012-colorado-president-romney-vs-obama,14320,Garin-Hart-Yang (D-Priorities USA),2012-06-25,2012-07-03,Likely Voters,600,Live Phone,Sponsor,Dem,2012,colorado,Undecided,NA
2012-colorado-president-romney-vs-obama,14174,We Ask America,2012-06-25,2012-06-25,Likely Voters,1083,Automated Phone,Nonpartisan,None,2012,colorado,Obama,47
2012-colorado-president-romney-vs-obama,14174,We Ask America,2012-06-25,2012-06-25,Likely Voters,1083,Automated Phone,Nonpartisan,None,2012,colorado,Romney,43
2012-colorado-president-romney-vs-obama,14174,We Ask America,2012-06-25,2012-06-25,Likely Voters,1083,Automated Phone,Nonpartisan,None,2012,colorado,Other,NA
2012-colorado-president-romney-vs-obama,14174,We Ask America,2012-06-25,2012-06-25,Likely Voters,1083,Automated Phone,Nonpartisan,None,2012,colorado,Undecided,10
2012-colorado-president-romney-vs-obama,14119,PPP (D),2012-06-14,2012-06-17,Likely Voters,799,Automated Phone,Pollster,Dem,2012,colorado,Obama,49
2012-colorado-president-romney-vs-obama,14119,PPP (D),2012-06-14,2012-06-17,Likely Voters,799,Automated Phone,Pollster,Dem,2012,colorado,Romney,42
2012-colorado-president-romney-vs-obama,14119,PPP (D),2012-06-14,2012-06-17,Likely Voters,799,Automated Phone,Pollster,Dem,2012,colorado,Other,NA
2012-colorado-president-romney-vs-obama,14119,PPP (D),2012-06-14,2012-06-17,Likely Voters,799,Automated Phone,Pollster,Dem,2012,colorado,Undecided,8
2012-colorado-president-romney-vs-obama,14026,Rasmussen,2012-06-06,2012-06-06,Likely Voters,500,Automated Phone,Nonpartisan,None,2012,colorado,Obama,45
2012-colorado-president-romney-vs-obama,14026,Rasmussen,2012-06-06,2012-06-06,Likely Voters,500,Automated Phone,Nonpartisan,None,2012,colorado,Romney,45
2012-colorado-president-romney-vs-obama,14026,Rasmussen,2012-06-06,2012-06-06,Likely Voters,500,Automated Phone,Nonpartisan,None,2012,colorado,Other,6
2012-colorado-president-romney-vs-obama,14026,Rasmussen,2012-06-06,2012-06-06,Likely Voters,500,Automated Phone,Nonpartisan,None,2012,colorado,Undecided,5
2012-colorado-president-romney-vs-obama,14034,Purple Strategies,2012-05-31,2012-06-05,Likely Voters,600,Automated Phone,Nonpartisan,None,2012,colorado,Obama,48
2012-colorado-president-romney-vs-obama,14034,Purple Strategies,2012-05-31,2012-06-05,Likely Voters,600,Automated Phone,Nonpartisan,None,2012,colorado,Romney,46
2012-colorado-president-romney-vs-obama,14034,Purple Strategies,2012-05-31,2012-06-05,Likely Voters,600,Automated Phone,Nonpartisan,None,2012,colorado,Other,NA
2012-colorado-president-romney-vs-obama,14034,Purple Strategies,2012-05-31,2012-06-05,Likely Voters,600,Automated Phone,Nonpartisan,None,2012,colorado,Undecided,5
2012-colorado-president-romney-vs-obama,13960,NBC/Marist,2012-05-22,2012-05-24,Registered Voters,1030,Live Phone,Nonpartisan,None,2012,colorado,Obama,46
2012-colorado-president-romney-vs-obama,13960,NBC/Marist,2012-05-22,2012-05-24,Registered Voters,1030,Live Phone,Nonpartisan,None,2012,colorado,Romney,45
2012-colorado-president-romney-vs-obama,13960,NBC/Marist,2012-05-22,2012-05-24,Registered Voters,1030,Live Phone,Nonpartisan,None,2012,colorado,Other,1
2012-colorado-president-romney-vs-obama,13960,NBC/Marist,2012-05-22,2012-05-24,Registered Voters,1030,Live Phone,Nonpartisan,None,2012,colorado,Undecided,8
2012-colorado-president-romney-vs-obama,13928,Project New America,2012-05-21,2012-05-24,Likely Voters,601,Automated Phone,Pollster,Dem,2012,colorado,Obama,48
2012-colorado-president-romney-vs-obama,13928,Project New America,2012-05-21,2012-05-24,Likely Voters,601,Automated Phone,Pollster,Dem,2012,colorado,Romney,44
2012-colorado-president-romney-vs-obama,13928,Project New America,2012-05-21,2012-05-24,Likely Voters,601,Automated Phone,Pollster,Dem,2012,colorado,Other,NA
2012-colorado-president-romney-vs-obama,13928,Project New America,2012-05-21,2012-05-24,Likely Voters,601,Automated Phone,Pollster,Dem,2012,colorado,Undecided,NA
2012-colorado-president-romney-vs-obama,13616,Purple Strategies,2012-04-19,2012-04-23,Likely Voters,600,Automated Phone,Nonpartisan,None,2012,colorado,Obama,47
2012-colorado-president-romney-vs-obama,13616,Purple Strategies,2012-04-19,2012-04-23,Likely Voters,600,Automated Phone,Nonpartisan,None,2012,colorado,Romney,47
2012-colorado-president-romney-vs-obama,13616,Purple Strategies,2012-04-19,2012-04-23,Likely Voters,600,Automated Phone,Nonpartisan,None,2012,colorado,Other,NA
2012-colorado-president-romney-vs-obama,13616,Purple Strategies,2012-04-19,2012-04-23,Likely Voters,600,Automated Phone,Nonpartisan,None,2012,colorado,Undecided,6
2012-colorado-president-romney-vs-obama,13490,PPP (D),2012-04-05,2012-04-07,Registered Voters,542,Automated Phone,Pollster,Dem,2012,colorado,Obama,53
2012-colorado-president-romney-vs-obama,13490,PPP (D),2012-04-05,2012-04-07,Registered Voters,542,Automated Phone,Pollster,Dem,2012,colorado,Romney,40
2012-colorado-president-romney-vs-obama,13490,PPP (D),2012-04-05,2012-04-07,Registered Voters,542,Automated Phone,Pollster,Dem,2012,colorado,Other,NA
2012-colorado-president-romney-vs-obama,13490,PPP (D),2012-04-05,2012-04-07,Registered Voters,542,Automated Phone,Pollster,Dem,2012,colorado,Undecided,7
2012-arizona-president-romney-vs-obama,16560,PPP (D),2012-11-02,2012-11-03,Likely Voters,1080,Automated Phone,Pollster,Dem,2012,arizona,Obama,46
2012-arizona-president-romney-vs-obama,16560,PPP (D),2012-11-02,2012-11-03,Likely Voters,1080,Automated Phone,Pollster,Dem,2012,arizona,Romney,53
2012-arizona-president-romney-vs-obama,16560,PPP (D),2012-11-02,2012-11-03,Likely Voters,1080,Automated Phone,Pollster,Dem,2012,arizona,Other,NA
2012-arizona-president-romney-vs-obama,16560,PPP (D),2012-11-02,2012-11-03,Likely Voters,1080,Automated Phone,Pollster,Dem,2012,arizona,Undecided,1
2012-arizona-president-romney-vs-obama,16586,YouGov,2012-10-31,2012-11-03,Likely Voters,702,Internet,Nonpartisan,None,2012,arizona,Obama,44
2012-arizona-president-romney-vs-obama,16586,YouGov,2012-10-31,2012-11-03,Likely Voters,702,Internet,Nonpartisan,None,2012,arizona,Romney,52
2012-arizona-president-romney-vs-obama,16586,YouGov,2012-10-31,2012-11-03,Likely Voters,702,Internet,Nonpartisan,None,2012,arizona,Other,2
2012-arizona-president-romney-vs-obama,16586,YouGov,2012-10-31,2012-11-03,Likely Voters,702,Internet,Nonpartisan,None,2012,arizona,Undecided,3
2012-arizona-president-romney-vs-obama,16184,Rasmussen/CBS 5,2012-10-21,2012-10-21,Likely Voters,500,Automated Phone,Nonpartisan,None,2012,arizona,Obama,44
2012-arizona-president-romney-vs-obama,16184,Rasmussen/CBS 5,2012-10-21,2012-10-21,Likely Voters,500,Automated Phone,Nonpartisan,None,2012,arizona,Romney,52
2012-arizona-president-romney-vs-obama,16184,Rasmussen/CBS 5,2012-10-21,2012-10-21,Likely Voters,500,Automated Phone,Nonpartisan,None,2012,arizona,Other,2
2012-arizona-president-romney-vs-obama,16184,Rasmussen/CBS 5,2012-10-21,2012-10-21,Likely Voters,500,Automated Phone,Nonpartisan,None,2012,arizona,Undecided,2
2012-arizona-president-romney-vs-obama,15861,YouGov,2012-10-04,2012-10-11,Likely Voters,469,Internet,Nonpartisan,None,2012,arizona,Obama,43
2012-arizona-president-romney-vs-obama,15861,YouGov,2012-10-04,2012-10-11,Likely Voters,469,Internet,Nonpartisan,None,2012,arizona,Romney,52
2012-arizona-president-romney-vs-obama,15861,YouGov,2012-10-04,2012-10-11,Likely Voters,469,Internet,Nonpartisan,None,2012,arizona,Other,2
2012-arizona-president-romney-vs-obama,15861,YouGov,2012-10-04,2012-10-11,Likely Voters,469,Internet,Nonpartisan,None,2012,arizona,Undecided,3
2012-arizona-president-romney-vs-obama,15765,Behavior Research Center,2012-10-04,2012-10-10,Registered Voters,523,Live Phone,Nonpartisan,None,2012,arizona,Obama,42
2012-arizona-president-romney-vs-obama,15765,Behavior Research Center,2012-10-04,2012-10-10,Registered Voters,523,Live Phone,Nonpartisan,None,2012,arizona,Romney,40
2012-arizona-president-romney-vs-obama,15765,Behavior Research Center,2012-10-04,2012-10-10,Registered Voters,523,Live Phone,Nonpartisan,None,2012,arizona,Other,5
2012-arizona-president-romney-vs-obama,15765,Behavior Research Center,2012-10-04,2012-10-10,Registered Voters,523,Live Phone,Nonpartisan,None,2012,arizona,Undecided,13
2012-arizona-president-romney-vs-obama,15503,PPP (D),2012-10-01,2012-10-03,Likely Voters,595,Automated Phone,Pollster,Dem,2012,arizona,Obama,44
2012-arizona-president-romney-vs-obama,15503,PPP (D),2012-10-01,2012-10-03,Likely Voters,595,Automated Phone,Pollster,Dem,2012,arizona,Romney,53
2012-arizona-president-romney-vs-obama,15503,PPP (D),2012-10-01,2012-10-03,Likely Voters,595,Automated Phone,Pollster,Dem,2012,arizona,Other,NA
2012-arizona-president-romney-vs-obama,15503,PPP (D),2012-10-01,2012-10-03,Likely Voters,595,Automated Phone,Pollster,Dem,2012,arizona,Undecided,3
2012-arizona-president-romney-vs-obama,15409,Moore Information (R-HighGround),2012-09-25,2012-09-26,Likely Voters,500,Live Phone,Sponsor,Rep,2012,arizona,Obama,42
2012-arizona-president-romney-vs-obama,15409,Moore Information (R-HighGround),2012-09-25,2012-09-26,Likely Voters,500,Live Phone,Sponsor,Rep,2012,arizona,Romney,46
2012-arizona-president-romney-vs-obama,15409,Moore Information (R-HighGround),2012-09-25,2012-09-26,Likely Voters,500,Live Phone,Sponsor,Rep,2012,arizona,Other,4
2012-arizona-president-romney-vs-obama,15409,Moore Information (R-HighGround),2012-09-25,2012-09-26,Likely Voters,500,Live Phone,Sponsor,Rep,2012,arizona,Undecided,9
2012-arizona-president-romney-vs-obama,15328,Rasmussen,2012-09-25,2012-09-25,Likely Voters,500,Automated Phone,Nonpartisan,None,2012,arizona,Obama,42
2012-arizona-president-romney-vs-obama,15328,Rasmussen,2012-09-25,2012-09-25,Likely Voters,500,Automated Phone,Nonpartisan,None,2012,arizona,Romney,52
2012-arizona-president-romney-vs-obama,15328,Rasmussen,2012-09-25,2012-09-25,Likely Voters,500,Automated Phone,Nonpartisan,None,2012,arizona,Other,4
2012-arizona-president-romney-vs-obama,15328,Rasmussen,2012-09-25,2012-09-25,Likely Voters,500,Automated Phone,Nonpartisan,None,2012,arizona,Undecided,2
2012-arizona-president-romney-vs-obama,15204,Purple Strategies,2012-09-15,2012-09-19,Likely Voters,600,IVR/Online,Nonpartisan,None,2012,arizona,Obama,45
2012-arizona-president-romney-vs-obama,15204,Purple Strategies,2012-09-15,2012-09-19,Likely Voters,600,IVR/Online,Nonpartisan,None,2012,arizona,Romney,48
2012-arizona-president-romney-vs-obama,15204,Purple Strategies,2012-09-15,2012-09-19,Likely Voters,600,IVR/Online,Nonpartisan,None,2012,arizona,Other,NA
2012-arizona-president-romney-vs-obama,15204,Purple Strategies,2012-09-15,2012-09-19,Likely Voters,600,IVR/Online,Nonpartisan,None,2012,arizona,Undecided,7
2012-arizona-president-romney-vs-obama,15230,YouGov,2012-09-07,2012-09-14,Likely Voters,628,Internet,Nonpartisan,None,2012,arizona,Obama,41
2012-arizona-president-romney-vs-obama,15230,YouGov,2012-09-07,2012-09-14,Likely Voters,628,Internet,Nonpartisan,None,2012,arizona,Romney,51
2012-arizona-president-romney-vs-obama,15230,YouGov,2012-09-07,2012-09-14,Likely Voters,628,Internet,Nonpartisan,None,2012,arizona,Other,4
2012-arizona-president-romney-vs-obama,15230,YouGov,2012-09-07,2012-09-14,Likely Voters,628,Internet,Nonpartisan,None,2012,arizona,Undecided,4
2012-arizona-president-romney-vs-obama,14970,PPP (D-League of Conservation Voters),2012-09-07,2012-09-09,Likely Voters,993,Automated Phone,Sponsor,Dem,2012,arizona,Obama,44
2012-arizona-president-romney-vs-obama,14970,PPP (D-League of Conservation Voters),2012-09-07,2012-09-09,Likely Voters,993,Automated Phone,Sponsor,Dem,2012,arizona,Romney,53
2012-arizona-president-romney-vs-obama,14970,PPP (D-League of Conservation Voters),2012-09-07,2012-09-09,Likely Voters,993,Automated Phone,Sponsor,Dem,2012,arizona,Other,NA
2012-arizona-president-romney-vs-obama,14970,PPP (D-League of Conservation Voters),2012-09-07,2012-09-09,Likely Voters,993,Automated Phone,Sponsor,Dem,2012,arizona,Undecided,4
2012-arizona-president-romney-vs-obama,14523,PPP (D-League of Conservation Voters),2012-07-23,2012-07-25,Likely Voters,833,Automated Phone,Sponsor,Dem,2012,arizona,Obama,41
2012-arizona-president-romney-vs-obama,14523,PPP (D-League of Conservation Voters),2012-07-23,2012-07-25,Likely Voters,833,Automated Phone,Sponsor,Dem,2012,arizona,Romney,52
2012-arizona-president-romney-vs-obama,14523,PPP (D-League of Conservation Voters),2012-07-23,2012-07-25,Likely Voters,833,Automated Phone,Sponsor,Dem,2012,arizona,Other,NA
2012-arizona-president-romney-vs-obama,14523,PPP (D-League of Conservation Voters),2012-07-23,2012-07-25,Likely Voters,833,Automated Phone,Sponsor,Dem,2012,arizona,Undecided,7
2012-arizona-president-romney-vs-obama,14196,Rasmussen,2012-06-26,2012-06-26,Likely Voters,500,Automated Phone,Nonpartisan,None,2012,arizona,Obama,41
2012-arizona-president-romney-vs-obama,14196,Rasmussen,2012-06-26,2012-06-26,Likely Voters,500,Automated Phone,Nonpartisan,None,2012,arizona,Romney,54
2012-arizona-president-romney-vs-obama,14196,Rasmussen,2012-06-26,2012-06-26,Likely Voters,500,Automated Phone,Nonpartisan,None,2012,arizona,Other,3
2012-arizona-president-romney-vs-obama,14196,Rasmussen,2012-06-26,2012-06-26,Likely Voters,500,Automated Phone,Nonpartisan,None,2012,arizona,Undecided,2
2012-arizona-president-romney-vs-obama,14127,PPP (D),2012-06-04,2012-06-05,Likely Voters,791,Automated Phone,Pollster,Dem,2012,arizona,Obama,46
2012-arizona-president-romney-vs-obama,14127,PPP (D),2012-06-04,2012-06-05,Likely Voters,791,Automated Phone,Pollster,Dem,2012,arizona,Romney,49
2012-arizona-president-romney-vs-obama,14127,PPP (D),2012-06-04,2012-06-05,Likely Voters,791,Automated Phone,Pollster,Dem,2012,arizona,Other,NA
2012-arizona-president-romney-vs-obama,14127,PPP (D),2012-06-04,2012-06-05,Likely Voters,791,Automated Phone,Pollster,Dem,2012,arizona,Undecided,5
2012-arizona-president-romney-vs-obama,13883,PPP (D),2012-05-17,2012-05-20,Registered Voters,500,Automated Phone,Pollster,Dem,2012,arizona,Obama,43
2012-arizona-president-romney-vs-obama,13883,PPP (D),2012-05-17,2012-05-20,Registered Voters,500,Automated Phone,Pollster,Dem,2012,arizona,Romney,50
2012-arizona-president-romney-vs-obama,13883,PPP (D),2012-05-17,2012-05-20,Registered Voters,500,Automated Phone,Pollster,Dem,2012,arizona,Other,NA
2012-arizona-president-romney-vs-obama,13883,PPP (D),2012-05-17,2012-05-20,Registered Voters,500,Automated Phone,Pollster,Dem,2012,arizona,Undecided,8
2012-arizona-president-romney-vs-obama,13685,Magellan (R),2012-04-30,2012-05-02,Likely Voters,909,Automated Phone,Pollster,Rep,2012,arizona,Obama,43
2012-arizona-president-romney-vs-obama,13685,Magellan (R),2012-04-30,2012-05-02,Likely Voters,909,Automated Phone,Pollster,Rep,2012,arizona,Romney,52
2012-arizona-president-romney-vs-obama,13685,Magellan (R),2012-04-30,2012-05-02,Likely Voters,909,Automated Phone,Pollster,Rep,2012,arizona,Other,NA
2012-arizona-president-romney-vs-obama,13685,Magellan (R),2012-04-30,2012-05-02,Likely Voters,909,Automated Phone,Pollster,Rep,2012,arizona,Undecided,5
2012-arizona-president-romney-vs-obama,13605,ASU - Merrill/Morrison Institute,2012-04-10,2012-04-20,Registered Voters,488,Live Phone,Nonpartisan,None,2012,arizona,Obama,40
2012-arizona-president-romney-vs-obama,13605,ASU - Merrill/Morrison Institute,2012-04-10,2012-04-20,Registered Voters,488,Live Phone,Nonpartisan,None,2012,arizona,Romney,42
2012-arizona-president-romney-vs-obama,13605,ASU - Merrill/Morrison Institute,2012-04-10,2012-04-20,Registered Voters,488,Live Phone,Nonpartisan,None,2012,arizona,Other,NA
2012-arizona-president-romney-vs-obama,13605,ASU - Merrill/Morrison Institute,2012-04-10,2012-04-20,Registered Voters,488,Live Phone,Nonpartisan,None,2012,arizona,Undecided,18
2012-arizona-president-romney-vs-obama,13613,Behavior Research Center,2012-04-09,2012-04-17,Registered Voters,511,Live Phone,Nonpartisan,None,2012,arizona,Obama,42
2012-arizona-president-romney-vs-obama,13613,Behavior Research Center,2012-04-09,2012-04-17,Registered Voters,511,Live Phone,Nonpartisan,None,2012,arizona,Romney,40
2012-arizona-president-romney-vs-obama,13613,Behavior Research Center,2012-04-09,2012-04-17,Registered Voters,511,Live Phone,Nonpartisan,None,2012,arizona,Other,NA
2012-arizona-president-romney-vs-obama,13613,Behavior Research Center,2012-04-09,2012-04-17,Registered Voters,511,Live Phone,Nonpartisan,None,2012,arizona,Undecided,18
2012-arizona-president-romney-vs-obama,13221,Rasmussen,2012-03-13,2012-03-13,Likely Voters,500,Automated Phone,Nonpartisan,None,2012,arizona,Obama,40
2012-arizona-president-romney-vs-obama,13221,Rasmussen,2012-03-13,2012-03-13,Likely Voters,500,Automated Phone,Nonpartisan,None,2012,arizona,Romney,51
2012-arizona-president-romney-vs-obama,13221,Rasmussen,2012-03-13,2012-03-13,Likely Voters,500,Automated Phone,Nonpartisan,None,2012,arizona,Other,7
2012-arizona-president-romney-vs-obama,13221,Rasmussen,2012-03-13,2012-03-13,Likely Voters,500,Automated Phone,Nonpartisan,None,2012,arizona,Undecided,2
2012-arizona-president-romney-vs-obama,12990,NBC/Marist,2012-02-19,2012-02-20,Registered Voters,1265,Live Phone,Nonpartisan,None,2012,arizona,Obama,40
2012-arizona-president-romney-vs-obama,12990,NBC/Marist,2012-02-19,2012-02-20,Registered Voters,1265,Live Phone,Nonpartisan,None,2012,arizona,Romney,45
2012-arizona-president-romney-vs-obama,12990,NBC/Marist,2012-02-19,2012-02-20,Registered Voters,1265,Live Phone,Nonpartisan,None,2012,arizona,Other,NA
2012-arizona-president-romney-vs-obama,12990,NBC/Marist,2012-02-19,2012-02-20,Registered Voters,1265,Live Phone,Nonpartisan,None,2012,arizona,Undecided,15
2012-arizona-president-romney-vs-obama,12966,PPP (D),2012-02-17,2012-02-19,Registered Voters,743,Automated Phone,Pollster,Dem,2012,arizona,Obama,47
2012-arizona-president-romney-vs-obama,12966,PPP (D),2012-02-17,2012-02-19,Registered Voters,743,Automated Phone,Pollster,Dem,2012,arizona,Romney,47
2012-arizona-president-romney-vs-obama,12966,PPP (D),2012-02-17,2012-02-19,Registered Voters,743,Automated Phone,Pollster,Dem,2012,arizona,Other,NA
2012-arizona-president-romney-vs-obama,12966,PPP (D),2012-02-17,2012-02-19,Registered Voters,743,Automated Phone,Pollster,Dem,2012,arizona,Undecided,6
2012-arizona-president-romney-vs-obama,12520,Behavior Research Center,2012-01-05,2012-01-09,Registered Voters,553,Live Phone,Nonpartisan,None,2012,arizona,Obama,37
2012-arizona-president-romney-vs-obama,12520,Behavior Research Center,2012-01-05,2012-01-09,Registered Voters,553,Live Phone,Nonpartisan,None,2012,arizona,Romney,43
2012-arizona-president-romney-vs-obama,12520,Behavior Research Center,2012-01-05,2012-01-09,Registered Voters,553,Live Phone,Nonpartisan,None,2012,arizona,Other,NA
2012-arizona-president-romney-vs-obama,12520,Behavior Research Center,2012-01-05,2012-01-09,Registered Voters,553,Live Phone,Nonpartisan,None,2012,arizona,Undecided,20
